amount,transaction_type,transaction_time,sender_balance,receiver_balance,location,device_type,previous_transactions,new_device,unusual_location,Fraud
375.83,UPI,23,27828.28,17464.72,Different City,Desktop,57,0,0,0
997.79,Debit Card,23,37443.5,34580.61,Same City,Mobile,379,0,0,0
851.87,Credit Card,9,20837.26,61585.01,Same City,Desktop,445,0,0,0
1568.36,UPI,20,36449.45,70248.41,Same City,Tablet,304,0,0,0
1136.34,Net Banking,18,15478.0,58580.84,Same City,Mobile,385,0,0,0
846.37,Debit Card,12,14406.88,5708.69,Same City,Mobile,213,0,0,0
6951.46,Credit Card,20,46843.02,65845.18,Same City,Tablet,105,1,0,0
3459.11,Debit Card,20,11718.95,39108.15,Same City,Desktop,62,0,0,0
1060.9,UPI,11,5205.11,22018.32,Same City,Mobile,488,0,0,0
1523.48,Net Banking,19,46162.17,53934.22,Same City,Tablet,37,0,0,0
2467.12,Net Banking,14,21088.62,60107.42,Different City,Mobile,357,0,1,0
597.16,Net Banking,14,17424.04,17376.16,Different City,Mobile,200,0,0,0
783.85,Credit Card,15,12091.63,45243.95,Different City,Desktop,472,0,0,0
190.22,Debit Card,15,2020.39,39191.06,Same City,Desktop,76,0,0,0
964.24,Net Banking,17,25209.72,89753.23,Same City,Mobile,109,0,0,0
1989.21,UPI,18,38942.66,6379.46,Same City,Mobile,476,0,0,0
125.01,UPI,16,40946.24,43206.73,Same City,Mobile,250,1,0,0
91254.66,UPI,0,6392.02,125484.44,Different Country,Mobile,2,1,1,1
729.18,UPI,18,23916.9,30137.79,Same City,Desktop,97,0,0,0
743.79,Credit Card,9,25890.87,90993.02,Same City,Mobile,78,0,0,0
383.7,UPI,13,31687.68,74707.83,Same City,Tablet,58,0,0,0
1810.02,Net Banking,23,27730.59,43042.74,Same City,Desktop,423,1,0,0
471.39,Debit Card,20,43969.21,89083.21,Same City,Mobile,495,0,0,0
156.09,UPI,13,18223.08,47786.74,Same City,Desktop,352,1,0,0
362.75,UPI,22,9675.91,34210.76,Same City,Mobile,154,0,0,0
269.03,Debit Card,8,24479.76,83823.04,Same City,Desktop,67,0,0,0
560.81,Debit Card,10,41699.69,85756.23,Same City,Desktop,423,0,0,0
8296.64,Net Banking,14,12200.98,27470.38,Different City,Tablet,478,0,0,0
2127.88,Debit Card,20,11081.58,54502.69,Same City,Mobile,137,0,0,0
1089.5,UPI,11,28555.62,6646.33,Same City,Desktop,164,0,0,0
554.47,Debit Card,23,20460.94,13271.58,Different City,Tablet,378,0,0,0
1036.3,Debit Card,20,26789.66,30846.83,Same City,Desktop,226,0,0,0
732.84,Net Banking,14,19842.34,5456.54,Same City,Tablet,226,0,0,0
8042.66,Debit Card,6,54863.06,6400.63,Same City,Desktop,337,0,0,0
15020.58,Net Banking,3,5171.32,67361.56,Different Country,Mobile,1,1,1,1
633.8,Credit Card,11,46997.28,96992.65,Same City,Mobile,172,0,0,0
410.63,Net Banking,10,4803.63,5702.69,Different City,Tablet,374,0,0,0
2396.64,Net Banking,10,38721.83,89711.03,Same City,Desktop,470,0,0,0
5588.11,Net Banking,8,9962.46,89419.09,Same City,Mobile,275,0,0,0
479.51,Net Banking,23,48591.92,37487.06,Same City,Mobile,171,0,0,0
767.37,Debit Card,13,28134.24,96703.53,Same City,Mobile,361,1,0,0
405.71,Credit Card,6,26999.5,59513.17,Same City,Mobile,220,0,0,0
237.35,Debit Card,22,11731.08,5845.8,Different City,Mobile,488,0,1,0
81.11,Net Banking,10,40643.95,83582.59,Same City,Desktop,296,0,0,0
2606.48,Net Banking,16,10512.69,25024.29,Same City,Desktop,152,0,0,0
1452.72,Net Banking,11,4560.06,93443.6,Same City,Mobile,417,0,0,0
2468.58,Debit Card,23,37829.41,61000.74,Same City,Desktop,393,0,0,0
4807.49,UPI,21,1356.27,81358.04,Different City,Tablet,3,1,1,1
736.89,UPI,15,19904.85,13226.87,Same City,Mobile,293,0,0,0
3838.52,Net Banking,18,20966.62,44418.34,Same City,Desktop,448,0,0,0
1779.12,Debit Card,15,12767.68,87407.18,Same City,Desktop,493,0,0,0
2633.44,Credit Card,9,52139.87,31187.94,Same City,Tablet,123,0,0,0
875.88,Credit Card,13,42270.02,73361.44,Same City,Desktop,484,0,0,0
525.74,Debit Card,13,25807.14,735.3,Same City,Desktop,163,0,0,0
227.95,Credit Card,10,27344.19,15414.5,Same City,Desktop,318,0,0,0
434.66,Debit Card,19,17361.27,14284.2,Same City,Tablet,74,0,0,0
15087.53,Credit Card,14,6225.75,14923.02,Different Country,Tablet,3,1,1,1
2557.75,Credit Card,20,43894.63,70149.91,Same City,Tablet,497,0,0,0
1357.36,Debit Card,8,41103.69,70708.65,Same City,Mobile,253,0,0,0
159.55,Debit Card,20,44646.56,37146.73,Same City,Tablet,494,0,0,0
278.2,Debit Card,18,5661.33,35489.77,Same City,Desktop,303,1,0,0
4094.48,Debit Card,7,26765.16,64357.77,Same City,Tablet,488,0,0,0
801.87,UPI,8,1352.89,35702.93,Different City,Mobile,493,0,1,0
4228.93,Net Banking,14,9340.33,385512.13,Different Country,Tablet,5,1,1,1
1176.21,Credit Card,12,4451.89,83137.35,Same City,Desktop,361,0,0,0
360.83,UPI,14,13501.35,41909.95,Different City,Tablet,239,0,0,0
1833.36,Debit Card,7,45406.46,76606.48,Same City,Tablet,339,0,0,0
3545.53,Net Banking,14,47413.84,24318.0,Same City,Mobile,52,0,0,0
371.84,UPI,21,30092.1,67910.23,Same City,Desktop,272,0,0,0
4959.85,Credit Card,19,15587.25,84162.2,Same City,Tablet,361,0,0,0
1849.8,Credit Card,22,34819.32,49819.57,Same City,Desktop,146,0,0,0
2667.87,Debit Card,8,31291.09,18483.84,Different City,Desktop,256,0,1,0
967.61,Net Banking,7,3061.01,36229.35,Same City,Desktop,215,0,0,0
401.18,Debit Card,18,41569.06,23503.13,Same City,Tablet,169,0,0,0
1302.24,Net Banking,18,17595.38,26951.19,Same City,Mobile,142,0,0,0
219.98,Credit Card,10,13755.22,37728.42,Same City,Mobile,66,0,0,0
5973.28,Credit Card,12,18767.42,36185.31,Same City,Mobile,359,1,0,0
7670.94,UPI,23,45801.21,93617.66,Same City,Tablet,399,0,0,0
2379.47,Net Banking,18,27011.1,47347.18,Different City,Mobile,48,0,1,0
1424.04,UPI,22,35157.63,5183.58,Same City,Desktop,433,0,0,0
1497.05,Credit Card,16,6944.93,44741.24,Same City,Tablet,11,0,0,0
1980.98,Credit Card,13,9424.43,29797.72,Same City,Desktop,333,0,0,0
917.89,Net Banking,6,40717.25,14138.36,Same City,Mobile,242,0,0,0
410.56,UPI,20,9549.91,68111.79,Same City,Mobile,234,0,0,0
1475.24,Net Banking,20,46895.84,75871.53,Same City,Tablet,133,0,0,0
279.89,Debit Card,10,18677.17,39091.74,Different City,Tablet,481,0,0,0
1530.98,Debit Card,8,7151.5,84645.23,Same City,Mobile,324,0,0,0
313.44,Net Banking,15,16958.52,85503.02,Same City,Mobile,77,0,0,0
549.75,Debit Card,17,3769.81,45894.05,Same City,Mobile,153,0,0,0
209.59,Credit Card,20,17592.26,34695.32,Same City,Tablet,411,0,0,0
2011.93,Credit Card,19,10114.16,67364.54,Same City,Desktop,300,0,0,0
271.57,Net Banking,17,19673.25,8058.08,Same City,Tablet,207,0,0,0
226.7,Credit Card,8,31412.73,63156.02,Same City,Tablet,498,0,0,0
606.4,Net Banking,11,35051.28,14055.3,Same City,Tablet,347,0,0,0
1937.17,Credit Card,19,15717.79,7941.94,Same City,Tablet,58,1,0,0
1172.61,Debit Card,15,48020.05,5225.79,Same City,Desktop,42,0,0,0
1083.28,UPI,12,4055.46,54952.89,Same City,Desktop,348,1,0,0
2657.74,Credit Card,17,25450.48,67478.63,Same City,Desktop,134,0,0,0
5212.37,Credit Card,6,27496.59,74236.99,Same City,Tablet,211,0,0,0
942.68,UPI,11,43306.43,89309.02,Same City,Tablet,12,0,0,0
810.64,UPI,13,21641.25,2400.5,Same City,Tablet,412,0,0,0
326.68,UPI,10,17223.23,13441.47,Same City,Mobile,56,0,0,0
1957.24,Debit Card,18,24730.67,84435.71,Same City,Tablet,163,0,0,0
2801.51,Net Banking,19,6364.27,8987.69,Same City,Desktop,472,0,0,0
757.78,UPI,15,23945.29,98098.74,Same City,Tablet,219,0,0,0
1578.09,Net Banking,9,50746.79,24160.13,Same City,Mobile,124,0,0,0
696.99,Debit Card,22,40148.88,51726.91,Same City,Mobile,412,0,0,0
303.99,Debit Card,14,21905.28,24871.43,Same City,Mobile,95,0,0,0
685.96,Credit Card,19,30433.08,38089.09,Different City,Mobile,48,0,1,0
586.59,Credit Card,21,43349.79,88255.99,Same City,Tablet,352,1,0,0
300.88,Net Banking,17,28598.64,77162.69,Same City,Mobile,431,0,0,0
1448.59,Debit Card,19,15611.66,18430.14,Same City,Mobile,103,1,0,0
790.24,Credit Card,12,41709.18,86073.06,Same City,Desktop,81,0,0,0
3438.61,Credit Card,18,15396.72,72821.63,Same City,Tablet,136,0,0,0
7640.49,UPI,9,12451.99,83151.83,Same City,Desktop,101,0,0,0
292.88,Net Banking,7,46936.03,86606.39,Same City,Desktop,371,0,0,0
1301.62,Net Banking,10,3658.46,32533.03,Same City,Mobile,391,0,0,0
1069.53,UPI,13,31421.55,76480.98,Same City,Mobile,32,0,0,0
268.72,Credit Card,7,30846.65,28068.32,Same City,Desktop,315,1,0,0
819.13,UPI,6,16936.88,52609.4,Different City,Mobile,287,0,0,0
11246.32,Debit Card,13,4666.83,35827.8,Different City,Tablet,2,1,1,1
404.08,Net Banking,11,37997.7,65695.52,Different City,Desktop,310,0,0,0
167.33,Debit Card,19,42711.0,20152.84,Same City,Desktop,323,0,0,0
1774.03,Debit Card,18,37165.24,15253.9,Same City,Tablet,490,1,0,0
37361.07,UPI,4,6374.02,402894.69,Same City,Desktop,4,1,1,1
586.21,UPI,21,22620.4,51046.01,Same City,Tablet,414,1,0,0
1642.1,Credit Card,21,33385.79,12626.47,Different City,Mobile,464,0,0,0
951.1,Debit Card,19,12460.38,67170.07,Same City,Tablet,220,0,0,0
206.73,Credit Card,17,46078.41,40659.05,Same City,Desktop,272,0,0,0
424.57,Debit Card,6,20604.64,88458.69,Same City,Tablet,492,0,0,0
682.77,Credit Card,21,26004.98,96401.74,Different City,Mobile,122,0,0,0
1912.62,UPI,7,4105.99,96848.88,Same City,Mobile,20,0,0,0
2252.41,UPI,20,35615.77,16269.97,Different City,Mobile,194,0,1,0
4931.61,UPI,12,20746.04,9664.48,Different City,Mobile,256,0,1,0
616.15,Debit Card,16,1673.84,25981.32,Same City,Mobile,48,0,0,0
427.28,Debit Card,16,18340.7,63474.41,Different Country,Mobile,491,0,0,0
5376.75,UPI,8,23681.39,64096.55,Same City,Mobile,326,0,0,0
2564.71,Credit Card,15,34048.96,87747.2,Same City,Desktop,252,0,0,0
612.97,UPI,6,12023.12,35499.63,Same City,Mobile,450,0,0,0
491.19,Debit Card,14,3852.96,48757.12,Same City,Desktop,446,0,0,0
934.37,Credit Card,16,5380.3,61706.65,Same City,Desktop,121,0,0,0
4852.48,Credit Card,9,52431.87,83849.18,Different City,Desktop,371,0,1,0
366.02,Credit Card,23,11379.64,18283.78,Same City,Mobile,439,0,0,0
333.82,Net Banking,19,36022.84,19921.53,Same City,Tablet,283,0,0,0
2097.04,UPI,21,18510.93,14888.81,Different City,Desktop,411,0,0,0
543.45,UPI,7,12017.41,42710.78,Same City,Desktop,419,0,0,0
372.51,UPI,22,10066.18,30946.95,Different City,Desktop,82,1,0,0
717.95,Net Banking,21,35949.12,21745.29,Same City,Desktop,318,0,0,0
4825.47,Credit Card,6,29893.41,69088.4,Different City,Mobile,13,1,1,0
1642.89,Net Banking,11,7042.96,77587.73,Different City,Tablet,319,0,1,0
28413.95,Net Banking,21,9517.02,166663.22,Different Country,Tablet,4,1,1,1
3607.05,Net Banking,17,30006.42,42608.34,Same City,Tablet,53,0,0,0
1062.69,UPI,18,16253.42,56340.84,Different City,Desktop,281,1,0,0
1552.44,Net Banking,17,2570.13,91429.88,Same City,Mobile,303,0,0,0
409.72,Net Banking,16,42572.7,44588.66,Different City,Mobile,110,1,0,0
795.22,Net Banking,8,31744.3,10112.27,Same City,Desktop,413,0,0,0
1748.78,Net Banking,9,46976.33,81740.78,Different City,Mobile,43,0,0,0
268.15,Debit Card,22,31513.18,40941.17,Same City,Mobile,382,0,0,0
4254.1,UPI,13,16918.87,34569.6,Same City,Desktop,278,0,0,0
1846.93,Net Banking,11,38075.99,92880.8,Same City,Mobile,211,0,0,0
180.57,Debit Card,10,8721.75,97745.66,Same City,Mobile,338,0,0,0
6345.34,Net Banking,7,24156.08,5198.94,Same City,Mobile,483,0,0,0
5310.56,Credit Card,13,36978.39,93202.81,Same City,Tablet,457,0,0,0
1658.72,Debit Card,7,2938.29,64197.15,Same City,Tablet,411,0,0,0
1894.54,Net Banking,11,9078.94,34794.14,Same City,Tablet,381,1,0,0
603.35,Credit Card,7,30176.18,66101.43,Same City,Tablet,326,0,0,0
7505.91,UPI,15,29447.98,27675.41,Same City,Mobile,305,0,0,0
8447.15,Debit Card,3,4864.83,173682.32,Same City,Desktop,0,1,1,1
423.13,UPI,12,38714.76,25302.63,Same City,Mobile,103,1,0,0
5019.1,UPI,9,42895.8,5560.55,Different City,Mobile,310,0,0,0
2041.77,Debit Card,9,49249.47,14879.6,Same City,Desktop,254,0,0,0
870.56,UPI,6,32419.9,24838.36,Same City,Mobile,361,0,0,0
4007.3,Debit Card,7,21326.98,3010.39,Same City,Tablet,337,0,0,0
2595.25,Net Banking,15,6618.72,33091.48,Different City,Tablet,132,0,1,0
5161.69,Net Banking,12,5329.24,29980.05,Same City,Desktop,412,0,0,0
1399.4,Debit Card,9,34159.51,27325.95,Same City,Tablet,211,0,0,0
268.4,Net Banking,23,32503.98,40873.42,Same City,Tablet,304,0,0,0
2039.93,Net Banking,15,45699.93,73222.49,Same City,Tablet,40,0,0,0
1919.44,Net Banking,21,36564.04,84919.57,Same City,Desktop,320,0,0,0
3321.54,Credit Card,19,13494.03,67343.24,Same City,Mobile,239,0,0,0
1139.11,Debit Card,8,11196.28,68022.82,Same City,Tablet,398,1,0,0
1209.63,Credit Card,17,39994.31,23442.56,Same City,Desktop,194,0,0,0
601.71,Debit Card,16,47619.2,57547.42,Different City,Mobile,152,0,0,0
4774.45,Net Banking,19,39042.24,21208.12,Same City,Mobile,145,0,0,0
6892.46,UPI,23,7611.42,46876.8,Different City,Tablet,257,0,1,0
5819.8,Net Banking,20,12948.57,17638.7,Same City,Desktop,267,0,0,0
425.92,Credit Card,12,32536.99,25982.81,Different Country,Desktop,382,0,0,0
1187.49,Credit Card,21,26959.11,8505.64,Same City,Desktop,454,0,0,0
4539.19,Net Banking,17,39370.62,15389.59,Different City,Mobile,158,1,1,0
4151.97,Debit Card,12,8322.56,8778.82,Same City,Mobile,314,0,0,0
278.13,Credit Card,10,23304.52,78501.65,Same City,Desktop,200,0,0,0
690.25,Net Banking,18,40757.09,18015.86,Different City,Desktop,390,0,0,0
993.17,UPI,9,42628.11,80564.88,Same City,Tablet,375,0,0,0
167.35,Debit Card,9,35304.44,17169.39,Different City,Mobile,130,0,1,0
463.55,Debit Card,16,9040.61,19497.52,Same City,Mobile,140,0,0,0
855.24,Net Banking,17,48473.21,53305.53,Same City,Tablet,53,0,0,0
6066.96,Debit Card,23,10107.52,23951.02,Different City,Tablet,387,0,1,0
2178.34,UPI,16,24065.39,58008.88,Same City,Desktop,223,0,0,0
2036.29,Debit Card,7,41946.74,86436.63,Same City,Mobile,495,0,0,0
833031.4,Debit Card,3,2383.37,399037.99,Different City,Desktop,3,1,1,1
1435.54,UPI,10,40219.74,34259.11,Different City,Mobile,56,0,1,0
2836.78,Net Banking,10,37104.87,16261.69,Same City,Desktop,186,0,0,0
289.13,UPI,20,1716.89,73522.85,Different City,Mobile,334,0,1,0
993.09,Credit Card,14,20933.05,27421.52,Same City,Tablet,401,0,0,0
7028.32,Credit Card,22,34746.56,57028.69,Same City,Desktop,108,0,0,0
558.39,Credit Card,20,22607.19,64395.66,Same City,Tablet,279,0,0,0
1916.65,Debit Card,15,24468.84,69290.89,Different City,Desktop,372,0,0,0
1180.97,Credit Card,9,44312.92,94952.06,Different City,Tablet,30,0,0,0
1349.92,Credit Card,22,23534.53,4836.27,Different City,Mobile,365,0,0,0
231.39,Credit Card,10,26925.98,32433.38,Same City,Tablet,14,0,0,0
1261.88,Credit Card,18,47023.41,25116.93,Same City,Mobile,108,1,0,0
630.86,Credit Card,20,760.7,30781.92,Same City,Tablet,425,0,0,0
321.9,Net Banking,14,49705.61,4010.92,Same City,Mobile,360,0,0,0
3210.98,Credit Card,6,37099.48,68267.12,Same City,Tablet,453,0,0,0
1515.02,Debit Card,23,32467.44,78146.21,Same City,Desktop,68,0,0,0
719.83,Net Banking,7,18725.47,87720.05,Same City,Desktop,481,1,0,0
2023.27,Debit Card,21,14173.94,4035.08,Same City,Tablet,234,0,0,0
4065.09,Debit Card,21,34319.88,63001.87,Same City,Desktop,162,0,0,0
1418.28,UPI,23,2178.4,51178.05,Same City,Tablet,97,0,0,0
1382.22,Net Banking,7,6643.58,40202.72,Same City,Tablet,162,0,0,0
2748.79,Debit Card,18,34650.17,7069.66,Same City,Mobile,155,1,0,0
931.88,Credit Card,17,14384.75,83548.02,Same City,Tablet,14,0,0,0
2669.46,UPI,7,46187.39,2126.94,Same City,Tablet,180,0,0,0
25643.79,Debit Card,18,42432.47,51931.27,Same City,Tablet,382,0,0,0
1071.11,Credit Card,6,5793.12,74838.43,Same City,Tablet,154,0,0,0
120.08,UPI,22,2410.69,16574.98,Same City,Mobile,462,1,0,0
1451.91,Debit Card,7,43274.18,82138.84,Different City,Tablet,257,0,0,0
524.24,Credit Card,17,34711.64,93256.67,Same City,Tablet,430,0,0,0
389.46,Net Banking,9,25609.98,69039.48,Same City,Tablet,79,0,0,0
623.75,UPI,22,29664.94,56148.46,Same City,Tablet,419,0,0,0
783.38,UPI,18,49649.84,24235.37,Same City,Mobile,374,0,0,0
279.54,Credit Card,18,24506.09,42914.95,Same City,Tablet,315,0,0,0
935.38,Debit Card,11,19606.83,66166.73,Same City,Mobile,257,0,0,0
2026.71,Debit Card,12,11334.31,20934.93,Same City,Mobile,447,0,0,0
1678.89,Net Banking,22,39568.67,16167.14,Same City,Tablet,141,1,0,0
744.62,Net Banking,9,15866.82,50263.12,Same City,Mobile,150,0,0,0
2248.88,Credit Card,8,8613.84,1694.77,Same City,Desktop,66,0,0,0
1831.89,Debit Card,9,39554.59,80490.68,Same City,Mobile,262,0,0,0
212.05,Credit Card,21,3198.49,95778.98,Same City,Desktop,489,0,0,0
270.81,Debit Card,18,5449.76,15285.91,Different Country,Tablet,160,0,1,0
553.01,Debit Card,23,28800.3,35857.85,Same City,Tablet,484,0,0,0
516.9,Credit Card,19,26199.02,29348.88,Same City,Desktop,57,0,0,0
1695.91,Credit Card,17,30770.11,93593.72,Same City,Mobile,374,0,0,0
882.11,Credit Card,14,38450.58,75454.29,Same City,Mobile,293,0,0,0
2811.04,Net Banking,17,26559.71,71639.71,Same City,Desktop,138,0,0,0
980.92,Debit Card,8,9232.92,18445.91,Same City,Tablet,329,0,0,0
2901.84,UPI,7,36777.77,6409.47,Same City,Mobile,229,0,0,0
7256.64,Credit Card,15,7199.97,59571.15,Different Country,Desktop,1,1,1,1
3743.1,Credit Card,20,53450.65,66183.92,Same City,Mobile,331,0,0,0
2058.29,Debit Card,14,39613.97,80683.47,Same City,Tablet,108,0,0,0
69204.47,UPI,4,6195.83,335110.27,Different Country,Tablet,3,1,1,1
996.19,Debit Card,22,6415.44,7513.78,Different City,Mobile,138,0,1,0
533.87,Net Banking,8,14652.5,54269.61,Same City,Mobile,88,0,0,0
1331.54,UPI,23,4792.34,58217.05,Different City,Mobile,303,0,0,0
333.97,UPI,7,32781.99,17238.64,Same City,Desktop,459,0,0,0
901.13,Debit Card,21,27506.49,93660.57,Different City,Mobile,176,0,1,0
1037.38,Credit Card,12,25719.02,32875.16,Same City,Tablet,458,0,0,0
544.85,Credit Card,6,12570.83,28128.46,Same City,Desktop,308,1,0,0
838.08,UPI,11,5197.03,99687.43,Same City,Tablet,85,0,0,0
1652.13,Net Banking,20,35221.67,56044.06,Same City,Desktop,391,0,0,0
3622.96,Net Banking,9,6005.49,87153.68,Same City,Tablet,308,0,0,0
3305.36,Net Banking,14,24623.51,2246.93,Same City,Mobile,48,0,0,0
702.09,Debit Card,23,17077.99,46855.7,Same City,Desktop,254,0,0,0
1225.83,Debit Card,7,40342.19,76585.86,Different City,Mobile,111,0,0,0
1657.03,Debit Card,6,6431.4,36771.58,Same City,Desktop,101,0,0,0
3374.87,Debit Card,7,38032.24,13443.51,Different City,Mobile,337,0,0,0
409.23,Debit Card,18,10104.45,4086.86,Different City,Desktop,65,0,0,0
312.85,Net Banking,16,23563.08,97200.53,Same City,Tablet,23,0,0,0
486.68,UPI,19,39519.29,56389.29,Same City,Tablet,36,0,0,0
2756.32,Net Banking,20,27683.56,20468.01,Same City,Tablet,268,1,0,0
1017.97,Net Banking,23,10356.1,54190.09,Same City,Desktop,257,0,0,0
332.22,Debit Card,16,15143.6,35454.82,Same City,Tablet,230,0,0,0
381.8,Debit Card,6,39245.19,67341.97,Same City,Tablet,474,0,0,0
878.97,Debit Card,10,45236.52,64581.08,Same City,Mobile,495,0,0,0
804.96,Debit Card,22,40953.99,57204.86,Same City,Mobile,276,1,0,0
949.48,Debit Card,15,31966.92,65020.11,Same City,Mobile,247,0,0,0
2240.85,UPI,20,22460.92,83364.4,Same City,Desktop,300,0,0,0
10001.83,Net Banking,12,39766.2,49676.69,Different Country,Mobile,461,0,0,0
3707.8,Net Banking,12,21920.64,87927.96,Same City,Tablet,25,0,0,0
1075.98,Net Banking,14,1742.53,46866.06,Same City,Tablet,233,0,0,0
1625.36,Credit Card,8,18663.92,81482.51,Same City,Mobile,121,0,0,0
2733.87,Net Banking,23,41596.11,84754.76,Different City,Desktop,423,0,0,0
264.1,UPI,23,16109.21,10662.36,Same City,Desktop,72,1,0,0
16204.33,UPI,18,29958.99,48783.43,Same City,Tablet,30,0,0,0
25693.89,UPI,9,523.33,393595.82,Different City,Mobile,5,1,1,1
1041.7,Credit Card,16,15402.3,20322.31,Same City,Mobile,89,0,0,0
701.69,Debit Card,20,9259.38,55680.13,Same City,Tablet,119,0,0,0
1382.77,Debit Card,13,17761.17,75619.22,Different City,Mobile,158,0,0,0
591.55,Debit Card,20,17438.51,97852.55,Same City,Mobile,344,0,0,0
327.18,Credit Card,17,4625.15,39310.39,Same City,Desktop,430,0,0,0
1642.63,Net Banking,7,19887.75,97178.21,Same City,Mobile,209,0,0,0
2782.99,Debit Card,22,20770.43,11586.91,Same City,Tablet,477,0,0,0
3926.06,Credit Card,22,45421.24,70938.88,Same City,Tablet,397,0,0,0
347.84,UPI,8,16061.92,27109.63,Same City,Desktop,198,0,0,0
753.84,Credit Card,8,27297.88,16136.74,Different City,Mobile,144,0,0,0
243.97,UPI,23,45725.76,72214.32,Same City,Mobile,57,0,0,0
3051.93,UPI,21,8042.51,4406.59,Different City,Mobile,184,0,0,0
921.17,UPI,15,46657.15,43402.1,Same City,Tablet,175,0,0,0
1574.03,Credit Card,14,40145.29,49379.56,Same City,Tablet,226,0,0,0
1319.72,Debit Card,22,42501.05,55619.07,Same City,Mobile,171,0,0,0
1306.64,UPI,18,11080.41,85881.68,Different City,Mobile,176,0,0,0
785.19,Credit Card,19,49637.84,10189.31,Same City,Desktop,189,0,0,0
11948.63,Debit Card,15,44241.62,1696.91,Same City,Tablet,276,0,0,0
2334.12,UPI,19,48809.98,55676.29,Same City,Tablet,491,0,0,0
885.86,Net Banking,12,3888.23,99486.63,Same City,Tablet,399,0,0,0
333.88,Net Banking,9,9617.71,75645.11,Same City,Tablet,302,0,0,0
1693.87,Net Banking,23,45028.39,5961.73,Same City,Tablet,343,1,0,0
1177.62,Credit Card,10,11955.95,28328.44,Same City,Desktop,191,0,0,0
811.71,Net Banking,21,38700.13,89796.46,Same City,Desktop,460,0,0,0
463.87,UPI,8,35095.23,45792.9,Same City,Mobile,101,0,0,0
791.0,Debit Card,23,9088.91,78316.14,Same City,Tablet,116,0,0,0
297.53,Debit Card,11,4183.11,12887.97,Same City,Desktop,422,0,0,0
4732.44,Credit Card,8,25112.63,87983.77,Same City,Tablet,66,0,0,0
685.99,Net Banking,9,39195.59,81093.52,Same City,Tablet,382,0,0,0
1319.07,Net Banking,23,49148.49,73750.84,Same City,Desktop,477,0,0,0
1194.99,Debit Card,20,48256.92,87631.94,Same City,Mobile,253,0,0,0
1278.86,UPI,7,8369.05,51832.97,Same City,Desktop,322,0,0,0
541.85,Net Banking,17,28700.46,95762.53,Different City,Desktop,415,0,0,0
3718.34,Net Banking,7,9723.32,40990.49,Same City,Desktop,363,0,0,0
526.88,Net Banking,7,37128.55,82447.15,Same City,Desktop,246,0,0,0
409.53,UPI,11,2328.94,5274.4,Same City,Tablet,369,0,0,0
1507.97,Credit Card,18,46958.41,76040.01,Different City,Mobile,99,0,1,0
21184.36,UPI,0,3525.29,364114.95,Different City,Tablet,0,1,1,1
9604.02,UPI,12,38192.28,33242.67,Different City,Mobile,102,0,1,0
4611.62,UPI,7,41077.64,32353.04,Same City,Tablet,227,0,0,0
636.44,Net Banking,14,6300.9,51586.19,Same City,Mobile,10,0,0,0
1372.09,Net Banking,7,5154.54,55385.43,Same City,Tablet,77,0,0,0
901.03,Debit Card,13,43543.15,93796.52,Different City,Tablet,90,0,1,0
9353.21,Net Banking,10,9207.71,484525.37,Different City,Desktop,4,1,1,1
4902.16,Credit Card,8,13058.91,47173.98,Same City,Tablet,43,0,0,0
1957.91,UPI,8,6020.3,73149.65,Different City,Tablet,352,0,1,0
1414.34,UPI,21,11575.54,16365.59,Same City,Mobile,76,0,0,0
5188.3,UPI,17,47112.23,80281.09,Different City,Tablet,269,0,1,0
229.34,UPI,22,16448.4,89791.92,Same City,Desktop,254,0,0,0
662.37,Debit Card,17,7142.92,76554.68,Same City,Mobile,404,0,0,0
3706.93,Debit Card,17,22139.73,8701.72,Same City,Desktop,286,0,0,0
257.75,Net Banking,17,8522.58,79480.95,Different Country,Desktop,239,0,1,0
1116.12,Credit Card,8,36464.08,34557.96,Same City,Mobile,356,0,0,0
2834.43,Debit Card,6,29134.39,70727.89,Same City,Mobile,423,0,0,0
2294.95,Debit Card,12,6810.73,19598.29,Same City,Desktop,462,0,0,0
236.49,Credit Card,11,6003.01,67157.32,Same City,Tablet,455,0,0,0
1090.55,Credit Card,23,31292.5,22726.11,Same City,Tablet,187,0,0,0
1493.43,Net Banking,8,31051.78,50836.05,Same City,Mobile,160,1,0,0
965.21,Net Banking,14,26599.41,48329.43,Same City,Mobile,372,1,0,0
2575.96,Credit Card,14,50625.88,53593.51,Same City,Mobile,417,0,0,0
1617.08,Credit Card,16,36505.68,8322.31,Same City,Desktop,266,0,0,0
562.23,Debit Card,11,4700.1,40298.02,Same City,Tablet,409,0,0,0
102.34,Debit Card,18,5527.26,64955.6,Same City,Desktop,394,0,0,0
1398.29,UPI,11,24703.6,22697.85,Different City,Mobile,59,1,1,0
516.25,Debit Card,18,26176.12,68022.78,Same City,Mobile,339,0,0,0
428.66,Debit Card,16,32505.89,21603.82,Same City,Desktop,14,0,0,0
594.8,Credit Card,22,7682.0,27681.43,Same City,Mobile,229,0,0,0
368.63,UPI,10,20676.56,99879.29,Same City,Tablet,374,0,0,0
171.07,UPI,22,39801.41,67636.11,Same City,Desktop,356,0,0,0
435.18,Debit Card,11,21629.34,34652.42,Same City,Mobile,113,1,0,0
642.06,Net Banking,17,24449.04,92243.43,Different City,Mobile,309,0,0,0
6969.94,Credit Card,18,17343.45,35248.1,Same City,Mobile,497,0,0,0
717.62,Credit Card,15,4473.03,483103.78,Same City,Tablet,3,1,1,1
914.86,Debit Card,17,38989.16,37172.41,Different City,Desktop,213,1,0,0
3911.03,UPI,22,15541.66,67189.27,Same City,Tablet,293,1,0,0
577.39,Credit Card,20,38273.44,76892.28,Different City,Tablet,12,0,0,0
1340.98,Net Banking,13,12777.24,83704.11,Same City,Tablet,356,0,0,0
570.16,UPI,6,39286.75,60192.34,Same City,Mobile,353,1,0,0
1280.74,Net Banking,12,13697.25,74090.41,Same City,Tablet,86,0,0,0
3266.61,Credit Card,19,11113.1,18192.81,Same City,Tablet,244,1,0,0
1185.76,Credit Card,22,21061.76,29632.58,Different Country,Desktop,119,1,1,0
562.4,UPI,17,24019.05,46629.94,Same City,Tablet,447,0,0,0
1447.19,Net Banking,17,7680.93,88865.91,Same City,Desktop,469,0,0,0
623.86,Credit Card,6,48171.95,15105.79,Same City,Desktop,247,0,0,0
2101.59,UPI,11,16999.93,71442.42,Same City,Desktop,297,0,0,0
2572.08,Debit Card,19,50847.97,91581.43,Same City,Tablet,496,0,0,0
2584.0,UPI,3,8467.85,417651.36,Different City,Tablet,5,1,1,1
1038.68,Debit Card,23,30110.04,63226.43,Different City,Tablet,443,0,0,0
617.88,UPI,17,28430.52,71920.18,Different City,Desktop,299,0,1,0
1372.43,UPI,20,41899.47,42967.34,Same City,Tablet,330,0,0,0
240.0,Net Banking,20,42301.34,22123.87,Same City,Mobile,295,0,0,0
431.27,Net Banking,9,37325.39,47601.81,Different City,Mobile,72,1,1,0
1056.76,Debit Card,10,49636.24,33134.7,Same City,Desktop,12,0,0,0
1160.55,UPI,17,49455.08,43249.79,Same City,Tablet,471,1,0,0
7951.54,Credit Card,0,9487.9,141343.12,Different City,Mobile,1,1,1,1
4645.4,Net Banking,7,12704.06,16046.26,Same City,Desktop,472,0,0,0
468.47,Net Banking,23,28267.21,73307.13,Same City,Tablet,286,0,0,0
760.13,Credit Card,21,23514.23,76244.7,Same City,Desktop,387,0,0,0
1010.78,Debit Card,20,1111.36,41656.58,Same City,Desktop,32,0,0,0
2586.38,Debit Card,12,28278.83,32085.45,Same City,Tablet,244,0,0,0
281.86,Debit Card,23,24883.75,32073.36,Same City,Mobile,62,0,0,0
2065.62,UPI,10,1976.9,166220.49,Different Country,Desktop,5,1,1,1
843.31,UPI,17,990.39,3926.51,Same City,Desktop,347,0,0,0
2058.08,Credit Card,18,16455.41,80264.03,Different City,Mobile,251,0,0,0
3205.13,UPI,16,49616.5,22461.56,Same City,Mobile,90,0,0,0
606.44,Credit Card,19,9357.78,89676.54,Same City,Mobile,221,0,0,0
557.96,Credit Card,12,49214.56,22612.53,Same City,Mobile,397,0,0,0
1173.63,Credit Card,6,9155.58,69589.91,Same City,Mobile,73,0,0,0
221.82,UPI,7,22127.91,59356.09,Different City,Mobile,101,0,0,0
92.61,UPI,14,17601.14,92952.91,Same City,Desktop,258,0,0,0
215.39,Debit Card,9,6045.75,61062.0,Same City,Tablet,125,0,0,0
362.66,UPI,13,25522.19,59538.5,Different City,Desktop,486,1,0,0
1734.35,Credit Card,22,6513.8,48613.05,Same City,Desktop,110,1,0,0
2176.57,Net Banking,9,48640.89,38732.25,Same City,Tablet,304,1,0,0
1123.16,UPI,9,36522.27,38923.05,Same City,Tablet,419,0,0,0
684.5,UPI,13,36234.55,41892.36,Same City,Mobile,304,0,0,0
1374.38,UPI,9,44265.16,9736.69,Same City,Mobile,283,0,0,0
1644.15,Debit Card,13,49391.93,73789.69,Same City,Tablet,30,0,0,0
2542.07,Net Banking,19,21764.52,21633.28,Different City,Mobile,268,0,1,0
805.9,UPI,8,8613.44,2544.78,Different City,Tablet,333,1,1,0
1892.75,UPI,20,51704.35,47453.36,Same City,Desktop,28,0,0,0
480.27,Debit Card,14,17127.95,50057.93,Same City,Mobile,394,1,0,0
794.68,Debit Card,22,13765.97,65998.4,Same City,Mobile,57,0,0,0
847.78,Credit Card,8,44274.58,72716.91,Same City,Desktop,340,0,0,0
843.12,Net Banking,13,34752.48,31186.39,Same City,Desktop,330,0,0,0
788.83,UPI,23,45846.78,99615.77,Same City,Desktop,498,0,0,0
405.39,UPI,13,26073.79,34883.19,Different City,Mobile,150,0,1,0
4084.34,UPI,23,16032.27,51236.38,Different City,Tablet,341,0,0,0
1925.38,UPI,11,24738.46,66776.06,Same City,Tablet,496,1,0,0
1678.15,Net Banking,10,40676.03,1620.04,Same City,Tablet,335,0,0,0
1943.78,UPI,21,22861.73,16022.56,Same City,Tablet,495,0,0,0
2426.64,Debit Card,12,12411.71,56533.03,Same City,Mobile,470,1,0,0
2308.13,Net Banking,16,51971.56,4491.13,Same City,Tablet,289,0,0,0
1837.09,Debit Card,16,22834.88,26015.78,Different City,Desktop,345,0,1,0
24585.66,Debit Card,13,65978.23,69720.94,Different Country,Tablet,151,0,1,0
1438.7,Debit Card,16,9264.65,94473.63,Same City,Tablet,117,0,0,0
1334.26,Debit Card,21,28597.07,23374.08,Same City,Mobile,328,0,0,0
145.86,Credit Card,17,28481.86,91675.6,Same City,Desktop,454,0,0,0
572.48,Net Banking,13,14072.31,28746.17,Same City,Tablet,253,0,0,0
4194.28,Credit Card,14,36027.7,59930.21,Same City,Desktop,132,0,0,0
1635.47,Net Banking,19,42542.96,21351.14,Different City,Desktop,262,0,0,0
1150.65,UPI,14,15653.31,58123.82,Same City,Desktop,369,0,0,0
2615.35,Debit Card,9,49978.71,88485.51,Same City,Desktop,431,0,0,0
662.83,Debit Card,8,26316.27,22649.58,Different City,Desktop,155,0,1,0
1490.67,Net Banking,7,24562.4,70967.13,Same City,Desktop,196,0,0,0
149384.83,UPI,0,904.19,474449.72,Different Country,Tablet,2,1,1,1
2654.59,Net Banking,9,3843.58,66378.97,Same City,Tablet,441,0,0,0
794.47,Net Banking,11,18477.98,84144.76,Same City,Desktop,323,1,0,0
1061.3,Debit Card,21,29346.87,6570.86,Same City,Mobile,398,0,0,0
4234.72,UPI,20,53067.94,37720.18,Different City,Tablet,486,0,1,0
436703.59,Net Banking,0,636.01,280327.1,Different City,Tablet,0,1,1,1
77.4,Net Banking,9,20175.48,55964.03,Same City,Mobile,164,0,0,0
1192.93,Credit Card,13,15807.69,46940.68,Same City,Mobile,452,0,0,0
2537.51,Credit Card,19,12380.02,34534.2,Same City,Mobile,228,0,0,0
2232.68,Debit Card,10,43760.65,39718.35,Same City,Tablet,183,0,0,0
113659.0,Net Banking,5,3387.33,286231.18,Different City,Tablet,1,1,1,1
2168.72,Credit Card,22,15593.43,87863.0,Same City,Mobile,424,0,0,0
421.09,Debit Card,10,3889.47,51870.1,Same City,Mobile,101,0,0,0
285.44,Net Banking,21,15620.44,21264.44,Different City,Mobile,394,0,0,0
4690.34,UPI,16,39992.84,42760.13,Same City,Mobile,62,0,0,0
2339.04,UPI,15,13352.86,5994.33,Same City,Tablet,72,0,0,0
1012.68,UPI,22,50219.78,66792.0,Same City,Mobile,154,0,0,0
1196.37,Net Banking,9,16982.73,50857.07,Same City,Mobile,183,1,0,0
1255.56,UPI,7,9506.95,10431.31,Same City,Desktop,14,0,0,0
1336.22,Net Banking,21,27703.71,73158.95,Same City,Tablet,292,0,0,0
783.25,Net Banking,13,17319.28,69337.75,Same City,Mobile,38,0,0,0
3563.55,Debit Card,16,30798.52,69497.01,Same City,Tablet,462,0,0,0
2242.58,Debit Card,15,28355.25,97601.38,Same City,Tablet,424,0,0,0
1078.77,UPI,6,25160.04,59240.78,Same City,Tablet,64,0,0,0
121.66,Net Banking,8,34836.4,22076.96,Same City,Tablet,457,0,0,0
1190.68,Net Banking,10,48150.16,79878.32,Same City,Tablet,81,0,0,0
587.71,Debit Card,23,44008.01,17714.98,Same City,Mobile,65,0,0,0
2169.07,Debit Card,18,35845.37,8114.92,Same City,Mobile,302,0,0,0
1461.12,UPI,20,13879.29,30641.54,Same City,Desktop,460,0,0,0
534.62,Net Banking,16,39414.25,55840.42,Same City,Mobile,56,0,0,0
4918.5,Net Banking,15,13353.89,16761.92,Same City,Mobile,194,0,0,0
740.99,Credit Card,19,13339.34,62487.41,Same City,Mobile,321,0,0,0
273.73,Net Banking,9,2320.15,45556.68,Same City,Desktop,144,0,0,0
234.44,UPI,10,10246.16,78338.72,Different City,Mobile,416,0,1,0
692.73,Net Banking,16,13192.34,74394.63,Different City,Tablet,171,0,0,0
711.39,Credit Card,19,10425.94,12907.12,Same City,Tablet,410,0,0,0
870.32,Debit Card,0,9066.53,103708.64,Different Country,Mobile,2,1,1,1
1279.84,Debit Card,17,1870.23,40918.26,Different City,Mobile,160,0,1,0
2390.72,Debit Card,7,19056.1,46533.69,Same City,Desktop,176,0,0,0
850.92,UPI,13,44540.28,23647.49,Same City,Mobile,81,0,0,0
1817.08,Net Banking,10,22323.83,17329.43,Different City,Mobile,35,0,0,0
539.45,Net Banking,9,21256.76,67582.29,Same City,Mobile,182,0,0,0
1809.57,UPI,13,14850.38,19462.38,Same City,Tablet,313,0,0,0
1983.33,Credit Card,14,16511.93,95226.01,Different City,Desktop,464,0,1,0
1459.07,Credit Card,9,30178.16,95604.71,Same City,Desktop,410,0,0,0
1424548.25,Net Banking,21,1682.37,103068.02,Different Country,Desktop,1,1,1,1
2680.34,Net Banking,17,10574.8,98842.1,Same City,Tablet,31,0,0,0
2749.65,Net Banking,10,31671.56,63458.24,Same City,Desktop,193,0,0,0
1268.41,Debit Card,18,39476.65,52340.14,Same City,Tablet,436,0,0,0
497.25,UPI,17,21090.31,20969.03,Same City,Desktop,25,0,0,0
885.85,UPI,14,22154.53,90635.44,Same City,Mobile,250,0,0,0
452.48,Credit Card,6,45933.01,19012.88,Same City,Desktop,16,0,0,0
1670.2,Net Banking,12,26751.11,91178.51,Same City,Desktop,292,0,0,0
594.2,UPI,9,45042.73,95565.15,Same City,Tablet,251,0,0,0
1665.17,UPI,21,10951.83,10565.03,Same City,Desktop,221,0,0,0
4404.33,Credit Card,1,8436.81,105521.96,Different City,Desktop,4,1,1,1
3947.21,Net Banking,15,9906.43,146166.65,Different City,Tablet,0,1,1,1
3641.24,UPI,14,25371.5,99718.24,Same City,Tablet,153,0,0,0
1804.58,Net Banking,5,8268.68,285701.16,Same City,Desktop,0,1,1,1
3129.75,UPI,7,11364.4,23381.28,Same City,Tablet,132,0,0,0
689.92,Credit Card,19,15971.61,52475.64,Same City,Mobile,120,0,0,0
3614.6,Net Banking,16,41230.67,81194.62,Same City,Mobile,101,0,0,0
3156.97,Credit Card,15,39453.01,11259.05,Different City,Mobile,265,0,1,0
2259.34,Debit Card,9,35590.1,82265.75,Different City,Desktop,484,0,0,0
1286.22,UPI,13,16870.61,50334.51,Same City,Mobile,168,0,0,0
362.43,Net Banking,14,16235.89,5574.09,Same City,Tablet,188,0,0,0
1574.45,Debit Card,23,32571.17,18663.99,Same City,Tablet,223,0,0,0
1356.6,UPI,12,44232.42,76465.1,Same City,Mobile,241,0,0,0
401.01,Credit Card,22,34059.68,75237.45,Same City,Desktop,162,0,0,0
447.36,Debit Card,12,4715.25,21112.59,Same City,Desktop,103,0,0,0
815.17,Debit Card,15,14738.09,92130.75,Same City,Desktop,181,0,0,0
1501.54,Net Banking,8,24359.43,78517.6,Same City,Tablet,326,0,0,0
2064.01,Debit Card,7,15744.05,59023.07,Different City,Mobile,51,1,1,0
3197.58,Net Banking,13,7172.28,40754.3,Same City,Desktop,358,0,0,0
1519.49,Debit Card,7,22648.58,89267.17,Same City,Mobile,156,0,0,0
1117.04,Credit Card,17,9783.84,27230.73,Same City,Tablet,26,0,0,0
726.74,Net Banking,9,23737.03,30328.59,Same City,Desktop,347,0,0,0
6833.69,UPI,16,30270.98,61939.0,Same City,Desktop,82,0,0,0
301.19,Net Banking,7,36032.42,9139.15,Same City,Desktop,89,0,0,0
18299.97,Credit Card,23,66487.86,37698.62,Same City,Tablet,385,0,0,0
238.13,UPI,16,14795.56,23875.18,Different Country,Mobile,402,0,0,0
3914.15,UPI,21,23950.14,32679.47,Different City,Desktop,101,1,1,0
2016.54,UPI,17,22042.4,15241.6,Different City,Mobile,208,0,1,0
10346.68,Net Banking,6,7501.61,349766.42,Different Country,Mobile,0,1,1,1
33847.09,Debit Card,3,1512.64,149490.62,Different Country,Tablet,3,1,1,1
3584.08,UPI,19,51606.38,4458.81,Same City,Tablet,415,0,0,0
231.88,UPI,7,7148.27,65163.98,Same City,Desktop,452,0,0,0
22303.31,Net Banking,21,597.62,445413.65,Different Country,Tablet,5,1,1,1
519.61,Debit Card,19,10798.94,82646.46,Different City,Tablet,14,0,0,0
1314.3,Net Banking,13,5299.34,95544.82,Same City,Desktop,342,0,0,0
6365.32,Net Banking,8,48547.3,48509.47,Same City,Tablet,279,0,0,0
423.73,Debit Card,10,15977.35,20179.49,Different City,Mobile,150,1,0,0
2006.45,Credit Card,10,9780.26,88617.13,Same City,Tablet,185,0,0,0
92885.05,Net Banking,2,9197.93,56476.1,Different Country,Desktop,2,1,1,1
1413.91,Debit Card,0,7889.14,124508.32,Different Country,Desktop,4,1,1,1
2844.45,Credit Card,22,17645.96,1431.53,Same City,Tablet,45,0,0,0
6598.24,Net Banking,21,40792.85,7613.09,Same City,Tablet,456,0,0,0
998.61,Debit Card,23,18604.48,36255.98,Same City,Tablet,289,1,0,0
243.94,UPI,7,38218.3,10251.6,Same City,Tablet,166,0,0,0
1202.01,Credit Card,11,47868.94,26549.64,Same City,Tablet,395,0,0,0
1097.21,Debit Card,22,22790.39,45769.96,Different City,Desktop,95,0,0,0
170.83,Net Banking,18,40723.94,94836.96,Same City,Mobile,104,1,0,0
672.99,Net Banking,17,10501.41,50491.15,Same City,Mobile,52,0,0,0
418.75,Credit Card,13,31097.26,93848.22,Same City,Desktop,313,1,0,0
2362.4,Net Banking,13,44001.29,21233.91,Same City,Desktop,424,0,0,0
199.66,Debit Card,10,23210.53,98003.26,Same City,Desktop,177,0,0,0
316.79,Net Banking,22,41271.93,98356.72,Same City,Desktop,65,0,0,0
97.1,Debit Card,12,17529.53,89983.33,Same City,Tablet,276,0,0,0
15470.96,Net Banking,5,8561.54,58626.46,Different Country,Desktop,3,1,1,1
1938.68,Credit Card,18,8243.54,87513.36,Same City,Mobile,63,0,0,0
1579.65,Credit Card,20,45038.01,57060.97,Same City,Desktop,405,0,0,0
6846.27,Net Banking,18,9202.68,2636.7,Different City,Tablet,87,0,0,0
2572.86,UPI,18,42256.6,31676.17,Different City,Desktop,404,0,0,0
1018.44,Debit Card,11,22713.74,59567.98,Same City,Tablet,313,0,0,0
387.54,UPI,11,22332.02,31037.09,Same City,Desktop,484,0,0,0
1352.18,Debit Card,8,47797.47,49674.34,Same City,Tablet,225,0,0,0
1088.93,UPI,10,7338.98,30767.91,Same City,Desktop,493,0,0,0
3684.7,Net Banking,16,48998.44,1215.68,Same City,Tablet,302,0,0,0
1169.44,Net Banking,7,39692.12,21582.1,Same City,Desktop,209,0,0,0
249.91,Net Banking,9,954.74,24120.15,Same City,Mobile,241,0,0,0
4971.32,UPI,4,666.6,499294.8,Different Country,Mobile,5,0,1,1
540.01,Debit Card,22,21689.24,41102.11,Different City,Desktop,259,1,1,0
737.16,Net Banking,12,31635.15,96981.89,Same City,Tablet,202,1,0,0
3158.38,Credit Card,6,7899.95,14386.8,Same City,Tablet,481,0,0,0
7772.5,UPI,13,27589.87,3945.95,Same City,Mobile,65,1,0,0
1070.49,Debit Card,9,11406.96,19068.77,Different City,Tablet,181,0,0,0
351.13,Debit Card,20,11216.59,67781.32,Same City,Mobile,279,0,0,0
3199.05,Debit Card,18,50131.69,18118.33,Different City,Tablet,130,0,0,0
4334.83,Net Banking,12,33241.05,86557.71,Same City,Tablet,257,0,0,0
2178.42,Debit Card,19,18247.22,50604.47,Same City,Mobile,107,0,0,0
2167.57,Credit Card,6,32690.7,91509.85,Same City,Mobile,50,0,0,0
3002.3,Net Banking,16,14633.23,89738.57,Different City,Tablet,181,0,0,0
1072.47,Net Banking,10,38825.48,24860.49,Same City,Desktop,440,0,0,0
7219.83,Debit Card,21,16525.2,36223.54,Different City,Tablet,60,0,0,0
2254.08,Debit Card,0,39.18,499735.73,Same City,Tablet,2,0,1,1
1675.84,Credit Card,21,20195.74,35719.23,Same City,Tablet,241,0,0,0
643.73,UPI,10,17757.73,99767.23,Same City,Desktop,59,0,0,0
1314.55,Credit Card,19,30140.25,12611.53,Different City,Desktop,413,0,0,0
3074.81,Debit Card,9,41661.2,7404.47,Same City,Mobile,242,1,0,0
773.22,Debit Card,13,41578.91,59731.24,Same City,Tablet,253,0,0,0
206.73,UPI,22,37367.79,42549.33,Different City,Mobile,118,0,1,0
22063.01,Debit Card,4,5527.04,66223.56,Different City,Tablet,1,1,1,1
870.96,UPI,19,37791.42,70455.44,Same City,Tablet,403,0,0,0
469.83,UPI,8,16229.79,24150.06,Same City,Tablet,346,0,0,0
18945.13,UPI,2,5934.96,112957.71,Different City,Desktop,5,1,1,1
1039.08,Net Banking,13,30358.71,54137.44,Same City,Tablet,475,0,0,0
1352.26,UPI,15,44764.44,58310.58,Same City,Mobile,428,0,0,0
766.6,Debit Card,15,3392.66,3939.18,Same City,Mobile,162,0,0,0
567.86,UPI,11,18643.53,27039.33,Same City,Mobile,467,0,0,0
2788.13,Debit Card,13,5243.25,96141.66,Same City,Tablet,395,0,0,0
1904.33,Credit Card,14,4437.77,84372.88,Same City,Mobile,57,0,0,0
903.73,UPI,4,2474.63,326166.45,Same City,Tablet,4,1,0,1
536.81,Net Banking,13,28018.63,69189.52,Same City,Tablet,65,0,0,0
513.74,Credit Card,9,33500.11,21123.18,Same City,Mobile,131,0,0,0
2178.21,Debit Card,23,3800.17,3734.82,Same City,Mobile,128,0,0,0
1326.67,Debit Card,21,27952.12,3265.91,Same City,Desktop,325,0,0,0
799.45,Debit Card,14,3303.93,36005.05,Same City,Desktop,148,0,0,0
509.46,Debit Card,12,41764.15,29238.31,Same City,Desktop,282,0,0,0
363.81,UPI,15,30433.47,51567.94,Same City,Tablet,498,0,0,0
82.18,Credit Card,9,38120.64,13710.97,Same City,Mobile,240,0,0,0
1925.55,UPI,9,14298.84,16068.14,Different City,Tablet,459,0,1,0
230.1,Net Banking,15,12321.03,9496.53,Same City,Mobile,17,0,0,0
15894.63,Net Banking,1,6707.27,142025.33,Different Country,Tablet,0,1,1,1
3079.57,Net Banking,20,21869.76,16686.02,Same City,Desktop,259,0,0,0
2484.35,UPI,13,11308.8,50256.61,Same City,Desktop,206,0,0,0
3476.92,Net Banking,21,50111.41,11864.38,Same City,Mobile,269,1,0,0
933.29,UPI,13,26920.94,70301.9,Same City,Desktop,256,0,0,0
1625.87,UPI,21,43647.26,98945.11,Same City,Tablet,432,0,0,0
388.68,Net Banking,19,14649.1,36308.23,Same City,Desktop,374,0,0,0
4045.98,Net Banking,20,20116.46,89552.32,Same City,Mobile,139,0,0,0
660.54,Debit Card,10,36002.03,8134.88,Same City,Mobile,415,0,0,0
1312.77,Debit Card,23,16947.02,61033.38,Different City,Mobile,399,0,1,0
877.68,Debit Card,16,34867.89,63137.6,Same City,Tablet,412,1,0,0
19965.59,Credit Card,2,1213.72,493107.74,Different City,Mobile,5,1,1,1
6408.97,Net Banking,14,39452.82,27993.39,Different City,Desktop,19,0,0,0
372.02,Credit Card,11,46599.39,97105.82,Different City,Tablet,379,0,1,0
1129.76,UPI,7,3076.44,59626.99,Same City,Tablet,461,0,0,0
412.25,UPI,11,33018.13,82974.18,Same City,Desktop,477,0,0,0
1029.14,Net Banking,16,46127.66,20347.27,Same City,Desktop,158,0,0,0
4290.42,UPI,10,51865.45,60161.18,Different City,Desktop,480,1,0,0
2165.12,Net Banking,16,24123.52,34239.51,Different City,Desktop,94,0,1,0
2187.41,Credit Card,19,10708.01,96832.7,Same City,Tablet,420,0,0,0
979.33,Debit Card,14,5641.29,62568.19,Same City,Desktop,132,0,0,0
3290.44,Credit Card,21,8536.32,90255.29,Same City,Mobile,303,0,0,0
238.49,Credit Card,23,39968.94,9299.06,Same City,Desktop,429,0,0,0
3275.39,UPI,16,6108.0,33519.72,Different City,Tablet,77,0,0,0
926.91,UPI,10,14512.27,96641.74,Same City,Desktop,482,0,0,0
2440.46,Credit Card,11,17372.63,29991.91,Same City,Mobile,63,0,0,0
767.64,UPI,10,50394.12,24067.05,Same City,Desktop,459,0,0,0
1024.41,Credit Card,19,23315.58,57654.5,Same City,Desktop,345,0,0,0
474.89,Net Banking,18,39272.6,39312.18,Same City,Desktop,42,0,0,0
3317.88,UPI,15,30695.63,38040.05,Different City,Tablet,115,0,0,0
2145.38,Credit Card,1,4965.15,70426.06,Different Country,Desktop,0,1,1,1
2857.75,UPI,9,10529.72,59780.8,Same City,Mobile,53,0,0,0
355.65,Credit Card,18,48686.92,94470.74,Same City,Tablet,455,0,0,0
2909.73,Net Banking,11,28704.9,16136.28,Same City,Desktop,45,0,0,0
1733.13,Net Banking,23,31618.97,99955.77,Same City,Tablet,464,0,0,0
3545.64,Debit Card,14,52780.66,93738.81,Same City,Tablet,10,1,0,0
1119.78,UPI,23,49261.92,7560.5,Same City,Desktop,256,0,0,0
744.64,Credit Card,6,20023.96,2519.34,Same City,Desktop,220,0,0,0
4807.32,UPI,7,16324.35,7697.99,Different City,Mobile,273,0,1,0
250.4,Net Banking,8,47858.32,73792.78,Same City,Tablet,407,0,0,0
1349.2,Net Banking,8,31570.7,7697.95,Same City,Mobile,135,0,0,0
21704.16,Debit Card,23,55583.51,83790.84,Same City,Tablet,221,0,0,0
1184.2,Credit Card,22,18100.66,82888.34,Same City,Desktop,96,0,0,0
1685.16,Debit Card,13,10795.87,56794.52,Same City,Desktop,240,0,0,0
1376.72,Debit Card,7,27906.28,24185.23,Same City,Mobile,336,0,0,0
913.63,Debit Card,21,13415.77,31694.26,Same City,Mobile,174,0,0,0
645.91,UPI,16,28542.23,23138.06,Same City,Tablet,420,0,0,0
505.42,Net Banking,15,28458.16,34700.23,Different City,Mobile,121,0,0,0
963.41,Net Banking,17,40149.98,26592.85,Same City,Mobile,213,0,0,0
1482.59,Credit Card,7,50766.55,24205.53,Different City,Mobile,445,0,1,0
1117.47,UPI,22,4313.34,7115.57,Same City,Desktop,267,0,0,0
629.25,Debit Card,15,3615.6,96910.26,Same City,Tablet,288,0,0,0
1317.97,Credit Card,7,4999.58,68261.72,Same City,Desktop,254,0,0,0
289.68,Credit Card,23,28024.41,30552.43,Same City,Tablet,334,0,0,0
4634.76,Credit Card,6,6154.29,208800.07,Different City,Desktop,4,1,1,1
558.26,UPI,21,18064.4,11099.81,Same City,Mobile,205,0,0,0
5401.89,Credit Card,20,24890.94,44869.36,Same City,Tablet,451,0,0,0
1132.3,Credit Card,15,8725.73,73743.38,Same City,Tablet,255,1,0,0
649.03,Net Banking,7,33321.06,23818.28,Same City,Desktop,139,0,0,0
1409.96,Credit Card,11,13899.51,98801.4,Same City,Desktop,82,0,0,0
3145.23,Net Banking,19,36362.42,93682.97,Different City,Mobile,74,0,1,0
1387.99,Debit Card,11,7321.2,93983.21,Same City,Tablet,68,0,0,0
654.3,Debit Card,10,49423.92,81697.39,Same City,Desktop,244,0,0,0
1721.97,Net Banking,9,31474.64,60315.01,Different City,Mobile,73,0,0,0
9179.9,UPI,16,30562.24,61542.08,Same City,Tablet,410,1,0,0
119.48,Debit Card,12,49946.14,13521.73,Same City,Mobile,390,1,0,0
55449.04,UPI,13,1547.86,157576.04,Same City,Mobile,3,1,0,1
600.15,Credit Card,19,11893.65,22607.91,Same City,Desktop,241,0,0,0
5423.72,UPI,13,19755.49,63077.04,Same City,Tablet,473,0,0,0
470.14,Debit Card,18,12423.59,37325.18,Same City,Tablet,68,0,0,0
1770.43,UPI,15,18940.31,82125.73,Same City,Mobile,39,0,0,0
579.64,UPI,9,46098.43,38283.34,Different City,Desktop,257,0,1,0
1211.83,Net Banking,6,10622.68,18823.22,Same City,Tablet,111,1,0,0
1134.57,Net Banking,19,41338.87,81782.21,Same City,Mobile,467,0,0,0
3216.37,Credit Card,13,27944.34,70225.88,Different City,Tablet,463,0,1,0
12654.3,UPI,23,13658.0,87212.39,Same City,Desktop,139,0,0,0
1045.54,Credit Card,23,8256.07,49888.82,Same City,Desktop,204,0,0,0
57.95,UPI,7,1111.84,47684.35,Same City,Desktop,324,0,0,0
3079.32,UPI,12,20942.36,75784.61,Same City,Desktop,402,0,0,0
1447.16,Net Banking,21,25660.44,98689.59,Same City,Mobile,290,0,0,0
3429.43,Debit Card,7,16498.69,34519.22,Same City,Tablet,88,0,0,0
1333.88,Debit Card,18,15109.24,55417.8,Same City,Desktop,137,0,0,0
1967.1,Credit Card,14,15440.16,91220.82,Same City,Mobile,498,1,0,0
175.71,Credit Card,8,43983.37,90529.9,Same City,Mobile,17,0,0,0
6294.07,Debit Card,17,51082.66,90917.53,Same City,Tablet,409,0,0,0
378.0,Credit Card,7,18817.97,6817.23,Same City,Tablet,389,0,0,0
338.0,Debit Card,12,8748.27,98617.68,Same City,Desktop,470,0,0,0
629.2,Debit Card,11,20452.64,18177.89,Same City,Desktop,233,0,0,0
2875.2,UPI,9,14549.36,39090.6,Different City,Mobile,235,0,1,0
481.09,Credit Card,9,7473.54,85911.18,Same City,Mobile,263,0,0,0
499.7,Credit Card,14,4973.07,93695.78,Same City,Mobile,271,0,0,0
174.15,UPI,13,36931.1,2394.63,Same City,Desktop,169,1,0,0
480.34,Net Banking,15,7715.62,76151.06,Same City,Desktop,371,0,0,0
1681.08,Debit Card,17,35362.11,27538.12,Same City,Tablet,130,0,0,0
1772.7,Debit Card,21,14120.88,71756.14,Same City,Mobile,187,0,0,0
3034.07,UPI,19,50376.08,10590.58,Different City,Mobile,159,0,0,0
1983.32,Net Banking,12,26946.28,7705.83,Different Country,Tablet,85,0,0,0
759.74,Debit Card,19,23728.94,48469.63,Same City,Desktop,200,0,0,0
571.3,Credit Card,9,11395.44,42485.08,Same City,Mobile,54,0,0,0
636.88,Net Banking,6,39435.71,45328.88,Different City,Mobile,141,0,0,0
24888.46,Credit Card,2,1324.71,277988.6,Different City,Desktop,0,1,1,1
162.49,Credit Card,20,1692.25,58325.24,Same City,Tablet,218,0,0,0
5105.31,Credit Card,15,31289.68,42754.1,Same City,Tablet,342,0,0,0
993.38,UPI,10,44409.41,80592.54,Same City,Mobile,264,0,0,0
485.02,Debit Card,19,45098.14,63113.86,Same City,Tablet,69,0,0,0
468.79,Net Banking,15,2242.06,56988.97,Same City,Tablet,38,0,0,0
3619.57,Credit Card,23,44476.87,18161.4,Same City,Desktop,290,0,0,0
6443.33,Credit Card,10,18838.79,81910.23,Same City,Tablet,378,0,0,0
357.36,UPI,12,37207.37,5165.74,Same City,Tablet,466,0,0,0
450.56,Debit Card,7,49103.79,39309.77,Same City,Desktop,186,0,0,0
4926.37,Debit Card,13,24813.85,62208.67,Same City,Tablet,138,0,0,0
2133.28,Net Banking,14,19335.55,13457.63,Same City,Tablet,51,0,0,0
1760.92,UPI,10,48603.75,13752.09,Same City,Mobile,390,0,0,0
838.38,UPI,13,23704.58,36905.3,Different City,Desktop,208,0,0,0
454.95,Debit Card,17,42339.57,16972.84,Same City,Tablet,130,0,0,0
4769.17,UPI,3,2797.67,286826.78,Different Country,Desktop,0,0,1,1
345.95,UPI,19,8248.42,75179.82,Same City,Mobile,250,0,0,0
693.23,Debit Card,15,38459.12,30946.26,Different City,Desktop,354,0,1,0
373.25,UPI,18,31555.48,8534.75,Same City,Desktop,162,0,0,0
13653.67,Debit Card,2,9355.23,456981.71,Same City,Mobile,2,1,1,1
2389.73,Credit Card,19,49749.55,49625.88,Different Country,Mobile,345,0,1,0
544.72,Debit Card,23,44236.29,92087.24,Same City,Tablet,382,0,0,0
1647.19,Credit Card,22,2434.67,234304.66,Different Country,Mobile,5,1,1,1
455.66,Net Banking,21,38312.32,58243.51,Same City,Mobile,366,0,0,0
1408.8,UPI,17,33546.18,8414.0,Same City,Mobile,351,0,0,0
837.25,Net Banking,20,40722.29,14991.74,Same City,Tablet,468,1,0,0
1393.04,Credit Card,19,25889.04,40177.88,Same City,Tablet,430,0,0,0
2424.0,Debit Card,21,19740.34,5473.27,Same City,Tablet,30,0,0,0
2734.17,Credit Card,11,25276.19,77671.06,Same City,Mobile,124,0,0,0
3575.61,Debit Card,20,7120.55,33478.9,Different City,Mobile,149,0,0,0
1849.21,Net Banking,22,49465.08,4242.23,Different City,Mobile,472,0,1,0
35185.23,UPI,6,5356.89,203153.34,Different City,Mobile,0,1,1,1
548.45,Debit Card,17,41696.9,42373.83,Same City,Desktop,177,0,0,0
87.4,Net Banking,21,7856.58,57260.72,Same City,Tablet,482,1,0,0
1224.8,Debit Card,17,5445.15,15452.08,Same City,Tablet,70,0,0,0
596.91,Credit Card,21,15805.39,53247.09,Same City,Mobile,317,0,0,0
647.91,Net Banking,20,42042.81,17070.84,Same City,Tablet,469,0,0,0
2747.52,Net Banking,16,7016.88,1912.9,Same City,Tablet,41,1,0,0
1972.11,Debit Card,12,6577.57,83530.25,Same City,Desktop,132,0,0,0
266.74,Net Banking,15,38099.29,34757.15,Same City,Mobile,263,0,0,0
1056.2,UPI,17,49748.84,54419.87,Same City,Tablet,426,0,0,0
471.89,Debit Card,23,48003.39,60065.11,Same City,Tablet,138,0,0,0
856.47,Debit Card,19,2613.31,7857.85,Same City,Mobile,389,0,0,0
1179.91,Debit Card,12,25006.15,84909.8,Same City,Mobile,447,0,0,0
4702.37,Net Banking,6,44872.17,51800.81,Same City,Desktop,205,0,0,0
1697.54,UPI,10,17079.6,62389.58,Same City,Mobile,32,0,0,0
582.45,Debit Card,16,46054.16,37023.22,Same City,Tablet,135,0,0,0
49321.73,Net Banking,0,1360.56,419678.66,Different Country,Mobile,3,1,1,1
1293.05,Debit Card,20,43661.39,2359.5,Same City,Mobile,179,1,0,0
248.62,Debit Card,8,7024.15,95330.72,Same City,Mobile,408,0,0,0
1247.9,Credit Card,16,47860.6,56513.32,Same City,Tablet,82,0,0,0
334.62,Debit Card,12,9830.92,30373.5,Same City,Mobile,233,1,0,0
1832.8,Net Banking,10,24796.33,48296.89,Same City,Tablet,460,0,0,0
597.73,Net Banking,17,25012.27,42998.52,Same City,Desktop,189,0,0,0
3514.81,Credit Card,16,14858.12,25096.67,Same City,Mobile,361,0,0,0
571.72,Net Banking,9,25913.77,84070.3,Different City,Tablet,343,0,0,0
398.29,Debit Card,7,15076.31,36636.18,Same City,Tablet,73,0,0,0
594.83,Net Banking,1,4406.03,429905.56,Different Country,Desktop,3,1,1,1
2014.74,Net Banking,10,46330.44,89568.99,Same City,Desktop,130,0,0,0
1336.64,UPI,15,14284.85,13566.15,Same City,Tablet,247,1,0,0
1087.92,Net Banking,22,5525.24,53710.65,Same City,Tablet,32,0,0,0
1142.06,Net Banking,21,31730.01,41102.85,Same City,Tablet,147,0,0,0
9859.82,Credit Card,12,38462.66,86343.16,Same City,Tablet,102,0,0,0
1061.8,UPI,6,30344.71,94147.42,Same City,Mobile,313,0,0,0
5730.84,UPI,22,32505.35,19545.8,Different City,Desktop,94,0,0,0
3665.09,Net Banking,8,30950.66,12564.35,Same City,Desktop,382,0,0,0
1558.45,Debit Card,23,6079.83,48762.78,Different City,Tablet,138,0,1,0
2698.36,Net Banking,7,18982.4,67648.37,Same City,Tablet,297,0,0,0
605.58,UPI,12,17636.91,50593.17,Same City,Desktop,403,0,0,0
3458.66,Credit Card,15,46479.63,72281.43,Same City,Mobile,389,0,0,0
1338.02,Net Banking,12,18014.35,69361.81,Same City,Tablet,278,0,0,0
1334.78,Net Banking,22,41181.99,48152.24,Same City,Desktop,219,0,0,0
3642.89,Credit Card,19,25264.85,37904.05,Same City,Desktop,340,0,0,0
1951.9,Credit Card,8,27584.6,53211.35,Different City,Tablet,116,0,1,0
3599.67,UPI,7,40709.71,67523.08,Same City,Mobile,225,0,0,0
2703.43,Credit Card,9,37541.62,38279.88,Same City,Desktop,160,0,0,0
131.39,UPI,6,24892.59,82824.93,Different City,Tablet,341,0,0,0
933.9,UPI,12,47936.13,34302.67,Same City,Mobile,204,0,0,0
1173.23,UPI,20,45018.24,40348.29,Different City,Tablet,163,0,0,0
1311.2,Net Banking,18,10852.07,72038.4,Different City,Tablet,16,0,1,0
4488.83,UPI,17,48185.32,98408.35,Same City,Mobile,223,0,0,0
2623.63,Credit Card,16,46288.48,16885.85,Same City,Desktop,138,0,0,0
795.02,Debit Card,6,43019.13,80567.02,Different City,Desktop,440,0,1,0
8749.47,Debit Card,20,38058.65,86827.13,Same City,Tablet,314,0,0,0
7121.32,Credit Card,18,2049.79,373577.74,Different City,Mobile,0,1,1,1
867.3,Net Banking,11,21888.96,1812.4,Same City,Desktop,292,0,0,0
670.55,Debit Card,6,28667.61,32116.22,Same City,Tablet,99,0,0,0
3606.7,Net Banking,17,20946.19,80301.19,Different City,Tablet,217,0,1,0
1605.45,Net Banking,6,9693.02,46155.75,Same City,Tablet,94,0,0,0
313.71,Credit Card,7,43545.19,47320.99,Same City,Desktop,129,0,0,0
4253.27,UPI,19,31314.21,85115.07,Same City,Mobile,212,0,0,0
610.37,UPI,9,2486.32,99433.03,Same City,Desktop,219,0,0,0
5498.76,Debit Card,12,35124.45,70263.38,Same City,Mobile,193,0,0,0
1835.43,UPI,19,45202.34,91324.06,Same City,Tablet,275,0,0,0
339.04,Debit Card,22,21316.68,35781.12,Same City,Tablet,109,0,0,0
300.92,UPI,11,15731.02,54645.85,Same City,Desktop,235,0,0,0
1587.07,Credit Card,20,49647.73,38948.19,Same City,Mobile,273,0,0,0
1623.62,Credit Card,18,15266.95,49669.54,Same City,Desktop,195,0,0,0
619.71,UPI,17,41429.78,22444.06,Different City,Tablet,141,0,0,0
2435.35,UPI,11,47924.16,618.38,Same City,Tablet,206,0,0,0
3589.27,Credit Card,11,16915.09,2094.5,Same City,Tablet,133,0,0,0
130.25,Debit Card,19,25671.97,50127.56,Same City,Desktop,373,0,0,0
1194.17,UPI,8,13602.43,47096.03,Same City,Desktop,397,0,0,0
279.46,Net Banking,12,41044.95,77802.52,Same City,Mobile,477,0,0,0
2472.2,Debit Card,19,16645.73,17743.95,Different Country,Tablet,179,0,0,0
2417.83,UPI,7,35283.72,24039.89,Same City,Mobile,80,0,0,0
1073.95,Credit Card,12,19737.65,77641.3,Same City,Desktop,151,0,0,0
1236.49,Net Banking,18,4939.19,3065.25,Same City,Desktop,38,0,0,0
397.52,Credit Card,21,3961.77,51905.98,Same City,Desktop,55,0,0,0
39994.65,Net Banking,5,9678.65,446019.83,Different City,Desktop,2,1,1,1
1295.24,Debit Card,21,31721.31,51268.85,Same City,Mobile,152,0,0,0
1299.01,UPI,15,6223.16,45037.09,Same City,Tablet,270,0,0,0
250.0,Debit Card,19,41704.0,35675.33,Different City,Desktop,195,0,1,0
1326.95,UPI,6,32983.28,15647.67,Different City,Mobile,220,1,0,0
31261.97,UPI,16,375.66,361418.91,Same City,Mobile,5,1,1,1
515.23,Net Banking,6,15021.05,35567.27,Same City,Tablet,198,0,0,0
588.34,Net Banking,21,42847.62,2327.19,Same City,Mobile,363,0,0,0
373.39,Net Banking,17,37151.15,61010.79,Same City,Mobile,462,0,0,0
430.33,Net Banking,12,41917.12,28152.12,Same City,Mobile,376,0,0,0
316.12,Net Banking,20,39364.34,27480.6,Same City,Mobile,216,0,0,0
4037.08,UPI,8,16460.44,85964.53,Different City,Desktop,164,0,0,0
2689.38,UPI,10,38156.79,836.37,Same City,Mobile,438,0,0,0
1297.85,Debit Card,20,36838.97,31435.01,Same City,Mobile,457,1,0,0
7733.05,Credit Card,6,48437.84,94050.4,Same City,Tablet,493,1,0,0
12578.6,Net Banking,7,53246.59,71812.31,Different City,Mobile,258,0,1,0
2118.67,Net Banking,21,6559.31,40845.32,Same City,Desktop,174,0,0,0
1866.85,Net Banking,13,26914.8,73024.92,Same City,Tablet,19,0,0,0
985.32,Debit Card,19,11381.37,36426.99,Same City,Mobile,494,1,0,0
1011.39,Debit Card,8,4714.83,68443.54,Same City,Mobile,242,1,0,0
2616.53,Net Banking,9,37344.56,54272.44,Different City,Desktop,375,1,1,0
1149.38,Net Banking,9,43646.78,24734.81,Same City,Tablet,456,0,0,0
653.1,Credit Card,23,15211.7,16122.13,Same City,Tablet,305,0,0,0
800.07,Net Banking,14,5847.46,62295.4,Same City,Mobile,342,0,0,0
2484.66,Debit Card,23,39440.67,31562.73,Same City,Tablet,286,0,0,0
449315.72,Credit Card,0,1873.47,25910.68,Different Country,Desktop,2,1,1,1
3525.52,Debit Card,12,10600.16,79526.73,Same City,Desktop,158,0,0,0
354208.97,Net Banking,0,5572.52,373891.63,Same City,Tablet,5,1,1,1
644.7,Net Banking,16,34315.65,22050.43,Same City,Tablet,289,0,0,0
91.12,Net Banking,19,29268.57,81247.38,Same City,Mobile,472,0,0,0
11659.45,Credit Card,12,56437.22,66646.3,Same City,Desktop,208,0,0,0
1000.54,Net Banking,9,20785.06,86706.02,Same City,Mobile,382,0,0,0
2049.82,Credit Card,16,31748.42,5334.8,Same City,Desktop,82,0,0,0
1717.52,Net Banking,8,34186.8,89924.89,Same City,Mobile,195,0,0,0
557.24,Debit Card,11,43848.8,10284.26,Same City,Desktop,69,0,0,0
3285.59,UPI,10,49638.28,96205.85,Same City,Tablet,71,1,0,0
1263.02,Debit Card,8,32057.96,91060.57,Different City,Tablet,397,0,0,0
1449.53,Net Banking,12,30821.29,16801.42,Different City,Mobile,263,0,1,0
626.03,Debit Card,23,19826.96,83914.66,Same City,Tablet,296,1,0,0
1317.95,Debit Card,7,8607.48,62399.85,Same City,Tablet,196,0,0,0
883.94,Debit Card,13,47194.31,16169.46,Same City,Tablet,440,0,0,0
871.84,Debit Card,10,30059.85,25310.15,Same City,Desktop,276,0,0,0
465.83,UPI,23,49696.17,66640.73,Same City,Mobile,461,0,0,0
1104.12,Credit Card,20,41471.7,45966.49,Same City,Desktop,287,0,0,0
14795.94,Credit Card,6,6579.5,413709.23,Different Country,Mobile,4,1,1,1
1540.79,Net Banking,17,7151.34,28918.74,Same City,Mobile,375,0,0,0
27256.53,UPI,17,2093.06,45535.94,Different Country,Desktop,2,1,1,1
981.75,Credit Card,14,17920.72,87068.85,Same City,Tablet,433,0,0,0
1921.35,Net Banking,21,19959.96,29359.18,Same City,Mobile,345,0,0,0
1398.76,Net Banking,7,12132.68,3113.41,Same City,Mobile,215,0,0,0
2683.93,Net Banking,9,43761.72,156.51,Same City,Tablet,459,0,0,0
784.64,UPI,9,10077.46,89398.97,Same City,Mobile,34,0,0,0
7695.13,Credit Card,22,33680.65,5116.55,Same City,Desktop,436,0,0,0
723.94,UPI,11,45429.18,78859.72,Different City,Tablet,262,0,1,0
930.45,Credit Card,16,15211.25,28896.85,Same City,Tablet,172,0,0,0
1159.48,UPI,15,30764.12,39900.27,Different City,Mobile,269,0,1,0
2642.33,Debit Card,19,31055.14,79624.36,Different City,Desktop,150,0,1,0
5081.87,Debit Card,13,27414.4,20918.55,Same City,Mobile,347,0,0,0
527.62,Credit Card,22,48188.31,71924.52,Same City,Tablet,123,0,0,0
1244.34,Credit Card,5,4108.16,116672.9,Different City,Mobile,0,1,1,1
188.91,UPI,21,45406.43,34825.55,Different City,Desktop,407,0,1,0
6153.01,UPI,15,7499.1,44903.88,Different City,Desktop,262,0,0,0
413.28,Credit Card,8,28776.87,47605.04,Same City,Desktop,377,0,0,0
2839.28,UPI,9,10255.03,15966.63,Same City,Tablet,181,0,0,0
1454.74,Debit Card,11,43570.47,72849.07,Same City,Mobile,430,0,0,0
1319.11,Net Banking,15,29558.7,50027.85,Same City,Tablet,88,0,0,0
115.94,UPI,15,32567.01,7410.54,Different City,Tablet,23,0,0,0
595.03,Net Banking,19,28626.29,85793.49,Same City,Desktop,418,0,0,0
1677.94,UPI,12,45041.82,66926.83,Same City,Desktop,106,0,0,0
515.8,Net Banking,16,49376.79,40690.8,Same City,Mobile,424,0,0,0
8862.1,Net Banking,12,35392.12,24189.33,Same City,Tablet,188,0,0,0
4197.91,Credit Card,16,9200.4,328624.98,Different Country,Desktop,5,1,1,1
1164.37,Net Banking,6,19119.29,64781.74,Same City,Tablet,500,1,0,0
331.66,Debit Card,15,18165.35,78379.18,Same City,Mobile,211,0,0,0
192.54,Credit Card,19,48666.21,25813.34,Same City,Tablet,272,0,0,0
1026.85,Net Banking,7,14780.82,99712.45,Same City,Mobile,403,0,0,0
513.01,UPI,18,28334.93,29136.11,Same City,Mobile,201,0,0,0
867.82,UPI,10,24420.23,89014.11,Same City,Desktop,295,0,0,0
396.75,Credit Card,7,1615.8,36042.68,Same City,Tablet,313,0,0,0
1958.35,Credit Card,13,51475.93,2576.96,Same City,Tablet,266,0,0,0
9813.93,Debit Card,2,5908.66,329836.78,Same City,Desktop,4,1,1,1
706.46,Debit Card,9,16712.21,62589.14,Same City,Mobile,211,0,0,0
139.06,UPI,17,37021.97,3671.29,Same City,Tablet,62,0,0,0
1271.67,Net Banking,19,14942.2,21789.14,Same City,Desktop,163,0,0,0
909.46,Credit Card,17,9104.91,1260.75,Same City,Desktop,92,1,0,0
3924.03,Net Banking,18,14885.63,66168.43,Same City,Desktop,381,0,0,0
327.13,Net Banking,20,28260.52,73065.05,Different City,Mobile,469,0,1,0
3248.61,Net Banking,7,46899.03,11258.04,Different City,Tablet,311,0,1,0
572.59,Net Banking,8,49167.67,51261.52,Same City,Mobile,326,0,0,0
492.78,Credit Card,8,42931.52,36325.54,Same City,Desktop,73,0,0,0
1295.87,Net Banking,1,8816.35,262444.19,Same City,Mobile,3,1,1,1
300.81,Net Banking,11,20376.42,81186.61,Same City,Mobile,40,0,0,0
2391.46,Net Banking,12,34718.0,63690.23,Different City,Tablet,143,0,1,0
1110.98,Credit Card,14,29998.48,49251.77,Same City,Desktop,10,0,0,0
394.98,Net Banking,10,19193.61,54986.86,Same City,Mobile,331,0,0,0
359.05,Credit Card,18,3282.67,37392.1,Same City,Desktop,22,0,0,0
27420.37,UPI,1,6250.92,473631.58,Different City,Tablet,5,0,1,1
634.81,Debit Card,7,30627.13,62364.88,Same City,Mobile,351,0,0,0
1701.9,Credit Card,10,38082.03,56207.28,Same City,Tablet,470,0,0,0
1386.05,UPI,10,12376.92,94996.12,Same City,Tablet,176,0,0,0
9803.12,Credit Card,15,25910.05,18651.85,Same City,Mobile,14,0,0,0
3015.33,Debit Card,19,16852.21,15620.66,Same City,Desktop,364,0,0,0
136.44,Credit Card,12,42111.54,16067.96,Same City,Desktop,158,0,0,0
3781.27,Net Banking,16,6694.41,86472.24,Same City,Desktop,456,0,0,0
3264.89,Net Banking,7,46500.11,58693.65,Same City,Tablet,76,1,0,0
2541.84,Net Banking,17,18128.9,45522.01,Same City,Tablet,434,0,0,0
1407.24,Debit Card,19,49560.54,34187.22,Same City,Desktop,397,0,0,0
451.54,Net Banking,14,41127.33,58843.12,Same City,Tablet,257,0,0,0
889.78,Net Banking,11,40913.32,20403.56,Same City,Desktop,115,0,0,0
515.96,Debit Card,7,24860.96,25677.66,Same City,Tablet,157,0,0,0
5065.43,Credit Card,17,20902.08,39314.71,Same City,Mobile,410,0,0,0
2471.36,Debit Card,13,46843.28,47221.49,Same City,Tablet,494,1,0,0
867.32,UPI,7,6948.6,33761.52,Same City,Tablet,438,1,0,0
1429.9,Debit Card,17,26171.22,38764.88,Same City,Mobile,189,0,0,0
409.2,Debit Card,11,34027.47,72930.98,Same City,Tablet,135,0,0,0
970.0,UPI,18,29855.18,46398.17,Same City,Tablet,356,1,0,0
1807.8,UPI,12,48224.09,92913.95,Same City,Tablet,357,0,0,0
2204.43,UPI,7,37937.37,80172.81,Same City,Desktop,80,0,0,0
1761.93,UPI,14,4074.08,493419.05,Different City,Tablet,5,1,1,1
299.1,UPI,16,27870.63,40736.55,Same City,Mobile,493,1,0,0
10712.77,UPI,23,6477.2,24356.73,Same City,Mobile,2,1,1,1
1263.6,UPI,6,5810.91,75527.04,Same City,Mobile,144,0,0,0
1461.36,UPI,23,46593.78,6644.38,Different City,Mobile,73,1,1,0
1013.26,Credit Card,18,43228.53,26240.84,Different City,Mobile,211,0,1,0
392.93,UPI,9,34208.51,39593.72,Same City,Tablet,410,0,0,0
5863.12,Net Banking,22,25119.29,54355.29,Same City,Desktop,391,0,0,0
2929.8,Net Banking,12,11780.83,91441.19,Same City,Mobile,241,0,0,0
3774.91,Credit Card,11,51318.47,70254.05,Same City,Desktop,225,0,0,0
374.16,Debit Card,18,34515.53,31523.94,Same City,Mobile,62,0,0,0
8142.6,Net Banking,5,6509.72,414013.36,Different Country,Mobile,5,1,1,1
162.71,Debit Card,6,39880.07,94099.23,Same City,Desktop,258,0,0,0
4314.35,Net Banking,20,37459.73,71532.23,Same City,Desktop,65,1,0,0
377.08,UPI,22,40576.9,50520.68,Same City,Tablet,368,0,0,0
3613.77,UPI,9,30614.59,28247.24,Same City,Desktop,197,0,0,0
314.06,Credit Card,11,16465.39,84804.21,Same City,Tablet,222,0,0,0
857.43,Debit Card,7,25292.02,65222.43,Different City,Desktop,223,0,1,0
13753.82,Net Banking,13,8482.03,251561.53,Different Country,Tablet,5,1,1,1
3018.87,Net Banking,6,28344.36,50775.78,Same City,Mobile,476,0,0,0
1636.77,Debit Card,16,9293.24,47741.62,Same City,Mobile,232,1,0,0
490.31,Credit Card,18,10684.78,38670.71,Same City,Mobile,500,0,0,0
3959.28,Net Banking,19,39152.81,83445.83,Same City,Tablet,314,0,0,0
556.0,Debit Card,12,10848.4,62680.26,Different City,Tablet,273,0,1,0
2131.76,Net Banking,17,19064.56,82752.37,Same City,Tablet,27,0,0,0
1785.23,UPI,8,34187.6,12834.99,Same City,Desktop,142,0,0,0
4691.62,Credit Card,17,14534.25,72245.21,Same City,Tablet,481,0,0,0
2342.39,Net Banking,19,14592.16,92703.45,Same City,Desktop,373,0,0,0
122652.18,Credit Card,4,1261.38,269471.47,Different City,Desktop,1,1,1,1
121.98,Credit Card,11,45608.45,56895.55,Same City,Tablet,103,0,0,0
2860.91,UPI,3,7984.54,356541.88,Different Country,Desktop,5,1,1,1
1067.1,Credit Card,6,8654.53,32467.59,Different City,Desktop,294,0,0,0
4895.37,Debit Card,7,12647.61,58622.98,Same City,Tablet,181,1,0,0
451.34,UPI,9,12726.71,96673.42,Same City,Mobile,66,0,0,0
2192.34,Credit Card,21,39836.99,53129.4,Same City,Tablet,490,0,0,0
8831.21,UPI,21,51344.18,19624.57,Same City,Tablet,187,0,0,0
217.82,Debit Card,22,37403.16,4814.28,Different City,Desktop,321,0,1,0
1343.35,Debit Card,23,31031.05,58008.62,Same City,Mobile,65,0,0,0
368.11,Credit Card,8,36297.02,37204.36,Same City,Desktop,135,0,0,0
360.7,Net Banking,13,13098.99,997.88,Same City,Desktop,220,0,0,0
338.26,Credit Card,13,7724.71,93806.41,Same City,Desktop,381,0,0,0
4444.2,Net Banking,20,6120.35,93621.22,Same City,Desktop,96,0,0,0
862.07,UPI,16,39357.25,93479.55,Different City,Tablet,208,0,1,0
3146.31,Debit Card,9,26906.79,22578.96,Different City,Mobile,172,0,0,0
4098.2,Debit Card,8,4762.2,78737.2,Different City,Desktop,251,0,1,0
2445.8,Net Banking,10,25282.71,48201.73,Same City,Tablet,170,0,0,0
2660.29,Credit Card,11,42772.11,43453.1,Same City,Mobile,273,0,0,0
1094.0,UPI,19,35590.59,25231.19,Different City,Desktop,165,0,1,0
1862.53,Credit Card,22,17522.16,50614.19,Different City,Desktop,45,0,1,0
347.65,Net Banking,21,21536.85,30293.09,Same City,Mobile,388,0,0,0
2873.76,UPI,14,35788.64,56830.86,Same City,Tablet,214,0,0,0
198.31,UPI,10,7252.18,83493.02,Different City,Tablet,410,0,0,0
206.56,UPI,15,38704.26,18704.37,Same City,Desktop,63,0,0,0
3206.64,Debit Card,16,16722.43,36844.89,Same City,Mobile,430,0,0,0
2090.95,Debit Card,20,37324.53,21296.42,Different City,Mobile,206,0,0,0
367.92,Debit Card,8,34980.93,79501.15,Different City,Tablet,32,0,1,0
1080.9,Debit Card,17,20352.81,3899.6,Same City,Tablet,115,0,0,0
101384.06,UPI,1,8668.21,448046.8,Different City,Tablet,3,0,1,1
642.05,Net Banking,17,37663.27,91807.66,Same City,Mobile,59,0,0,0
162.02,Net Banking,19,30006.51,43384.39,Same City,Mobile,218,0,0,0
493.15,UPI,20,38355.05,51938.59,Same City,Mobile,305,0,0,0
1086.49,Debit Card,13,10126.77,89114.01,Same City,Desktop,255,1,0,0
368.56,Net Banking,18,30092.23,1013.12,Same City,Tablet,25,0,0,0
4865.2,Credit Card,18,8243.37,22823.54,Same City,Desktop,136,0,0,0
38716.8,Debit Card,10,477.81,182593.18,Different Country,Mobile,4,1,1,1
218.42,UPI,14,44833.45,95533.47,Different City,Mobile,21,0,0,0
955.02,UPI,23,8840.35,15599.45,Same City,Desktop,26,1,0,0
1672.01,Net Banking,15,46013.12,41094.26,Same City,Desktop,214,1,0,0
1589.45,UPI,15,48512.64,18123.31,Same City,Tablet,259,0,0,0
438.66,Credit Card,12,13237.28,1289.75,Same City,Tablet,319,0,0,0
511.46,Credit Card,21,40705.25,92922.81,Same City,Mobile,386,0,0,0
500.81,Debit Card,16,14114.05,24755.98,Same City,Mobile,116,0,0,0
1134.73,UPI,9,16414.25,30394.25,Same City,Mobile,495,0,0,0
1267.61,UPI,15,39128.45,44229.38,Different City,Mobile,243,0,1,0
1113.9,Credit Card,18,10591.13,7697.17,Same City,Tablet,299,0,0,0
45490.35,Debit Card,17,9660.21,74010.85,Different Country,Mobile,4,1,1,1
55.08,Credit Card,9,33184.57,75117.71,Same City,Tablet,272,0,0,0
761.03,Credit Card,23,4416.74,1210.85,Same City,Desktop,410,0,0,0
13536.91,Debit Card,1,375.29,288922.8,Different City,Desktop,5,1,1,1
87.16,Net Banking,8,33732.47,48127.8,Same City,Desktop,464,0,0,0
3592.97,Credit Card,15,33306.69,1624.34,Different City,Tablet,228,0,0,0
962.81,Credit Card,9,32591.49,44844.55,Same City,Desktop,320,0,0,0
62995.69,Debit Card,6,5546.2,451799.3,Different Country,Mobile,5,1,1,1
708.59,Credit Card,23,24805.01,66243.4,Same City,Desktop,346,0,0,0
245.54,Debit Card,6,10591.65,48303.97,Same City,Desktop,288,0,0,0
1888.16,Credit Card,10,18139.75,42543.64,Same City,Mobile,443,0,0,0
27702.48,UPI,1,5517.12,184713.87,Different Country,Desktop,3,1,1,1
313.84,UPI,16,41204.27,34181.74,Same City,Desktop,233,0,0,0
127.37,UPI,13,46105.03,49696.35,Same City,Desktop,69,0,0,0
2326.06,UPI,8,20778.44,63230.58,Same City,Tablet,299,0,0,0
574.81,UPI,21,8893.66,33021.51,Same City,Mobile,170,0,0,0
1831.86,Debit Card,23,38751.55,83414.46,Different City,Desktop,187,0,0,0
1773.85,Debit Card,18,17527.64,63564.53,Same City,Desktop,235,0,0,0
429.26,Debit Card,7,35131.02,70061.15,Same City,Desktop,272,0,0,0
1626.93,Credit Card,22,34920.27,52306.54,Same City,Tablet,422,0,0,0
659.21,Debit Card,11,14944.49,13382.84,Same City,Mobile,147,0,0,0
4996.01,Credit Card,8,6714.94,65871.76,Same City,Mobile,183,0,0,0
8186.2,UPI,8,26883.36,25975.38,Same City,Mobile,283,0,0,0
4539.19,Net Banking,21,21214.6,70080.84,Same City,Tablet,464,0,0,0
696.07,Net Banking,11,9273.43,12694.44,Same City,Desktop,102,1,0,0
648.31,Credit Card,23,32632.56,8144.72,Same City,Mobile,315,1,0,0
240.36,Debit Card,10,35513.42,81712.81,Same City,Mobile,77,0,0,0
402.54,Credit Card,17,21026.61,24053.16,Same City,Tablet,244,1,0,0
2707.92,UPI,21,35291.5,54543.19,Different City,Tablet,71,0,0,0
2080.74,UPI,9,5264.98,9236.05,Same City,Tablet,82,0,0,0
1038.06,Net Banking,14,42431.25,76452.78,Different City,Tablet,186,0,0,0
5745.71,Credit Card,23,40362.54,66134.27,Different City,Mobile,234,0,0,0
1059.25,Credit Card,19,20337.15,67964.73,Same City,Tablet,481,0,0,0
628.02,Credit Card,17,43874.5,15492.53,Same City,Tablet,334,1,0,0
1538.48,Net Banking,19,8041.94,57849.25,Different City,Tablet,306,0,1,0
285.87,Net Banking,10,15171.65,23360.78,Different City,Mobile,26,0,1,0
49175.89,Credit Card,0,520.24,65686.56,Different City,Mobile,4,0,1,1
1378.84,Net Banking,17,36300.7,90026.41,Same City,Desktop,332,0,0,0
914.66,UPI,17,34105.66,59536.64,Same City,Mobile,177,0,0,0
3234.94,Net Banking,6,14912.65,1438.14,Same City,Mobile,182,0,0,0
688.33,Debit Card,9,22342.39,29122.91,Same City,Mobile,193,0,0,0
2209.03,Credit Card,10,32003.42,5142.58,Same City,Mobile,435,0,0,0
10021.93,Debit Card,19,50161.49,86141.8,Same City,Desktop,219,0,0,0
1416.62,Debit Card,14,31482.41,66503.67,Same City,Mobile,323,0,0,0
1026.51,Debit Card,17,27702.72,5182.35,Same City,Mobile,299,0,0,0
1456.44,UPI,16,43943.82,4499.68,Same City,Mobile,245,0,0,0
337.15,Net Banking,14,24597.38,79401.45,Different City,Tablet,319,0,1,0
7631.94,Credit Card,3,1903.82,189693.74,Same City,Tablet,4,1,0,1
311.53,Debit Card,18,26320.84,60775.27,Same City,Desktop,110,0,0,0
914.61,UPI,12,19718.37,62133.06,Different City,Desktop,400,0,1,0
514.5,Debit Card,6,10878.29,12138.64,Same City,Desktop,495,0,0,0
6610.14,UPI,7,7754.75,31577.32,Different City,Desktop,419,0,1,0
2836.45,Debit Card,18,47462.34,18533.02,Different City,Desktop,241,0,0,0
659.75,UPI,9,39061.37,41650.44,Same City,Desktop,290,1,0,0
795.79,Net Banking,6,46853.42,69459.54,Different City,Desktop,125,0,1,0
729.94,UPI,15,48257.85,58162.23,Same City,Tablet,205,1,0,0
3710.68,UPI,12,32405.49,32521.12,Same City,Mobile,24,0,0,0
483189.62,UPI,3,814.74,104736.22,Same City,Mobile,2,1,0,1
9483.5,Net Banking,21,42485.26,89511.77,Same City,Tablet,228,0,0,0
7262.22,UPI,23,53777.46,52758.8,Different City,Desktop,84,0,0,0
1277.11,Debit Card,17,1383.83,51112.91,Different City,Desktop,240,0,0,0
1033.37,Net Banking,13,13716.8,44672.65,Same City,Desktop,388,0,0,0
2741.68,Credit Card,20,25533.2,51559.6,Same City,Tablet,45,0,0,0
2597.73,Credit Card,8,3140.01,99782.09,Different Country,Desktop,190,0,0,0
702.4,UPI,21,21828.11,73758.23,Same City,Tablet,410,0,0,0
78.59,Debit Card,18,43617.89,63141.89,Same City,Desktop,289,0,0,0
311.73,Debit Card,8,47604.64,31291.95,Same City,Mobile,160,0,0,0
943.58,Credit Card,11,15917.08,32040.13,Same City,Tablet,65,0,0,0
828.82,Debit Card,8,9187.26,70660.41,Same City,Desktop,389,0,0,0
2561.71,Debit Card,14,50968.19,6656.47,Same City,Desktop,306,0,0,0
418.32,Credit Card,18,22076.06,98036.87,Same City,Mobile,403,0,0,0
2231.77,UPI,9,22044.93,5126.35,Same City,Mobile,202,0,0,0
1037.15,UPI,13,9884.77,69000.49,Same City,Tablet,379,0,0,0
1833.14,Credit Card,9,27449.13,50151.63,Same City,Desktop,351,0,0,0
7416.18,Net Banking,8,22283.19,66382.45,Same City,Mobile,93,0,0,0
3102.32,Net Banking,7,15910.38,84087.16,Same City,Tablet,231,0,0,0
2288.43,Debit Card,11,23798.64,27592.27,Different City,Tablet,270,0,1,0
2304.13,Net Banking,11,7744.88,78069.93,Same City,Mobile,472,0,0,0
53.54,Debit Card,21,29388.19,62478.39,Same City,Tablet,153,0,0,0
740.65,Net Banking,22,47521.33,18573.31,Same City,Desktop,98,0,0,0
1587.97,Debit Card,9,14304.56,6728.46,Different City,Mobile,177,0,0,0
2007.24,Debit Card,20,38477.43,9539.93,Same City,Desktop,462,0,0,0
1732.43,Credit Card,18,40852.23,75174.7,Same City,Desktop,252,0,0,0
202.89,Net Banking,13,21002.69,38727.44,Same City,Desktop,221,0,0,0
835.76,Debit Card,16,33296.15,26740.2,Different City,Mobile,65,0,0,0
601.59,Credit Card,12,29500.01,35712.12,Different City,Mobile,405,0,1,0
20540.65,Debit Card,1,7235.35,292821.47,Different Country,Mobile,0,1,1,1
408.35,Net Banking,20,37142.5,34131.86,Same City,Desktop,314,0,0,0
2336.86,Debit Card,9,50239.62,3342.36,Different Country,Mobile,55,0,1,0
1371.81,Net Banking,16,30228.6,60671.5,Different City,Tablet,369,0,1,0
2265.19,Credit Card,15,7003.48,381845.39,Different Country,Desktop,4,1,1,1
2854.65,UPI,13,5760.24,48563.43,Same City,Mobile,163,0,0,0
447.5,Debit Card,16,1391.45,90956.44,Same City,Tablet,206,0,0,0
1338.17,Debit Card,23,2761.08,58577.56,Same City,Desktop,233,0,0,0
2620.96,Credit Card,23,37359.07,51265.48,Different City,Tablet,37,1,1,0
903.56,UPI,9,5424.72,22061.2,Same City,Mobile,412,0,0,0
4981.32,Debit Card,19,54898.86,93311.33,Same City,Tablet,258,0,0,0
12161.47,UPI,2,9232.86,276964.09,Different Country,Desktop,1,1,1,1
438.64,Credit Card,10,47547.35,29827.25,Different City,Desktop,300,0,1,0
1233.15,Debit Card,9,18339.25,93075.73,Different City,Desktop,126,0,0,0
33332.53,Credit Card,20,7214.49,471226.68,Different City,Desktop,3,1,1,1
1128.29,Credit Card,18,24919.26,33632.34,Different City,Desktop,357,0,1,0
693.06,Net Banking,23,45738.08,42172.09,Same City,Tablet,81,0,0,0
1031.66,UPI,7,47466.58,64108.61,Same City,Mobile,368,0,0,0
6817.07,Debit Card,18,4638.1,95248.93,Same City,Tablet,1,1,1,1
1911.25,Credit Card,11,13468.2,11755.13,Same City,Mobile,388,0,0,0
474.1,Credit Card,20,606.7,87066.9,Same City,Mobile,384,0,0,0
1086.68,Credit Card,17,7799.66,86201.45,Same City,Mobile,467,0,0,0
1689.05,UPI,23,34650.22,76611.59,Same City,Desktop,184,0,0,0
1815.37,Debit Card,13,10345.23,27859.03,Same City,Tablet,431,0,0,0
927.86,Credit Card,10,17750.29,74350.83,Same City,Mobile,13,0,0,0
309.67,Net Banking,16,2396.26,27398.81,Same City,Desktop,339,0,0,0
2879.57,Net Banking,20,51185.34,76103.78,Different City,Desktop,324,0,1,0
1401.04,Credit Card,19,5131.91,82186.01,Same City,Mobile,341,0,0,0
2145.96,Net Banking,23,7926.5,34522.31,Different City,Tablet,14,0,0,0
3091.16,Debit Card,7,25462.85,72701.85,Same City,Tablet,307,1,0,0
5247.59,Debit Card,8,39444.03,44590.27,Same City,Mobile,488,0,0,0
710.17,Net Banking,15,4650.13,69628.88,Same City,Mobile,230,0,0,0
375.12,Credit Card,20,22632.9,62623.43,Same City,Desktop,454,0,0,0
865.39,Debit Card,20,24198.73,54264.46,Same City,Desktop,130,0,0,0
47370.7,UPI,16,8455.11,401550.25,Different City,Tablet,5,1,1,1
813.21,Credit Card,13,46200.78,24929.22,Same City,Tablet,333,1,0,0
798.14,Credit Card,6,29755.23,14696.27,Different City,Tablet,411,0,1,0
1209.53,UPI,22,7538.09,79421.07,Same City,Desktop,414,0,0,0
604.01,Credit Card,17,14262.72,81595.58,Same City,Mobile,346,0,0,0
13755.41,Net Banking,4,8565.72,204066.69,Different City,Desktop,4,1,1,1
1244.72,UPI,5,8453.3,366309.78,Different Country,Mobile,0,1,1,1
367.92,Net Banking,21,5136.53,1667.16,Different City,Mobile,441,0,1,0
2329.34,UPI,23,34180.28,76112.15,Different City,Mobile,183,0,1,0
580.93,Credit Card,20,19270.34,6871.37,Same City,Mobile,143,0,0,0
5981.68,Debit Card,15,44185.61,14011.32,Same City,Tablet,228,0,0,0
2675.97,Net Banking,10,13972.68,50450.29,Same City,Tablet,381,0,0,0
599.45,Debit Card,7,4017.61,74112.06,Same City,Tablet,38,1,0,0
3594.03,UPI,9,23347.86,65123.3,Different City,Tablet,82,0,0,0
305.2,Credit Card,9,27119.05,63532.33,Same City,Mobile,446,0,0,0
5356.24,Net Banking,18,28323.06,54561.68,Same City,Desktop,445,0,0,0
3602.81,Net Banking,13,44014.32,76228.51,Same City,Tablet,104,0,0,0
56074.84,Credit Card,22,9688.15,247264.44,Different City,Desktop,3,1,1,1
1147.36,Debit Card,16,12457.76,39933.26,Same City,Tablet,241,0,0,0
1798.5,Credit Card,8,44057.22,35967.56,Same City,Mobile,114,0,0,0
234.44,Credit Card,18,8627.07,33272.95,Same City,Mobile,485,0,0,0
643.16,Credit Card,19,21701.71,57835.98,Same City,Tablet,370,0,0,0
1794.45,Credit Card,15,13404.87,17652.8,Same City,Tablet,116,0,0,0
3281.55,Credit Card,12,24121.38,25830.04,Same City,Mobile,263,1,0,0
1709.27,UPI,11,25470.54,9783.42,Different City,Mobile,306,1,0,0
747.84,UPI,13,9784.68,39221.78,Different City,Desktop,185,0,1,0
6240.72,Credit Card,13,34997.67,66721.23,Same City,Desktop,267,0,0,0
715.97,Net Banking,22,39519.0,96447.67,Same City,Mobile,43,0,0,0
2969.2,Credit Card,11,34239.91,38193.96,Same City,Desktop,422,0,0,0
986.01,Net Banking,18,21801.78,42219.22,Same City,Mobile,76,0,0,0
464.82,Net Banking,20,2120.86,26226.4,Same City,Desktop,75,0,0,0
3203.28,Debit Card,20,35747.62,98248.26,Same City,Mobile,491,0,0,0
3070.08,UPI,14,36988.47,25231.47,Different City,Mobile,70,1,0,0
771.3,UPI,6,34503.61,6256.48,Same City,Desktop,92,0,0,0
2397.38,Net Banking,16,40421.66,31259.8,Different City,Desktop,115,0,1,0
4418.05,UPI,6,44692.41,84503.96,Same City,Mobile,350,0,0,0
4861.55,Debit Card,6,28755.81,63009.31,Same City,Mobile,422,0,0,0
1895.55,Debit Card,17,49541.02,32674.25,Same City,Tablet,479,0,0,0
1657.39,Net Banking,10,46458.6,10347.51,Different City,Desktop,382,0,1,0
1042.9,UPI,8,49519.47,86550.71,Same City,Tablet,388,0,0,0
534.26,UPI,13,25587.17,67489.32,Same City,Desktop,329,0,0,0
1572.86,Debit Card,19,50198.68,51801.04,Different City,Tablet,379,0,0,0
224.53,Credit Card,15,27315.69,69642.98,Same City,Tablet,37,1,0,0
2337.39,Net Banking,12,45252.75,99762.83,Same City,Desktop,468,0,0,0
2258.33,Debit Card,8,52075.41,36830.95,Same City,Desktop,104,0,0,0
2243.68,Net Banking,21,42660.75,76776.46,Same City,Tablet,217,0,0,0
414.31,UPI,16,44413.95,4922.09,Same City,Desktop,365,0,0,0
813.07,Credit Card,16,19791.02,8839.7,Same City,Desktop,362,1,0,0
125.25,Net Banking,7,49331.31,29224.9,Same City,Mobile,414,0,0,0
3892.81,Net Banking,3,4022.6,35099.91,Different Country,Desktop,5,1,1,1
949.07,Credit Card,13,41380.01,94768.8,Different City,Desktop,499,0,1,0
1753.32,Net Banking,7,5209.39,9491.79,Same City,Tablet,56,0,0,0
3383.63,Credit Card,8,24967.04,14259.41,Different City,Mobile,466,0,0,0
241.0,UPI,20,23421.48,74747.09,Same City,Mobile,338,0,0,0
601.46,Debit Card,11,34844.69,44015.25,Same City,Mobile,353,0,0,0
3045.79,UPI,14,11826.58,36121.61,Same City,Mobile,241,0,0,0
16932.01,Debit Card,4,3787.03,423140.98,Different City,Mobile,4,1,1,1
1742.69,Credit Card,22,31640.74,65413.27,Same City,Tablet,102,0,0,0
219.74,Credit Card,14,11915.72,28100.45,Same City,Tablet,359,0,0,0
2891.29,UPI,14,37546.68,42993.11,Same City,Tablet,307,0,0,0
699.24,Credit Card,6,38262.65,12548.63,Same City,Desktop,262,0,0,0
3598.94,Debit Card,15,44850.52,34780.92,Same City,Tablet,288,0,0,0
1921.61,Debit Card,23,7816.94,95591.88,Same City,Desktop,344,0,0,0
757.47,Debit Card,9,38592.53,45852.3,Same City,Tablet,334,0,0,0
500.25,Net Banking,12,48408.12,36794.08,Same City,Mobile,97,0,0,0
570.99,Debit Card,18,1250.85,7244.69,Same City,Tablet,30,0,0,0
8860.92,Credit Card,23,847.66,405736.68,Same City,Mobile,4,1,0,1
144.73,Debit Card,18,39924.52,27083.23,Same City,Desktop,480,0,0,0
239.08,Net Banking,7,48916.18,96887.79,Same City,Tablet,222,0,0,0
1047.76,Net Banking,6,45763.31,22995.46,Same City,Mobile,61,0,0,0
1556.77,Debit Card,16,3642.65,59768.23,Different Country,Desktop,118,0,0,0
2786.64,UPI,8,37597.99,321.83,Same City,Tablet,221,0,0,0
623.42,Net Banking,17,31476.81,55687.84,Different Country,Tablet,14,0,1,0
3688.95,Debit Card,23,29784.75,62358.57,Same City,Desktop,498,0,0,0
281.5,Debit Card,9,32018.38,53998.54,Same City,Desktop,198,0,0,0
1019.61,Net Banking,23,15812.61,38509.77,Different City,Desktop,156,0,1,0
1776.63,Net Banking,16,47528.36,37015.87,Same City,Desktop,293,0,0,0
1583.86,Credit Card,21,16445.48,111.21,Same City,Tablet,278,1,0,0
3719.78,UPI,1,2434.43,422674.93,Different Country,Tablet,0,1,1,1
1420.35,Net Banking,21,16613.42,85869.81,Same City,Tablet,215,0,0,0
1431.99,Debit Card,10,49250.95,37667.64,Different City,Tablet,463,0,1,0
1132.75,Debit Card,12,22939.98,29265.51,Same City,Tablet,485,1,0,0
3632.25,Net Banking,4,4179.84,428109.55,Different Country,Desktop,0,1,1,1
1112.02,Debit Card,13,11686.31,89805.43,Same City,Mobile,201,0,0,0
365.54,Net Banking,6,47280.78,27556.68,Different City,Desktop,356,0,1,0
174.01,Net Banking,8,26168.0,4696.6,Different City,Desktop,351,0,0,0
588.73,Net Banking,8,41619.37,64874.71,Same City,Mobile,76,0,0,0
23772.94,UPI,5,5935.75,72284.14,Different Country,Desktop,1,1,1,1
1014.51,Credit Card,13,6377.65,65678.01,Same City,Desktop,169,0,0,0
1154.78,UPI,7,44251.86,57711.71,Same City,Tablet,43,0,0,0
1785.69,Credit Card,12,47676.29,88746.89,Same City,Mobile,320,0,0,0
1340.19,Net Banking,17,27557.4,11476.89,Same City,Mobile,440,0,0,0
4931.5,Debit Card,15,32957.97,977.08,Same City,Tablet,461,0,0,0
753.56,Net Banking,16,31912.0,78132.19,Same City,Desktop,309,0,0,0
1484.21,Credit Card,22,51454.95,4821.2,Same City,Desktop,59,0,0,0
1491.89,Net Banking,17,33202.45,25788.77,Same City,Tablet,357,0,0,0
2279.86,Net Banking,9,43568.1,84487.13,Same City,Desktop,180,0,0,0
1145.51,Net Banking,13,32887.3,7093.22,Different City,Tablet,373,0,1,0
1908.47,Net Banking,15,29397.22,37997.91,Same City,Tablet,194,0,0,0
579.81,Credit Card,20,23550.16,35121.94,Same City,Desktop,38,0,0,0
3231.76,Debit Card,17,15790.19,48942.5,Different City,Mobile,399,0,1,0
325.65,Net Banking,15,39925.44,78961.81,Same City,Mobile,322,0,0,0
1555.65,Net Banking,14,3600.72,66684.74,Same City,Desktop,473,0,0,0
1953.47,Credit Card,19,22335.96,77183.6,Different City,Tablet,82,0,0,0
561.68,Net Banking,10,34999.6,43760.31,Same City,Desktop,72,1,0,0
1538.4,UPI,10,32580.03,53346.11,Same City,Mobile,318,0,0,0
346.08,Debit Card,19,6191.87,88327.36,Same City,Tablet,135,0,0,0
675.95,Net Banking,11,49471.63,33689.58,Same City,Mobile,278,0,0,0
1599.12,Debit Card,6,2803.09,32361.02,Same City,Tablet,47,1,0,0
3282.86,Debit Card,20,25902.44,18344.22,Same City,Tablet,465,0,0,0
488.68,Net Banking,13,23727.23,35335.22,Same City,Mobile,206,0,0,0
1459.43,Net Banking,22,13305.05,49437.08,Same City,Mobile,351,0,0,0
1068.96,Debit Card,13,13505.79,87074.99,Same City,Mobile,147,0,0,0
4817.18,Debit Card,20,34200.55,74543.95,Same City,Mobile,41,0,0,0
1576.74,UPI,16,29841.13,60058.32,Same City,Tablet,73,0,0,0
3264.5,Credit Card,6,13548.47,46904.07,Same City,Tablet,383,0,0,0
892.6,Credit Card,23,4537.24,21079.31,Different City,Mobile,220,0,0,0
1349.65,Credit Card,19,34620.14,41933.47,Same City,Desktop,13,0,0,0
2917.32,Net Banking,14,22827.23,15631.7,Same City,Tablet,40,1,0,0
1787.2,Net Banking,0,7619.34,257506.62,Different Country,Desktop,4,1,1,1
3352.29,Credit Card,9,13382.0,41833.39,Same City,Tablet,240,0,0,0
4668.06,UPI,22,42239.96,10137.29,Same City,Tablet,415,0,0,0
2496.25,Debit Card,23,18150.63,52006.8,Same City,Desktop,441,0,0,0
1173.24,Debit Card,12,30834.73,4645.04,Same City,Mobile,348,0,0,0
1371.85,Debit Card,15,3638.14,63315.14,Same City,Tablet,470,0,0,0
1666.04,UPI,9,41675.23,55468.7,Same City,Desktop,30,0,0,0
1056.13,Net Banking,17,45794.29,79985.53,Same City,Tablet,455,0,0,0
1614.55,Credit Card,13,29827.98,62461.4,Different City,Mobile,386,0,1,0
1723.95,UPI,21,33494.05,16595.49,Same City,Mobile,408,0,0,0
29961.02,Credit Card,7,6005.35,269725.65,Different Country,Tablet,0,1,1,1
676.61,Debit Card,13,48960.54,34157.04,Same City,Mobile,396,0,0,0
160.97,Net Banking,15,14474.51,3688.69,Same City,Tablet,411,0,0,0
1119.91,Net Banking,9,20641.07,1083.77,Different City,Desktop,261,1,1,0
2934.59,Net Banking,22,50176.72,46740.15,Same City,Mobile,245,0,0,0
10640.63,Debit Card,15,21742.96,62565.08,Same City,Tablet,260,1,0,0
2582.2,Credit Card,8,49396.32,69602.98,Same City,Tablet,334,0,0,0
7333.31,Credit Card,22,1688.59,235729.67,Different Country,Desktop,5,1,1,1
20615.03,UPI,3,4360.7,86882.29,Different Country,Mobile,4,1,1,1
1452.43,Debit Card,23,5104.74,31897.56,Same City,Mobile,53,0,0,0
2074.19,Debit Card,9,26743.31,19231.58,Same City,Mobile,391,0,0,0
2491.11,Debit Card,15,37394.94,68014.08,Same City,Mobile,99,0,0,0
562.93,UPI,22,6271.54,4930.9,Different City,Mobile,22,0,0,0
32266.47,Debit Card,18,5097.26,157032.87,Same City,Mobile,2,0,1,1
1940.87,Debit Card,20,37069.02,79579.27,Same City,Tablet,466,0,0,0
57202.54,Credit Card,5,8677.23,221736.96,Different Country,Desktop,4,1,1,1
370.5,UPI,20,26169.28,53555.38,Same City,Mobile,426,0,0,0
790.06,Credit Card,9,42773.05,381.99,Same City,Mobile,294,0,0,0
319.15,UPI,13,49722.14,45400.16,Different City,Tablet,360,0,1,0
1119.67,Debit Card,19,41459.21,45923.99,Same City,Mobile,80,0,0,0
1211.54,UPI,8,35122.0,1658.78,Same City,Tablet,145,0,0,0
263.82,Debit Card,8,30680.31,17052.41,Different City,Mobile,204,0,1,0
1372.91,Debit Card,13,21010.04,41262.18,Different City,Tablet,41,0,1,0
240.87,Credit Card,13,4906.06,87746.09,Same City,Tablet,125,0,0,0
3265.96,Credit Card,21,49632.13,23464.21,Same City,Mobile,280,0,0,0
3143.69,Net Banking,22,50362.59,47421.42,Same City,Desktop,264,1,0,0
1524.63,Net Banking,9,10282.08,37975.15,Same City,Desktop,223,0,0,0
2728.11,Debit Card,15,19991.6,73300.01,Same City,Mobile,52,0,0,0
397.52,Net Banking,6,6762.45,96347.99,Same City,Tablet,108,0,0,0
676.5,Net Banking,8,13631.1,5952.47,Same City,Mobile,22,0,0,0
64.57,Credit Card,18,40125.39,45113.01,Same City,Desktop,226,0,0,0
1399.2,Debit Card,15,15598.46,27900.83,Same City,Mobile,283,0,0,0
657.72,Credit Card,16,23254.6,11323.8,Different City,Desktop,108,0,0,0
804.69,UPI,16,11278.21,2653.22,Different City,Tablet,213,0,1,0
1470.08,Credit Card,19,1822.65,16080.81,Same City,Tablet,483,0,0,0
1030.95,UPI,19,15021.54,79829.32,Same City,Desktop,424,0,0,0
356.56,Credit Card,23,10314.6,80517.44,Same City,Mobile,175,0,0,0
2149.22,Net Banking,14,8247.56,26558.28,Same City,Desktop,106,0,0,0
1760.3,Net Banking,18,49944.94,85300.95,Same City,Mobile,325,0,0,0
151.68,UPI,16,21582.26,64521.86,Different City,Desktop,243,0,1,0
2739.15,Net Banking,19,42942.39,18657.01,Same City,Mobile,347,0,0,0
1000.4,Net Banking,12,48861.43,42710.5,Same City,Tablet,500,0,0,0
1312.36,Credit Card,8,40755.88,66498.49,Same City,Tablet,239,1,0,0
21117.65,UPI,12,1667.87,400736.07,Different Country,Tablet,4,1,1,1
451.84,UPI,10,40102.32,62732.89,Same City,Mobile,167,1,0,0
539.38,Credit Card,6,5896.12,22236.13,Same City,Tablet,86,0,0,0
4069.06,Net Banking,17,48342.48,8670.66,Same City,Tablet,156,0,0,0
977.95,Debit Card,18,21777.44,27340.71,Same City,Desktop,446,0,0,0
13422.96,UPI,5,9814.21,57714.6,Different Country,Desktop,2,0,1,1
1250.21,UPI,10,31380.37,58173.66,Different City,Mobile,333,0,1,0
113.86,Credit Card,3,4035.2,173316.93,Different Country,Tablet,3,1,1,1
1049.98,Net Banking,21,23617.67,95758.1,Different City,Tablet,129,0,1,0
942.26,Net Banking,16,6301.79,83885.39,Same City,Desktop,443,0,0,0
2114.46,Credit Card,13,18451.9,74649.14,Same City,Mobile,214,0,0,0
3884.3,UPI,1,7806.82,201216.89,Different City,Tablet,3,1,1,1
683.97,Net Banking,6,28613.64,34727.7,Different City,Tablet,348,0,1,0
1813.08,UPI,23,19808.3,91133.92,Same City,Mobile,446,0,0,0
59.92,Net Banking,13,16846.54,39457.23,Same City,Mobile,482,0,0,0
1153.88,Credit Card,7,46092.05,78319.84,Same City,Desktop,46,0,0,0
320.8,Debit Card,18,25514.29,79511.03,Same City,Mobile,424,0,0,0
656.96,Net Banking,14,1753.61,58660.17,Same City,Mobile,308,0,0,0
327.99,Net Banking,21,20522.91,67250.73,Same City,Desktop,309,0,0,0
2467.1,Debit Card,12,29864.66,8744.65,Same City,Mobile,338,1,0,0
1807.47,Debit Card,19,48449.72,54425.4,Same City,Mobile,200,0,0,0
46.04,Debit Card,9,25256.74,76514.88,Same City,Desktop,12,0,0,0
927.86,Credit Card,9,38704.45,46053.95,Different City,Mobile,179,0,0,0
492.73,Debit Card,7,19945.25,80353.77,Different City,Tablet,408,1,0,0
1709.91,UPI,17,40951.74,59856.3,Same City,Desktop,165,0,0,0
333.18,UPI,21,35970.92,23724.91,Same City,Desktop,189,0,0,0
101344.26,Debit Card,5,5396.62,47966.98,Different City,Mobile,2,1,1,1
896.51,Credit Card,17,41140.79,77280.96,Same City,Desktop,396,0,0,0
1988.29,UPI,20,9419.69,34264.51,Same City,Mobile,457,0,0,0
236.14,Debit Card,8,50180.88,32663.92,Different City,Desktop,341,0,1,0
5131.96,Debit Card,20,21924.07,2619.67,Same City,Desktop,147,0,0,0
608.34,UPI,17,16066.11,61363.79,Different City,Desktop,356,0,1,0
1827.66,UPI,20,41660.11,27194.6,Different City,Desktop,403,0,1,0
503.8,Credit Card,15,1870.58,15615.26,Same City,Tablet,190,0,0,0
366.0,Debit Card,22,38381.2,33882.35,Different City,Tablet,463,0,0,0
6514.59,Credit Card,6,44966.8,22627.24,Same City,Tablet,102,0,0,0
2982.69,UPI,12,25359.02,79838.03,Same City,Desktop,178,0,0,0
932.51,Credit Card,14,39065.02,81180.67,Different City,Desktop,235,0,1,0
1070.42,Debit Card,16,34911.68,32510.4,Same City,Tablet,278,0,0,0
529.53,Debit Card,19,3222.16,78627.82,Different City,Desktop,83,0,1,0
1678.82,Credit Card,23,31120.04,35310.29,Same City,Mobile,318,0,0,0
900.24,Credit Card,9,43612.94,43914.98,Same City,Desktop,412,0,0,0
2663.22,Credit Card,12,21281.76,92076.66,Same City,Desktop,385,0,0,0
5515.82,Credit Card,9,38108.08,62092.86,Same City,Tablet,257,0,0,0
141.18,Net Banking,14,40893.26,61183.1,Same City,Desktop,311,1,0,0
615.91,Net Banking,20,46171.18,82253.72,Different City,Mobile,367,0,0,0
2708.14,UPI,7,40226.15,91304.15,Same City,Desktop,445,0,0,0
1106.06,UPI,17,39736.45,17046.25,Same City,Desktop,100,0,0,0
1269.93,Credit Card,20,9391.85,81796.7,Same City,Desktop,164,0,0,0
1913.24,Debit Card,10,14630.86,57763.18,Same City,Tablet,59,0,0,0
656.42,Debit Card,9,28539.99,84512.09,Different City,Desktop,486,0,0,0
860.32,Net Banking,7,9344.52,35479.73,Same City,Tablet,245,0,0,0
734.2,UPI,12,1440.71,96987.88,Same City,Tablet,397,0,0,0
568.43,Credit Card,0,9450.17,340068.82,Different City,Desktop,0,1,1,1
1307.06,Credit Card,12,49388.44,44485.24,Same City,Tablet,495,0,0,0
755.34,Net Banking,17,23241.01,72207.09,Same City,Mobile,144,0,0,0
5394.78,UPI,19,52119.69,92556.85,Same City,Mobile,195,0,0,0
1819.36,UPI,11,11501.33,66668.57,Different City,Tablet,210,0,1,0
881.25,UPI,15,7133.11,51856.17,Same City,Desktop,82,0,0,0
10084.76,Net Banking,22,21653.11,55266.23,Different City,Desktop,244,0,0,0
2165.09,UPI,14,9829.68,87588.31,Same City,Desktop,360,0,0,0
455.56,UPI,12,49737.04,68667.86,Same City,Desktop,465,0,0,0
2162.31,Credit Card,17,14781.18,12044.73,Same City,Desktop,372,0,0,0
1981.91,Credit Card,7,2957.77,29330.86,Different City,Mobile,105,0,0,0
1857.33,Debit Card,23,41382.48,61629.07,Same City,Desktop,139,0,0,0
1516.77,Net Banking,7,15344.2,63910.78,Different City,Tablet,208,0,1,0
253.57,UPI,11,43618.44,57867.54,Different City,Desktop,18,0,1,0
2828.57,Debit Card,12,17868.41,35871.55,Same City,Tablet,271,0,0,0
5668.46,Debit Card,21,50190.19,28740.96,Same City,Mobile,236,0,0,0
453.11,UPI,13,31241.97,99005.39,Same City,Mobile,422,0,0,0
812.54,Debit Card,19,29242.13,57931.45,Same City,Tablet,340,0,0,0
2839.69,Net Banking,10,23239.25,32823.31,Different City,Tablet,497,0,0,0
1292.45,Credit Card,21,23623.79,96696.85,Same City,Mobile,245,0,0,0
615.99,Credit Card,23,9243.28,66864.32,Same City,Tablet,297,0,0,0
2541.78,Net Banking,18,7663.59,23987.41,Different City,Desktop,437,0,1,0
1381.19,Credit Card,17,19728.66,22538.13,Different City,Tablet,121,0,0,0
2957.33,UPI,6,11716.2,69495.11,Same City,Desktop,149,0,0,0
1740.93,Net Banking,12,5487.7,62234.33,Same City,Tablet,338,0,0,0
387.65,Net Banking,18,48886.26,9390.07,Same City,Tablet,224,0,0,0
2999.78,Credit Card,18,15806.35,68150.27,Same City,Desktop,90,0,0,0
2565.94,UPI,17,50706.3,62834.71,Different City,Mobile,164,0,1,0
593.29,Debit Card,18,15658.18,64279.51,Same City,Desktop,155,0,0,0
1321.41,UPI,18,23326.08,7845.64,Same City,Tablet,23,1,0,0
473.95,Debit Card,23,8683.25,95974.57,Different City,Tablet,454,1,1,0
497.26,UPI,15,31876.22,25319.89,Same City,Desktop,487,0,0,0
175.8,Debit Card,11,44812.71,44338.0,Different City,Tablet,138,0,0,0
3073.53,Debit Card,14,37722.24,26406.2,Same City,Mobile,151,0,0,0
4095.31,Debit Card,17,27706.59,82163.69,Different City,Desktop,228,0,0,0
219.95,UPI,11,29733.7,61329.17,Same City,Desktop,482,0,0,0
349.42,Net Banking,23,1033.58,42203.43,Same City,Mobile,166,0,0,0
1411.26,Debit Card,16,32023.29,67850.0,Different City,Tablet,419,0,1,0
671.05,Credit Card,13,9128.86,14727.56,Same City,Tablet,123,0,0,0
1321.82,Debit Card,22,13664.74,38929.56,Same City,Mobile,415,0,0,0
2835.62,Credit Card,14,5410.95,25706.27,Same City,Tablet,213,0,0,0
608.3,Net Banking,6,34811.43,59368.46,Different City,Mobile,269,0,1,0
1147.67,Credit Card,6,1956.08,25763.2,Different City,Tablet,243,0,1,0
241.36,Credit Card,16,45631.15,71403.26,Same City,Mobile,95,0,0,0
593.83,UPI,16,35232.68,6229.18,Same City,Tablet,202,0,0,0
1253.31,UPI,18,40376.51,70874.47,Same City,Tablet,374,0,0,0
667.19,Net Banking,8,25027.26,10901.36,Same City,Desktop,394,0,0,0
132338.96,Debit Card,22,3823.63,227132.4,Different Country,Desktop,2,1,1,1
1117.83,Credit Card,8,25015.15,71833.12,Same City,Mobile,345,0,0,0
3161.27,Net Banking,18,10411.01,71471.88,Same City,Tablet,317,0,0,0
5319.92,Credit Card,13,6447.09,96990.99,Same City,Mobile,297,0,0,0
3645.37,Debit Card,19,25658.2,37694.44,Same City,Tablet,337,0,0,0
1203.96,Credit Card,18,7227.54,98056.82,Same City,Tablet,62,0,0,0
4495.95,Credit Card,10,36337.14,91328.69,Same City,Tablet,161,0,0,0
1516.38,Net Banking,8,5336.46,98688.69,Same City,Tablet,249,0,0,0
1043.27,Credit Card,8,44675.76,61311.62,Same City,Mobile,385,0,0,0
7250.38,UPI,5,9261.93,14458.11,Different Country,Mobile,5,1,1,1
1848.52,Credit Card,21,38772.27,36047.45,Different City,Tablet,490,0,1,0
1524.02,Debit Card,12,13237.16,5383.05,Same City,Desktop,23,1,0,0
2339.07,Debit Card,23,20925.63,48452.3,Different City,Tablet,193,1,0,0
700.49,UPI,6,34512.27,50889.41,Same City,Tablet,479,0,0,0
380.35,UPI,10,47470.78,16735.7,Same City,Tablet,323,0,0,0
593.41,Credit Card,22,12009.36,66652.2,Same City,Desktop,351,0,0,0
3543.0,Credit Card,18,25863.73,51481.74,Same City,Mobile,56,1,0,0
13392.21,Debit Card,4,4549.57,379203.05,Different City,Desktop,4,1,1,1
229.74,UPI,23,21876.91,78177.98,Same City,Tablet,64,0,0,0
746.14,UPI,9,39381.15,19871.57,Same City,Tablet,394,0,0,0
3751.84,UPI,23,41588.9,45418.37,Same City,Mobile,95,0,0,0
835.02,Debit Card,18,28408.49,19249.32,Same City,Tablet,241,0,0,0
445.56,Credit Card,15,46986.11,2464.44,Same City,Mobile,265,1,0,0
1801.18,Debit Card,11,35710.72,54692.89,Same City,Desktop,149,0,0,0
1243.36,UPI,9,17540.19,36646.15,Same City,Tablet,105,0,0,0
2009.43,Debit Card,17,3624.08,84381.29,Different City,Desktop,479,0,0,0
2193.99,Credit Card,20,35861.87,79668.14,Different City,Desktop,362,0,0,0
2353.97,UPI,8,46913.57,56949.73,Same City,Desktop,477,0,0,0
105630.71,Debit Card,4,3617.68,266884.81,Different City,Mobile,2,1,1,1
475.73,Credit Card,14,7276.05,95793.41,Different City,Desktop,371,0,0,0
3375.68,UPI,9,12883.86,67246.05,Same City,Tablet,417,0,0,0
402.41,Net Banking,8,3311.94,11881.79,Same City,Desktop,180,0,0,0
6640.49,Credit Card,18,9944.52,58197.14,Same City,Mobile,179,0,0,0
5820.08,Debit Card,21,28392.56,74896.32,Same City,Desktop,319,0,0,0
1274.64,Net Banking,16,26183.66,61784.72,Different City,Desktop,64,1,0,0
885.37,Debit Card,23,31594.6,16703.39,Same City,Tablet,358,0,0,0
1337.66,Credit Card,9,43062.45,11797.25,Same City,Tablet,475,0,0,0
300.46,UPI,8,38996.77,13087.37,Same City,Mobile,315,0,0,0
78617.66,Net Banking,18,503.23,40824.66,Different Country,Desktop,5,1,1,1
1731.52,Credit Card,19,39806.62,62622.03,Same City,Mobile,186,0,0,0
3504.76,Credit Card,11,33493.79,11493.3,Same City,Tablet,336,0,0,0
2185.74,Debit Card,20,12229.33,87747.0,Same City,Desktop,485,0,0,0
4395.51,Net Banking,10,6015.65,20444.84,Different City,Tablet,54,0,0,0
5520.92,UPI,20,28771.34,24581.86,Same City,Mobile,253,0,0,0
695.38,Credit Card,22,37674.82,27746.47,Same City,Desktop,220,0,0,0
14187.05,Credit Card,15,30965.82,77091.22,Same City,Desktop,488,0,0,0
1214.22,Credit Card,20,18684.19,37173.93,Same City,Mobile,56,0,0,0
10839.4,Net Banking,19,29911.16,39882.28,Same City,Tablet,285,0,0,0
5648.34,Credit Card,7,40300.9,99125.6,Same City,Desktop,381,0,0,0
1009.18,Debit Card,21,11438.11,51657.26,Same City,Tablet,193,1,0,0
1629.13,Net Banking,19,10695.32,23754.33,Same City,Tablet,348,0,0,0
506.32,Credit Card,14,29462.5,3594.23,Same City,Tablet,258,0,0,0
1213.07,Credit Card,4,3567.7,90492.52,Different Country,Mobile,4,1,1,1
1775.55,Net Banking,21,17234.56,91378.84,Same City,Mobile,83,0,0,0
970.63,Debit Card,20,11262.31,41869.51,Same City,Tablet,415,0,0,0
1001.71,Credit Card,6,15075.57,85834.17,Same City,Tablet,419,0,0,0
1110.53,Net Banking,21,49578.73,52309.78,Same City,Tablet,321,0,0,0
625.05,Net Banking,10,21165.53,31121.75,Same City,Mobile,466,0,0,0
279.53,Credit Card,18,18730.72,41412.98,Same City,Tablet,41,0,0,0
1412.57,Debit Card,10,50084.36,46500.95,Same City,Mobile,333,0,0,0
57053.18,UPI,14,6974.32,324975.23,Different City,Mobile,3,1,1,1
2907.93,UPI,17,46868.98,57177.24,Same City,Tablet,302,0,0,0
1102.4,UPI,13,39574.87,94476.57,Same City,Desktop,126,0,0,0
1079.97,UPI,12,6655.81,54795.95,Different City,Desktop,85,1,0,0
612.91,Credit Card,6,34106.94,48380.25,Same City,Tablet,212,0,0,0
5644.06,Debit Card,9,28542.77,47510.84,Same City,Tablet,263,0,0,0
17834.59,Net Banking,5,5457.5,186117.68,Different Country,Desktop,0,1,1,1
846.53,Credit Card,20,27466.13,28794.53,Same City,Mobile,102,0,0,0
859.73,Debit Card,12,48436.83,17549.16,Same City,Mobile,437,0,0,0
3855.09,UPI,17,42516.38,23693.33,Same City,Tablet,233,0,0,0
10108.31,UPI,21,4554.66,295250.95,Different City,Mobile,2,1,1,1
1140.76,Debit Card,8,18410.93,52054.38,Same City,Tablet,293,0,0,0
5751.62,Debit Card,3,5122.61,248813.66,Different Country,Mobile,0,1,1,1
3247.97,Credit Card,23,9867.52,79050.98,Different City,Tablet,342,0,0,0
5707.18,Debit Card,21,40140.65,12038.76,Different City,Mobile,317,0,1,0
1127.98,Debit Card,8,33212.49,82248.06,Same City,Tablet,194,1,0,0
19107.43,UPI,0,3374.77,18859.74,Different Country,Tablet,4,1,1,1
4680.42,Credit Card,15,27462.02,62755.81,Same City,Tablet,218,1,0,0
2859.45,Net Banking,9,12754.54,2256.45,Same City,Tablet,73,1,0,0
6452.68,Net Banking,9,44751.77,15890.82,Same City,Mobile,200,0,0,0
449.8,Debit Card,6,6588.95,41894.78,Same City,Mobile,283,1,0,0
9077.64,Debit Card,5,2217.79,392430.86,Different Country,Tablet,2,1,1,1
1512.26,UPI,16,29906.37,73844.92,Same City,Tablet,419,0,0,0
1504.71,Net Banking,19,7784.63,7053.56,Same City,Mobile,64,0,0,0
795.33,Debit Card,7,39670.09,86220.3,Same City,Desktop,241,0,0,0
604.46,Debit Card,14,26217.11,49232.55,Different City,Desktop,299,0,0,0
212.83,UPI,21,17447.83,83457.18,Same City,Tablet,195,0,0,0
1577.56,Net Banking,7,12010.64,7115.83,Same City,Desktop,53,0,0,0
1629.13,Credit Card,16,23327.84,53554.25,Same City,Desktop,390,0,0,0
410.64,Net Banking,9,36176.83,6845.05,Same City,Desktop,220,0,0,0
1058.04,Debit Card,8,31063.07,51370.79,Different City,Mobile,387,0,1,0
1748.23,Debit Card,20,37163.53,6220.32,Same City,Mobile,362,0,0,0
428.43,Debit Card,23,45278.17,47396.16,Same City,Desktop,354,0,0,0
465.52,Debit Card,10,4905.17,30321.98,Same City,Tablet,41,0,0,0
2458.05,UPI,22,43602.54,80395.85,Same City,Tablet,407,0,0,0
956.24,Net Banking,9,30224.94,96932.18,Same City,Desktop,181,0,0,0
2280.06,Net Banking,8,15693.11,50592.58,Same City,Desktop,279,0,0,0
2652.11,Debit Card,6,29633.33,49781.25,Different City,Tablet,107,1,0,0
1419.06,Debit Card,18,16307.3,93831.57,Same City,Tablet,318,0,0,0
1134.59,Credit Card,15,47868.33,30338.55,Same City,Tablet,309,0,0,0
1117.0,Debit Card,19,45437.47,93430.41,Same City,Desktop,112,0,0,0
9796.72,Debit Card,22,23738.04,18812.12,Same City,Desktop,437,0,0,0
4782.27,UPI,19,21846.87,7893.94,Same City,Mobile,69,0,0,0
2915.56,Debit Card,7,6845.79,418.74,Same City,Tablet,218,1,0,0
9213.01,Debit Card,0,3192.25,453896.72,Different Country,Tablet,4,1,1,1
2663.79,Credit Card,11,51436.77,57356.33,Same City,Tablet,368,1,0,0
1541.62,Net Banking,15,36628.49,68011.19,Same City,Desktop,142,0,0,0
501.07,Debit Card,15,46743.28,87733.94,Same City,Tablet,185,0,0,0
3298.83,UPI,10,24064.47,95794.59,Same City,Tablet,225,1,0,0
1011.59,Credit Card,23,3186.08,14834.32,Same City,Tablet,246,0,0,0
1318.9,Credit Card,9,29395.84,60348.77,Different City,Desktop,98,0,0,0
1802.11,UPI,6,38428.61,59865.85,Same City,Mobile,124,0,0,0
3285.1,Net Banking,13,11233.03,30978.79,Same City,Mobile,397,0,0,0
488.15,Debit Card,23,16458.33,92464.18,Same City,Tablet,60,0,0,0
1821.24,Net Banking,19,32789.95,75271.66,Same City,Mobile,215,0,0,0
506.45,UPI,10,20248.86,47343.57,Different City,Tablet,381,0,1,0
929.24,Credit Card,21,9109.2,65810.22,Same City,Tablet,97,1,0,0
1026.46,Net Banking,17,7039.74,28888.49,Different City,Tablet,176,0,0,0
904.73,UPI,16,8234.98,48945.28,Same City,Tablet,254,0,0,0
480.77,UPI,17,32836.5,45836.35,Same City,Desktop,24,0,0,0
182.53,UPI,22,47969.44,95363.26,Same City,Desktop,341,0,0,0
969.01,Credit Card,13,48363.22,14119.91,Same City,Desktop,276,0,0,0
997.42,Net Banking,10,44159.11,48055.99,Same City,Mobile,415,1,0,0
437.6,Net Banking,9,8785.3,199.21,Same City,Desktop,176,0,0,0
2795.25,Net Banking,11,4247.34,22197.22,Same City,Mobile,278,0,0,0
1671.62,Credit Card,23,43993.22,18281.34,Same City,Mobile,177,0,0,0
649.31,Debit Card,17,38106.71,31758.68,Same City,Desktop,117,0,0,0
411.1,Credit Card,6,19021.06,90194.02,Same City,Tablet,279,1,0,0
824.79,Credit Card,6,49481.32,75929.25,Same City,Mobile,30,0,0,0
46197.14,UPI,4,5540.99,95504.26,Different Country,Desktop,2,0,1,1
1218.96,UPI,18,34186.16,93155.49,Same City,Tablet,386,0,0,0
1818.18,Debit Card,9,43257.27,8018.68,Same City,Tablet,491,0,0,0
261.73,Debit Card,20,42026.92,71035.15,Same City,Desktop,158,0,0,0
2417.22,UPI,18,43142.09,68513.43,Same City,Desktop,210,0,0,0
831.46,Net Banking,7,15198.21,81594.69,Same City,Desktop,481,0,0,0
859.13,Net Banking,8,40067.67,56618.07,Same City,Tablet,167,0,0,0
1509.49,UPI,8,45744.98,55399.33,Same City,Desktop,213,0,0,0
1184.23,UPI,15,48276.34,66857.26,Same City,Desktop,320,1,0,0
961.74,UPI,7,5062.72,35477.13,Same City,Mobile,193,0,0,0
909.71,Credit Card,17,27930.33,79072.32,Same City,Mobile,207,0,0,0
38836.5,UPI,5,2431.25,374927.86,Different Country,Mobile,5,1,1,1
185.63,Credit Card,22,15593.78,35295.85,Same City,Tablet,30,0,0,0
84540.46,UPI,2,3030.66,322729.96,Different City,Desktop,1,1,1,1
810.4,Debit Card,9,26330.56,99669.69,Same City,Mobile,224,0,0,0
3049.0,Credit Card,23,33483.46,76488.33,Same City,Desktop,81,0,0,0
1970.23,UPI,17,29300.46,20406.44,Different City,Mobile,11,0,1,0
8893.07,Credit Card,4,3290.74,164147.94,Different City,Desktop,3,1,1,1
288.09,Debit Card,10,47592.04,84216.54,Same City,Mobile,88,0,0,0
1516.51,UPI,10,49051.81,57343.79,Same City,Tablet,495,0,0,0
5672.46,UPI,17,29974.86,8540.3,Different City,Mobile,493,1,1,0
9155.92,Credit Card,12,30193.96,24773.1,Different City,Tablet,88,0,0,0
1100.34,Credit Card,21,27772.29,11539.46,Same City,Tablet,206,0,0,0
1104.41,UPI,21,37055.26,86264.05,Same City,Tablet,250,0,0,0
6104.63,Debit Card,2,5119.39,268233.74,Same City,Desktop,5,1,1,1
1308.24,Credit Card,16,28530.8,8172.53,Same City,Mobile,191,0,0,0
1696.9,Debit Card,20,24865.45,41176.55,Different City,Desktop,37,0,1,0
524.91,Credit Card,6,15191.28,74860.87,Same City,Tablet,153,0,0,0
1003.89,Debit Card,18,9089.13,2335.21,Same City,Desktop,461,1,0,0
1571.01,UPI,9,23045.76,2710.67,Same City,Tablet,292,0,0,0
2513.61,Debit Card,12,18656.25,47643.7,Same City,Mobile,438,0,0,0
2060.72,Net Banking,7,34224.72,42124.81,Same City,Desktop,83,0,0,0
1427.99,Net Banking,13,34313.81,89838.65,Same City,Desktop,447,0,0,0
613.61,Net Banking,6,2784.33,32206.75,Same City,Tablet,284,0,0,0
588.08,Net Banking,16,39589.35,35012.53,Same City,Tablet,488,0,0,0
845.73,UPI,9,49352.45,86507.11,Same City,Desktop,288,0,0,0
444.05,UPI,21,32368.98,82006.75,Same City,Mobile,90,0,0,0
1432.32,Debit Card,23,13157.0,2440.08,Different City,Mobile,111,0,0,0
4441.07,Credit Card,13,2736.66,490202.68,Different Country,Desktop,5,1,1,1
3938.09,UPI,20,34822.74,98118.62,Same City,Desktop,361,0,0,0
16653.95,Credit Card,15,545.09,419855.47,Different Country,Desktop,5,1,1,1
14405.16,Credit Card,5,9807.61,86289.37,Different City,Desktop,4,1,1,1
2228.32,Net Banking,11,8182.0,12518.58,Same City,Desktop,133,0,0,0
415.04,UPI,14,33517.43,18519.56,Same City,Desktop,281,0,0,0
511.57,UPI,10,41111.76,29391.68,Same City,Mobile,366,0,0,0
417.52,Debit Card,17,7154.71,15873.68,Same City,Tablet,330,0,0,0
19184.55,Net Banking,1,2697.42,354175.37,Different City,Desktop,2,1,1,1
1282.66,Credit Card,20,49276.23,4869.48,Same City,Tablet,320,0,0,0
4302.17,UPI,7,6232.66,25243.69,Same City,Mobile,74,0,0,0
6602.55,Credit Card,8,43078.7,86169.09,Same City,Tablet,357,0,0,0
1572.09,Credit Card,21,34220.92,40519.71,Same City,Desktop,226,0,0,0
136.74,Net Banking,11,14930.58,94845.33,Same City,Desktop,62,1,0,0
4416.85,Debit Card,20,17348.75,71938.82,Same City,Desktop,233,0,0,0
1226.35,Credit Card,22,1989.08,54201.53,Different City,Tablet,295,0,0,0
4662.49,Credit Card,6,35869.13,60246.92,Same City,Desktop,226,0,0,0
1975.45,Debit Card,16,49551.8,99481.93,Same City,Desktop,66,1,0,0
8625.9,Credit Card,12,12890.76,88241.64,Same City,Tablet,14,0,0,0
8079.89,Credit Card,0,3855.53,458553.94,Different City,Desktop,1,0,1,1
620.28,UPI,6,31075.42,28104.98,Same City,Desktop,499,0,0,0
562.09,UPI,19,21964.14,46902.49,Same City,Desktop,459,0,0,0
355.4,UPI,13,28085.6,54170.48,Same City,Desktop,378,0,0,0
314.89,UPI,7,32106.06,4530.4,Same City,Desktop,348,0,0,0
872.53,Net Banking,21,25566.47,40428.97,Same City,Desktop,418,0,0,0
119.19,Net Banking,20,5337.33,39273.07,Different City,Desktop,403,0,1,0
1609.11,UPI,17,36002.1,31283.42,Same City,Mobile,481,0,0,0
539.27,Net Banking,8,30626.45,69607.99,Same City,Tablet,250,0,0,0
615.28,Credit Card,21,8031.35,64592.79,Different City,Desktop,416,0,0,0
1672.24,Credit Card,22,45610.17,40414.03,Same City,Mobile,179,0,0,0
270.61,UPI,23,17431.68,52767.75,Same City,Mobile,401,1,0,0
4767.03,Debit Card,13,2546.64,249585.95,Different City,Desktop,3,1,1,1
2358.73,Credit Card,19,19588.18,85204.84,Same City,Desktop,143,0,0,0
364.21,Debit Card,10,36773.0,92260.38,Different City,Mobile,444,0,1,0
3381.42,UPI,6,32859.12,37532.99,Same City,Mobile,276,1,0,0
1964.0,Debit Card,19,22970.59,45802.86,Different City,Tablet,253,0,1,0
3935.04,Credit Card,21,29998.39,77231.84,Different City,Mobile,128,0,0,0
323.49,UPI,13,27704.33,18485.45,Different City,Desktop,215,0,0,0
321.04,Credit Card,8,25019.59,33015.6,Same City,Mobile,418,0,0,0
2162.34,UPI,23,3519.77,35483.19,Same City,Tablet,296,0,0,0
469.45,Debit Card,23,40679.31,13714.85,Same City,Mobile,413,0,0,0
3160.31,Net Banking,14,22833.29,43747.49,Same City,Tablet,408,0,0,0
6771.95,UPI,18,47832.32,28147.73,Same City,Mobile,279,0,0,0
13076.79,Credit Card,1,7714.73,458418.02,Different Country,Mobile,3,1,1,1
3876.1,Net Banking,13,33327.39,48097.29,Same City,Mobile,212,0,0,0
2425.56,Credit Card,12,17388.74,78004.81,Different Country,Tablet,332,0,0,0
1117.02,Net Banking,17,12804.43,89957.46,Same City,Mobile,134,0,0,0
477.97,Debit Card,9,39531.49,58377.28,Same City,Tablet,207,0,0,0
1550.68,Net Banking,10,9715.95,89855.42,Different City,Mobile,452,0,1,0
546.33,Debit Card,9,5056.74,69894.88,Same City,Mobile,302,0,0,0
1003.02,Debit Card,19,30461.8,39768.44,Different City,Mobile,432,0,0,0
1345.32,UPI,23,9270.27,82730.21,Same City,Desktop,34,0,0,0
276.55,Debit Card,15,11332.29,95986.28,Same City,Tablet,165,0,0,0
539.68,Net Banking,22,32986.53,6144.63,Same City,Desktop,493,1,0,0
412.09,Credit Card,16,11951.73,72225.26,Same City,Tablet,87,0,0,0
584.49,Debit Card,20,4095.31,78375.98,Same City,Desktop,323,0,0,0
6016.22,Debit Card,9,20963.89,56502.2,Same City,Mobile,464,0,0,0
1044.3,UPI,12,38152.21,49256.91,Different City,Desktop,54,1,1,0
236.27,Debit Card,7,16817.47,56423.18,Different City,Desktop,456,0,0,0
576.22,UPI,16,49576.74,60188.16,Different City,Mobile,422,0,1,0
3182.68,Debit Card,11,53079.59,35071.18,Same City,Tablet,388,0,0,0
1650.2,UPI,12,32752.69,33405.0,Same City,Desktop,462,0,0,0
2346.89,Net Banking,6,19494.78,64846.46,Same City,Desktop,472,0,0,0
3312.72,Credit Card,17,14174.91,65888.55,Different Country,Desktop,63,0,1,0
10804.37,Debit Card,4,5962.59,357771.17,Different City,Desktop,3,1,1,1
6618.91,Debit Card,13,46668.19,20015.02,Same City,Mobile,265,0,0,0
1262.55,UPI,12,16268.96,94067.92,Same City,Desktop,389,0,0,0
5287.07,Credit Card,6,6971.08,42333.51,Same City,Mobile,46,0,0,0
989.05,UPI,12,38386.53,47380.98,Same City,Mobile,276,0,0,0
2081.5,Debit Card,14,10538.88,10456.78,Same City,Desktop,380,0,0,0
1652.03,UPI,9,32713.67,74225.32,Different City,Tablet,191,0,0,0
1345.82,Credit Card,10,28711.53,24974.42,Same City,Mobile,312,0,0,0
598.42,Credit Card,11,32468.24,61393.36,Same City,Desktop,462,0,0,0
4140.79,Net Banking,19,42172.82,15389.99,Same City,Mobile,55,0,0,0
415.66,Net Banking,10,30279.37,81438.39,Different City,Desktop,20,0,0,0
607.96,UPI,19,20030.39,28276.55,Same City,Tablet,186,0,0,0
285.11,Debit Card,18,17835.3,77465.35,Same City,Mobile,173,0,0,0
1668.38,UPI,7,35255.93,80543.0,Different City,Mobile,170,0,1,0
225.07,Net Banking,12,45998.04,26568.56,Same City,Desktop,434,1,0,0
1985.36,Credit Card,21,33352.33,92638.26,Different City,Desktop,55,1,0,0
943.65,Debit Card,6,20175.17,16827.86,Same City,Desktop,431,0,0,0
679.42,UPI,19,24118.68,60589.68,Same City,Desktop,196,0,0,0
1195.25,Credit Card,17,22111.75,87774.94,Same City,Tablet,131,1,0,0
2938.72,Net Banking,12,30970.53,52739.96,Same City,Desktop,179,0,0,0
1102.26,Debit Card,20,22031.07,22210.78,Same City,Mobile,236,0,0,0
1741.47,Net Banking,11,38174.48,60025.14,Different City,Mobile,256,0,0,0
5083.36,Credit Card,20,19442.7,43276.69,Different City,Desktop,56,0,0,0
10535.88,Debit Card,3,4930.3,50149.84,Different City,Tablet,1,1,1,1
1190.14,UPI,15,20283.24,87797.43,Same City,Tablet,389,0,0,0
4729.02,Net Banking,1,7925.4,101584.58,Different Country,Mobile,2,1,1,1
673.37,Credit Card,18,33498.83,53727.57,Same City,Tablet,36,0,0,0
43690.22,Credit Card,22,2075.11,288718.24,Different Country,Desktop,1,1,1,1
1983.4,Net Banking,8,5820.7,10616.04,Same City,Tablet,205,0,0,0
890.28,Debit Card,10,4616.29,19909.34,Same City,Tablet,417,0,0,0
2669.02,Net Banking,3,5924.93,246421.6,Different Country,Desktop,4,0,1,1
165.67,Debit Card,9,20224.82,5739.18,Same City,Tablet,105,0,0,0
1583.33,Net Banking,22,6500.4,24189.38,Same City,Desktop,12,0,0,0
557.58,Debit Card,10,10663.76,49159.45,Different City,Mobile,297,0,0,0
2615.36,UPI,12,28735.67,6845.87,Different City,Desktop,269,1,0,0
81.2,Net Banking,20,16916.24,17708.23,Same City,Tablet,266,0,0,0
1710.61,Net Banking,10,29466.51,522.96,Same City,Mobile,228,1,0,0
615.91,Debit Card,8,38651.28,59563.87,Different City,Mobile,90,0,0,0
1061.29,Debit Card,2,7728.4,403553.55,Different City,Desktop,5,1,1,1
1344.08,UPI,10,2445.63,32207.92,Same City,Mobile,311,0,0,0
1808.48,Credit Card,6,18584.7,73087.03,Same City,Mobile,471,1,0,0
9378.03,Net Banking,3,8747.66,73162.27,Different Country,Mobile,3,0,1,1
1625.61,Debit Card,17,4243.72,360201.08,Different City,Tablet,1,1,1,1
331.36,UPI,6,4484.72,99258.18,Same City,Tablet,205,0,0,0
1385.46,UPI,9,45401.41,65087.74,Same City,Desktop,80,0,0,0
2209.9,Credit Card,18,7278.93,1602.82,Same City,Desktop,356,0,0,0
2101.07,Net Banking,23,23145.46,63852.59,Same City,Mobile,136,0,0,0
8068.05,Net Banking,11,26595.16,93292.49,Same City,Tablet,190,0,0,0
903.41,Credit Card,9,12282.26,64047.6,Same City,Mobile,356,0,0,0
5664.73,Net Banking,11,36677.3,46349.4,Different City,Tablet,419,0,1,0
4411.64,Net Banking,9,40247.56,27262.4,Same City,Tablet,394,0,0,0
1742.73,Net Banking,11,15048.02,66196.89,Same City,Mobile,83,0,0,0
185.17,Credit Card,17,23339.26,94728.33,Same City,Desktop,208,0,0,0
732.42,Net Banking,20,33481.62,15210.43,Same City,Tablet,139,0,0,0
2490.76,Debit Card,12,44875.42,6239.41,Same City,Mobile,364,0,0,0
958.81,Net Banking,11,16970.26,58219.87,Same City,Mobile,412,0,0,0
1518.98,UPI,9,10970.84,85817.71,Different City,Tablet,128,0,1,0
1373.7,Debit Card,22,32901.75,40321.06,Same City,Tablet,102,0,0,0
1058.93,Debit Card,10,35510.21,43482.73,Same City,Tablet,283,1,0,0
1217.26,Net Banking,7,45932.57,94645.65,Same City,Mobile,173,0,0,0
370.16,UPI,18,13850.51,31566.85,Same City,Mobile,215,0,0,0
2861.99,UPI,20,32119.27,90115.8,Different City,Tablet,436,0,1,0
1274.61,Debit Card,6,36212.88,53609.64,Same City,Desktop,438,0,0,0
4634.45,Debit Card,6,29840.95,85648.98,Different City,Desktop,64,0,0,0
368.08,Debit Card,8,39699.74,73444.39,Same City,Tablet,70,0,0,0
1355.73,Net Banking,8,20270.72,39332.07,Same City,Tablet,476,0,0,0
385.75,Net Banking,21,22412.06,61293.96,Same City,Mobile,372,0,0,0
4309.73,Net Banking,17,11214.67,1454.47,Same City,Tablet,161,1,0,0
4619.92,Debit Card,4,7595.2,110934.21,Same City,Tablet,1,1,1,1
1669.19,Credit Card,23,23685.8,61054.68,Same City,Desktop,206,1,0,0
3427.39,Debit Card,19,10198.8,93539.45,Same City,Mobile,334,1,0,0
12953.99,Credit Card,20,582.38,138514.42,Different Country,Tablet,5,0,1,1
3053.56,Credit Card,12,16617.61,82504.94,Same City,Desktop,50,0,0,0
32237.76,Credit Card,13,656.26,279211.8,Different City,Tablet,5,1,1,1
743.71,Credit Card,18,11000.1,76906.11,Same City,Desktop,37,0,0,0
318.04,Net Banking,12,47397.13,38610.26,Same City,Desktop,184,0,0,0
612.31,Credit Card,23,32284.63,70385.71,Same City,Desktop,191,0,0,0
2065.91,Credit Card,6,40526.39,6194.65,Same City,Tablet,255,0,0,0
1710.9,Net Banking,12,48967.6,68254.05,Same City,Desktop,302,0,0,0
1147.76,Net Banking,23,28225.45,63742.99,Same City,Tablet,419,0,0,0
1349.77,UPI,7,47132.64,3394.6,Same City,Desktop,452,0,0,0
669.73,Debit Card,13,33462.9,26023.66,Same City,Desktop,323,0,0,0
2075.69,Net Banking,21,24153.71,30233.32,Same City,Mobile,341,0,0,0
2538.55,Net Banking,12,4041.81,37532.13,Same City,Mobile,361,0,0,0
845.94,Net Banking,9,1844.47,96281.04,Same City,Mobile,106,0,0,0
3462.24,Credit Card,16,4435.4,4900.46,Same City,Tablet,390,0,0,0
1023.89,Debit Card,9,9327.73,11658.31,Same City,Tablet,79,0,0,0
260.9,Net Banking,10,33229.71,16293.44,Same City,Tablet,277,0,0,0
562.2,Credit Card,18,40478.12,39597.05,Same City,Mobile,382,0,0,0
427.94,Net Banking,12,22826.96,77798.5,Same City,Desktop,100,0,0,0
4052.72,Credit Card,20,8798.55,89721.58,Same City,Desktop,297,1,0,0
697.63,Credit Card,23,30738.66,29166.26,Same City,Mobile,455,0,0,0
10977.89,UPI,22,44162.95,67906.66,Same City,Tablet,84,1,0,0
4256.66,Net Banking,8,10324.41,71324.48,Different City,Tablet,402,0,1,0
1425.2,UPI,10,4821.36,97256.82,Different City,Desktop,202,0,0,0
2566.3,Credit Card,21,4496.2,73640.2,Same City,Mobile,244,0,0,0
1330.87,Net Banking,9,20259.04,96407.84,Same City,Desktop,143,0,0,0
936.22,Debit Card,12,7940.96,98273.95,Same City,Tablet,278,1,0,0
2773.43,Debit Card,7,31936.32,74807.32,Same City,Tablet,370,0,0,0
2281.62,Net Banking,17,18157.81,50723.48,Same City,Tablet,112,0,0,0
596.84,Net Banking,9,40872.29,85013.27,Different City,Tablet,357,0,1,0
566.61,Debit Card,11,9611.47,80000.35,Different City,Desktop,252,0,0,0
1792.22,UPI,23,48122.76,41962.74,Different City,Desktop,208,1,1,0
4637.57,UPI,9,11916.99,861.9,Same City,Desktop,48,0,0,0
499.26,Credit Card,15,8362.91,115576.82,Different City,Desktop,1,1,1,1
10802.44,Net Banking,14,4663.75,187216.38,Different City,Desktop,4,1,1,1
203.84,Debit Card,19,6632.36,39174.25,Same City,Tablet,368,0,0,0
1067.94,Net Banking,10,31585.2,50267.9,Same City,Mobile,39,0,0,0
1792.61,Credit Card,17,15718.37,94088.02,Same City,Tablet,411,0,0,0
744.44,Credit Card,8,38340.46,94133.44,Same City,Mobile,53,0,0,0
12034.7,UPI,6,2011.75,49231.07,Different Country,Tablet,5,1,1,1
9380.92,Net Banking,22,7829.24,226900.88,Different City,Mobile,1,1,1,1
6341.9,Net Banking,12,54251.99,22044.6,Same City,Mobile,343,0,0,0
502.12,Credit Card,11,38855.26,96627.43,Same City,Desktop,445,0,0,0
998.86,Net Banking,13,9492.22,87933.02,Same City,Mobile,377,0,0,0
708.56,UPI,16,36908.61,905.42,Same City,Tablet,301,0,0,0
925.02,UPI,8,40191.38,70768.09,Same City,Desktop,292,0,0,0
244.93,Credit Card,17,48611.76,71512.5,Same City,Tablet,347,0,0,0
9144.02,UPI,0,1057.97,258008.53,Different Country,Tablet,0,1,1,1
3501.08,Debit Card,18,51995.15,45378.95,Same City,Desktop,208,0,0,0
1154.24,Debit Card,16,21696.92,97822.07,Same City,Tablet,178,1,0,0
1270.03,Debit Card,7,31499.42,68658.99,Same City,Mobile,101,0,0,0
614.54,Net Banking,8,21758.0,3992.25,Same City,Tablet,285,0,0,0
7435.58,Debit Card,11,42097.62,83811.53,Same City,Mobile,298,0,0,0
861.56,UPI,18,6499.93,44705.55,Same City,Tablet,291,1,0,0
332.11,Net Banking,9,35971.9,17589.03,Same City,Tablet,484,0,0,0
516.75,Net Banking,10,34168.7,82606.47,Different City,Tablet,213,0,1,0
735.17,Net Banking,6,49799.92,38161.65,Same City,Desktop,45,0,0,0
1128.13,Net Banking,22,17151.24,82891.55,Same City,Mobile,120,0,0,0
1758.12,Debit Card,12,11852.19,61678.36,Same City,Mobile,67,0,0,0
2908.94,UPI,16,18526.96,32518.33,Same City,Mobile,485,0,0,0
691.48,Net Banking,18,32749.8,31416.21,Same City,Tablet,362,0,0,0
324.64,Net Banking,22,34917.85,16756.65,Same City,Mobile,267,0,0,0
258.89,Credit Card,21,1339.5,87939.31,Same City,Mobile,300,0,0,0
1947.05,Credit Card,21,25309.51,18993.61,Same City,Desktop,411,0,0,0
4535.1,Debit Card,6,50464.58,95092.86,Same City,Desktop,13,0,0,0
825.38,UPI,11,29620.9,20681.79,Different City,Mobile,20,0,0,0
393.85,Debit Card,16,8610.62,73436.57,Different City,Mobile,433,0,1,0
3496.02,Debit Card,17,33901.51,8857.83,Same City,Desktop,70,0,0,0
2523.33,Net Banking,14,31129.23,14300.11,Same City,Mobile,297,0,0,0
3748.89,Credit Card,18,29353.46,60431.3,Same City,Tablet,393,0,0,0
414.24,UPI,22,28084.04,52016.99,Same City,Tablet,14,1,0,0
2764.55,Net Banking,11,5457.92,54129.63,Different City,Tablet,338,0,1,0
303.51,Credit Card,21,47757.65,14255.66,Same City,Tablet,207,0,0,0
218.61,Credit Card,12,41366.38,36019.06,Same City,Desktop,179,0,0,0
4996.38,UPI,1,7245.58,162641.03,Different City,Tablet,3,1,1,1
1151.55,Credit Card,10,12632.73,21204.48,Same City,Tablet,174,0,0,0
12583.71,Debit Card,5,9505.04,197968.43,Different City,Desktop,1,0,1,1
64.58,Debit Card,11,19176.04,80840.57,Same City,Mobile,169,0,0,0
2678.34,Debit Card,11,45996.81,28943.95,Same City,Desktop,459,0,0,0
601.02,Net Banking,11,29009.9,25656.28,Same City,Mobile,426,0,0,0
585.98,Credit Card,11,11200.16,95744.8,Same City,Desktop,132,0,0,0
4646.01,Debit Card,16,53058.86,18552.55,Same City,Mobile,348,0,0,0
305.03,Debit Card,15,8702.57,73803.36,Different City,Tablet,373,0,1,0
1011.71,Credit Card,23,16404.24,82238.12,Same City,Tablet,373,0,0,0
1287.54,Net Banking,22,7373.19,31206.4,Same City,Tablet,31,0,0,0
257.73,Debit Card,20,40916.43,94724.86,Same City,Tablet,165,0,0,0
945.98,Net Banking,22,42072.76,85034.8,Same City,Mobile,63,0,0,0
894.55,Net Banking,22,46216.65,24954.62,Same City,Tablet,14,0,0,0
1804.83,Credit Card,17,21274.3,67413.03,Same City,Mobile,90,0,0,0
625.93,Net Banking,10,13605.5,46398.54,Same City,Desktop,326,1,0,0
1332.78,Net Banking,16,45393.33,88291.48,Same City,Tablet,356,0,0,0
1415.71,UPI,6,36050.18,20625.21,Same City,Desktop,346,0,0,0
3413.75,Net Banking,11,47925.02,33799.52,Same City,Desktop,240,0,0,0
285862.69,Debit Card,2,648.99,238205.53,Different Country,Desktop,3,1,1,1
643.74,Credit Card,12,7404.39,8060.15,Different City,Mobile,438,1,0,0
1516.95,Credit Card,7,28229.8,40564.53,Same City,Desktop,30,0,0,0
249.77,UPI,19,46843.62,99694.94,Same City,Mobile,337,0,0,0
1962.74,Net Banking,14,43968.87,38383.3,Different City,Mobile,182,0,0,0
127.31,UPI,19,6799.89,86529.58,Same City,Mobile,483,0,0,0
375.82,Debit Card,9,47404.7,95392.86,Same City,Desktop,269,0,0,0
1244.28,UPI,17,16759.27,36872.52,Same City,Desktop,466,0,0,0
807.85,Debit Card,13,22140.58,56541.59,Same City,Desktop,371,0,0,0
673.71,Net Banking,12,13571.22,35531.97,Same City,Desktop,132,0,0,0
479.05,UPI,10,30321.95,99573.45,Same City,Desktop,319,0,0,0
2002.43,Net Banking,9,28663.79,10326.5,Same City,Desktop,381,0,0,0
1482.95,Debit Card,8,49318.02,6895.8,Same City,Desktop,35,0,0,0
852.05,Net Banking,21,12867.98,45123.93,Same City,Mobile,283,0,0,0
1446.04,Credit Card,19,32051.99,37097.37,Different City,Desktop,176,0,1,0
345.72,Net Banking,21,34362.61,5668.04,Same City,Tablet,114,0,0,0
877.26,Credit Card,12,20837.72,30291.57,Different City,Desktop,428,0,0,0
11830.44,Debit Card,1,3761.9,189996.85,Different Country,Tablet,1,1,1,1
535.38,Debit Card,14,50011.7,68431.42,Same City,Mobile,36,0,0,0
906.56,UPI,8,33237.83,57077.83,Same City,Mobile,43,0,0,0
586.66,Debit Card,6,36406.33,90903.25,Same City,Desktop,261,0,0,0
2043.07,Credit Card,8,25709.93,88015.67,Same City,Desktop,168,0,0,0
3449.65,Credit Card,16,3922.06,42268.66,Different City,Tablet,464,0,1,0
1984.46,Net Banking,7,2733.26,8550.85,Same City,Mobile,415,0,0,0
1054.67,Credit Card,12,1837.42,8159.87,Different City,Tablet,154,0,0,0
97.14,Debit Card,6,34876.74,86012.24,Same City,Mobile,389,0,0,0
1120.26,UPI,18,50761.82,13148.91,Same City,Tablet,154,1,0,0
59.49,Debit Card,20,18060.74,99564.52,Same City,Tablet,64,0,0,0
4530.25,Net Banking,23,48223.81,99556.89,Same City,Desktop,404,0,0,0
9557.26,Credit Card,18,53165.72,57698.16,Same City,Mobile,464,0,0,0
447.08,Credit Card,11,22579.45,88770.42,Same City,Mobile,11,0,0,0
2844.48,Credit Card,15,39070.74,12055.84,Same City,Tablet,341,0,0,0
3056.75,Net Banking,23,14776.39,49200.17,Same City,Desktop,480,0,0,0
1358.29,Net Banking,9,4506.08,27687.76,Different City,Tablet,218,0,0,0
804.99,Debit Card,17,17864.75,72476.68,Same City,Desktop,33,0,0,0
536.64,Credit Card,19,6642.78,6760.47,Same City,Tablet,385,0,0,0
4129.03,UPI,19,44434.18,32817.95,Different City,Mobile,206,0,1,0
162.75,Net Banking,21,2775.19,5276.53,Same City,Mobile,25,1,0,0
876.28,Net Banking,22,27840.6,91322.97,Different City,Mobile,166,0,0,0
1016.72,Debit Card,19,5139.43,93956.86,Different City,Mobile,384,1,0,0
584.04,Net Banking,23,4079.1,31690.41,Same City,Tablet,284,0,0,0
2111.12,Net Banking,13,34423.28,15577.33,Same City,Mobile,80,0,0,0
4138.94,Credit Card,12,36369.76,53030.21,Different City,Desktop,287,0,0,0
333.73,Credit Card,21,18875.48,46423.85,Same City,Tablet,451,1,0,0
6755.16,Credit Card,15,14162.33,83292.97,Different City,Desktop,173,0,1,0
1788.93,Debit Card,8,6851.06,24317.22,Same City,Tablet,346,0,0,0
165.07,Debit Card,13,4100.49,50062.43,Same City,Desktop,354,0,0,0
1222.39,Debit Card,12,16044.92,48600.05,Same City,Tablet,445,0,0,0
2250.6,UPI,13,6450.97,96786.0,Same City,Desktop,191,0,0,0
2900.26,Debit Card,12,21012.86,9158.21,Same City,Desktop,326,0,0,0
339.8,UPI,23,29075.71,56601.84,Same City,Mobile,150,0,0,0
2839.97,Debit Card,20,16487.42,90424.33,Same City,Mobile,338,0,0,0
6964.69,Debit Card,11,10366.33,1915.55,Same City,Mobile,173,0,0,0
3544.4,Debit Card,21,52746.66,28840.54,Same City,Tablet,13,0,0,0
2093.28,Net Banking,20,38567.35,77982.09,Same City,Desktop,184,0,0,0
1047.95,UPI,12,3951.14,49109.57,Same City,Tablet,173,0,0,0
73.93,Credit Card,12,45824.74,36239.39,Different City,Mobile,456,0,1,0
422.45,Credit Card,8,2319.79,17522.18,Same City,Desktop,98,0,0,0
2142.38,Debit Card,9,8631.87,15190.27,Same City,Mobile,82,0,0,0
1430.27,UPI,18,24129.15,94571.51,Different City,Tablet,479,0,1,0
379.06,Debit Card,22,34956.85,38673.53,Same City,Tablet,163,0,0,0
1095.86,UPI,13,47412.94,22867.68,Same City,Mobile,108,0,0,0
162040.12,Debit Card,3,7569.27,307290.94,Different City,Mobile,2,1,1,1
3413.93,Credit Card,22,17068.43,19060.98,Same City,Mobile,429,0,0,0
428.2,Debit Card,13,25684.43,32280.98,Same City,Mobile,149,0,0,0
659.04,UPI,16,2723.2,2184.67,Same City,Desktop,153,0,0,0
5525.96,UPI,13,19722.51,35305.04,Same City,Tablet,485,1,0,0
295.24,UPI,18,38536.47,62374.31,Same City,Tablet,351,0,0,0
1550.74,Net Banking,21,26044.18,66686.43,Same City,Desktop,133,0,0,0
2636.91,UPI,21,19027.33,51771.16,Same City,Desktop,478,0,0,0
653.74,Debit Card,22,24699.53,62750.55,Different City,Tablet,260,0,0,0
268.42,Debit Card,22,49569.87,75337.82,Same City,Desktop,51,0,0,0
591.31,Net Banking,8,39704.32,64414.92,Same City,Desktop,126,0,0,0
3297.63,Debit Card,11,34368.59,20131.21,Same City,Desktop,482,0,0,0
398.57,Credit Card,11,27314.61,91985.56,Same City,Mobile,220,0,0,0
5741.11,Net Banking,15,7024.13,83494.72,Same City,Tablet,195,0,0,0
3566.86,Debit Card,9,52931.94,15041.69,Different City,Desktop,61,0,0,0
1527.31,Debit Card,22,18139.12,6355.84,Same City,Mobile,201,0,0,0
2163.26,Credit Card,15,39283.89,84842.54,Same City,Tablet,421,0,0,0
1878.63,UPI,22,8370.61,33826.75,Different City,Mobile,201,0,1,0
480.39,Net Banking,9,18389.0,35378.92,Same City,Tablet,339,0,0,0
494.28,Net Banking,14,42042.19,96502.69,Same City,Tablet,68,0,0,0
2312.89,Credit Card,10,41327.18,10698.06,Same City,Desktop,392,0,0,0
3010.37,UPI,10,22061.68,86333.36,Same City,Mobile,166,0,0,0
4547.67,Net Banking,6,8562.62,54449.7,Same City,Tablet,148,0,0,0
627.08,UPI,23,38564.41,2458.69,Same City,Desktop,380,1,0,0
2132.24,Net Banking,23,14054.75,9696.57,Same City,Mobile,426,0,0,0
462.21,Net Banking,18,4565.87,52451.14,Same City,Mobile,170,0,0,0
816.09,UPI,22,16583.03,88840.37,Same City,Mobile,274,0,0,0
2343.77,UPI,10,50678.22,44343.91,Same City,Mobile,147,0,0,0
184.72,Credit Card,16,4125.48,67076.5,Same City,Tablet,406,0,0,0
1437.21,Debit Card,17,7127.95,39785.56,Different City,Tablet,482,0,0,0
321.31,Net Banking,18,40232.21,43558.33,Same City,Tablet,462,0,0,0
1422.09,UPI,10,18439.68,34920.96,Same City,Desktop,308,0,0,0
3942.3,Debit Card,18,24139.0,51961.17,Same City,Tablet,14,0,0,0
1582.24,Credit Card,18,10758.06,34566.73,Different City,Tablet,197,1,0,0
2000.61,Credit Card,14,12523.86,36870.72,Different City,Tablet,393,1,0,0
12925.37,UPI,1,6842.09,442396.18,Different City,Tablet,4,1,1,1
1903.55,UPI,9,12114.92,58758.59,Same City,Tablet,280,0,0,0
2066.84,Debit Card,23,12982.16,9571.46,Same City,Tablet,446,0,0,0
418.13,Debit Card,11,35282.91,72532.64,Different City,Mobile,44,0,0,0
891.93,UPI,15,34014.64,7680.3,Same City,Mobile,20,0,0,0
819.18,UPI,11,7008.89,49517.69,Same City,Mobile,93,0,0,0
828.26,Net Banking,21,15143.42,30729.0,Same City,Mobile,303,0,0,0
225.61,UPI,8,41432.75,95506.05,Same City,Tablet,406,0,0,0
1228.0,Debit Card,6,8711.12,98465.45,Same City,Tablet,89,0,0,0
2587.51,Credit Card,8,12882.9,50780.51,Same City,Desktop,450,0,0,0
229.14,Credit Card,12,25726.2,45282.48,Same City,Mobile,48,0,0,0
3191.92,Net Banking,22,49836.29,2013.78,Different City,Desktop,169,0,1,0
1306.73,Debit Card,18,33620.78,4558.52,Same City,Mobile,60,0,0,0
11241.14,Debit Card,18,2652.29,346184.67,Different Country,Tablet,5,1,1,1
15434.23,Net Banking,10,26898.94,96402.88,Same City,Mobile,253,0,0,0
8969.57,Net Banking,17,9492.81,159498.85,Different City,Tablet,3,1,1,1
1718.52,Debit Card,16,25550.77,40774.81,Same City,Tablet,33,0,0,0
10139.76,Credit Card,0,1959.8,472445.53,Different Country,Mobile,0,1,1,1
1149.33,Credit Card,22,38435.55,23222.47,Different City,Tablet,461,0,1,0
1544.92,Net Banking,15,40113.92,84478.32,Same City,Tablet,495,0,0,0
5907.2,Net Banking,8,30291.98,87342.32,Same City,Tablet,133,0,0,0
350.13,Net Banking,9,16826.95,43401.94,Same City,Mobile,300,0,0,0
889.61,Debit Card,10,34777.93,60577.92,Same City,Tablet,56,0,0,0
484.82,UPI,7,28820.76,90801.85,Same City,Desktop,381,0,0,0
2186.69,UPI,18,13444.12,96322.25,Different City,Mobile,346,0,0,0
429.87,Net Banking,8,12413.39,90843.46,Different City,Desktop,109,0,1,0
608.28,Net Banking,20,6604.7,69673.72,Same City,Mobile,160,0,0,0
153.49,Debit Card,13,47312.97,24069.27,Same City,Mobile,203,0,0,0
1813.93,UPI,15,30821.67,88900.06,Same City,Mobile,461,0,0,0
1499.95,Credit Card,9,9047.5,26817.44,Same City,Tablet,232,0,0,0
2777.79,Credit Card,15,5337.59,38628.77,Same City,Mobile,134,1,0,0
92236.72,Credit Card,4,6640.12,175800.25,Different Country,Desktop,0,1,1,1
1362.09,Debit Card,7,10707.08,27864.31,Same City,Desktop,243,0,0,0
476.73,Credit Card,16,3419.97,41860.73,Same City,Mobile,342,0,0,0
1128.61,UPI,14,1547.26,28703.81,Same City,Tablet,130,1,0,0
542.21,Net Banking,18,30097.93,26806.36,Same City,Mobile,264,0,0,0
4008.06,UPI,19,5372.96,69004.69,Different City,Mobile,207,0,0,0
416.97,Net Banking,13,12595.02,98666.26,Same City,Tablet,114,0,0,0
5592.41,Credit Card,13,53061.14,87960.15,Different City,Desktop,28,0,1,0
4869.4,Credit Card,6,7852.65,69503.52,Different City,Mobile,129,0,1,0
440.18,Debit Card,11,7043.17,64342.89,Same City,Mobile,162,0,0,0
2105.53,UPI,22,47732.46,21066.22,Same City,Desktop,37,1,0,0
1764.16,UPI,20,36397.48,13998.74,Same City,Desktop,426,0,0,0
3458.0,Debit Card,15,13725.95,52332.96,Same City,Tablet,315,0,0,0
2052.09,Credit Card,10,33666.15,54294.04,Same City,Desktop,270,0,0,0
1365.54,Debit Card,17,14920.08,81967.7,Different City,Mobile,240,0,0,0
288.45,Net Banking,20,18312.97,82355.22,Same City,Tablet,264,0,0,0
490.63,Net Banking,10,50352.8,3002.6,Same City,Tablet,242,0,0,0
513.3,Credit Card,8,49235.6,98621.07,Same City,Desktop,184,0,0,0
713.91,Net Banking,12,48749.2,19692.57,Same City,Desktop,402,0,0,0
2370.52,Credit Card,17,33793.15,33490.56,Same City,Tablet,427,0,0,0
1771.25,UPI,20,18151.32,29938.34,Same City,Mobile,295,0,0,0
1710.03,Credit Card,20,35147.48,20498.43,Different City,Desktop,333,0,0,0
377.05,Credit Card,15,48084.2,60617.46,Different City,Mobile,176,0,0,0
1509.87,UPI,17,49659.92,48354.56,Same City,Tablet,285,0,0,0
552.1,UPI,13,47706.94,61037.61,Different City,Tablet,344,0,1,0
972.26,Debit Card,17,49814.6,11072.06,Different City,Mobile,442,0,1,0
1066.87,UPI,17,22965.72,72950.82,Same City,Desktop,198,0,0,0
1482.82,Net Banking,15,22728.95,34213.26,Same City,Mobile,100,0,0,0
906.41,Debit Card,10,9129.68,59521.28,Same City,Mobile,227,0,0,0
633.51,Credit Card,11,6871.37,55864.24,Same City,Desktop,109,0,0,0
208.29,Debit Card,21,23982.59,33377.66,Same City,Desktop,237,0,0,0
941.55,Net Banking,19,2845.95,30312.84,Same City,Mobile,337,0,0,0
1906.93,Debit Card,11,11534.17,69464.1,Same City,Desktop,485,0,0,0
8451.25,Debit Card,10,51864.43,82818.59,Same City,Mobile,179,0,0,0
64.23,Net Banking,9,35995.83,44269.37,Same City,Mobile,305,0,0,0
12366.12,UPI,5,1427.86,200822.99,Different Country,Desktop,3,1,1,1
5011.45,UPI,1,180.29,60142.77,Different Country,Tablet,0,1,1,1
2864.95,UPI,10,30442.91,15314.45,Same City,Mobile,164,0,0,0
808.17,Credit Card,16,2196.18,13516.63,Same City,Tablet,173,0,0,0
19389.51,Credit Card,3,7139.58,463082.72,Different Country,Mobile,1,1,1,1
726.17,Debit Card,13,44221.69,8813.44,Different City,Tablet,43,0,0,0
187.08,Debit Card,7,13225.99,42965.68,Same City,Mobile,43,0,0,0
689.1,Credit Card,16,9515.68,85573.73,Same City,Tablet,368,0,0,0
1075.71,Net Banking,18,49254.32,51903.23,Same City,Tablet,387,0,0,0
3773.7,Credit Card,20,51001.68,64173.44,Same City,Desktop,364,0,0,0
15075.0,Net Banking,17,46533.48,68863.16,Same City,Desktop,319,1,0,0
1175.38,Debit Card,23,5047.0,95142.32,Different City,Mobile,35,0,0,0
992.12,Credit Card,13,14151.23,24697.88,Same City,Tablet,115,0,0,0
2489.73,UPI,0,1534.13,189610.08,Different City,Desktop,1,1,1,1
501.7,UPI,18,4004.21,18712.43,Same City,Desktop,36,0,0,0
571.68,UPI,22,44173.68,21921.4,Same City,Tablet,156,1,0,0
559.2,UPI,20,31789.78,45176.77,Same City,Tablet,193,0,0,0
1425.9,Net Banking,9,23173.39,90994.31,Same City,Mobile,120,0,0,0
1203.33,UPI,23,18427.38,72917.35,Same City,Tablet,47,0,0,0
876.0,UPI,13,10029.77,52516.34,Same City,Tablet,311,0,0,0
344.77,Debit Card,9,30202.46,27421.29,Same City,Tablet,218,0,0,0
519.79,Credit Card,21,12065.14,46910.72,Different City,Desktop,17,0,1,0
744.19,Credit Card,6,43864.36,80951.61,Different City,Mobile,218,0,1,0
1112.4,Credit Card,13,12232.95,3893.0,Same City,Desktop,57,0,0,0
913.1,Credit Card,23,18475.0,78242.58,Same City,Desktop,55,0,0,0
943.83,Net Banking,18,28213.84,575.87,Same City,Mobile,115,0,0,0
490.94,Debit Card,8,21958.1,71759.78,Same City,Desktop,52,0,0,0
1514.32,UPI,11,38841.96,58336.88,Same City,Tablet,263,0,0,0
571.58,Credit Card,21,36903.54,97585.21,Same City,Desktop,258,1,0,0
1962.6,Net Banking,6,20443.13,43234.62,Different City,Mobile,344,0,1,0
1317.33,Debit Card,9,50113.43,80153.71,Same City,Tablet,165,0,0,0
2372.73,Debit Card,15,12989.81,23672.05,Same City,Desktop,295,0,0,0
1514.86,Net Banking,8,45505.99,87057.84,Same City,Desktop,334,0,0,0
574.46,Credit Card,14,6650.59,89052.73,Same City,Tablet,225,0,0,0
3725.97,UPI,9,9808.54,73492.58,Different City,Tablet,445,0,0,0
1809.55,Net Banking,9,35556.8,97995.54,Same City,Mobile,221,1,0,0
1725.91,Debit Card,17,50286.34,56218.88,Different City,Tablet,23,0,1,0
90.07,Debit Card,10,1469.61,34124.78,Same City,Desktop,315,0,0,0
809.38,Debit Card,21,42960.7,31334.79,Same City,Tablet,449,0,0,0
1427.32,Debit Card,13,25328.79,38920.86,Same City,Mobile,309,0,0,0
897.53,UPI,19,48287.07,21877.17,Same City,Mobile,201,0,0,0
3566.35,Debit Card,6,31206.5,56093.8,Different City,Desktop,471,0,1,0
36604.15,Debit Card,4,1268.02,434631.89,Different Country,Mobile,5,1,1,1
173.83,Credit Card,16,40691.77,23828.97,Same City,Tablet,332,0,0,0
133.53,UPI,19,33688.2,64181.95,Same City,Mobile,147,0,0,0
117.86,Debit Card,19,41198.71,24465.51,Different City,Mobile,37,0,0,0
4690.92,Credit Card,7,16705.9,11047.41,Same City,Mobile,278,0,0,0
622.92,Net Banking,22,20998.9,92658.54,Same City,Tablet,35,0,0,0
1475.24,Debit Card,6,30156.48,81949.57,Same City,Desktop,488,0,0,0
701.74,Net Banking,22,15819.82,70817.21,Same City,Mobile,479,0,0,0
907.67,Credit Card,16,39947.91,47633.57,Same City,Mobile,88,1,0,0
1491.3,Credit Card,7,43224.11,57735.34,Different City,Tablet,227,0,0,0
307.95,UPI,19,13820.95,19864.46,Same City,Tablet,413,0,0,0
437.62,Credit Card,6,2638.07,1787.39,Same City,Desktop,87,0,0,0
218.08,Debit Card,14,6011.46,15124.68,Different City,Desktop,208,0,1,0
981.6,Credit Card,17,49935.29,42073.66,Same City,Mobile,193,0,0,0
