transaction_id,amount,transaction_type,transaction_hour,day_of_week,sender_balance,receiver_balance,location,device_type,previous_transaction_count,new_device,unusual_location,transactions_last_hour,amount_to_balance_ratio,is_fraud,log_amount,balance_diff,is_night,is_weekend
TX11501,922.89,UPI,20,0,93565.82,8168.56,Ahmedabad,Desktop,100,0,0,2,0.0099,0,6.828593016935907,85397.26000000001,0,0
TX12586,1489.13,Card,19,1,8361.46,43135.46,Mumbai,Laptop,18,0,0,4,0.1781,0,7.306618643455739,-34774.0,0,0
TX12653,348.28,E-commerce,12,5,54296.63,10256.42,Pune,Desktop,15,0,0,1,0.0064,0,5.855873892801633,44040.21,0,1
TX11055,3587.93,UPI,19,1,53873.69,34575.11,Pune,Mobile,118,0,0,2,0.0666,0,8.185609386917278,19298.58,0,0
TX10705,1233.28,Wallet,18,4,61810.93,34360.84,Delhi,Mobile,77,0,0,4,0.02,0,7.118243083102442,27450.090000000004,0,0
TX10106,1285.94,UPI,15,0,4423.82,29330.2,Bengaluru,Mobile,166,0,0,1,0.2907,0,7.160022586462759,-24906.38,0,0
TX10589,939.24,Bank Transfer,16,6,10254.98,11108.54,Hyderabad,Tablet,148,0,0,4,0.0916,0,6.8461351618245985,-853.5600000000013,0,1
TX12468,1905.94,Wallet,18,1,36879.63,48654.96,Ahmedabad,Laptop,46,0,0,1,0.0517,0,7.553255142074509,-11775.330000000002,0,0
TX12413,463.54,Wallet,19,1,50281.11,21113.83,Bengaluru,Desktop,36,0,0,1,0.0092,0,6.141047668647471,29167.28,0,0
TX11600,903.11,E-commerce,17,0,18121.11,17804.38,Hyderabad,Mobile,57,0,0,2,0.0498,0,6.806951034405523,316.72999999999956,0,0
TX12464,740.07,Wallet,17,2,83448.7,11458.86,Pune,Mobile,99,0,0,2,0.0089,0,6.6080950877709395,71989.84,0,0
TX10228,1437.7,Wallet,10,4,63634.94,26719.71,Bengaluru,Mobile,25,0,0,1,0.0226,0,7.271495207042987,36915.23,0,0
TX10915,1351.54,Card,17,2,68916.52,2686.61,Mumbai,Tablet,161,0,0,4,0.0196,0,7.209739585144677,66229.91,0,0
TX10794,843.6,Wallet,9,6,84857.78,290.61,Chennai,Mobile,67,0,0,4,0.0099,0,6.738863142499843,84567.17,0,1
TX13021,1564.49,E-commerce,17,0,87533.64,49580.55,Delhi,Mobile,135,0,0,2,0.0179,0,7.355954153010511,37953.09,0,0
TX13543,951.71,Wallet,9,5,28921.19,22237.92,Delhi,Mobile,44,0,0,2,0.0329,0,6.859310555141324,6683.27,0,1
TX11073,937.13,Card,13,3,86265.6,46904.47,Bengaluru,Laptop,76,0,0,3,0.0109,0,6.843888532153669,39361.130000000005,0,0
TX13351,2365.5,UPI,12,1,45956.98,9682.9,Bengaluru,Mobile,87,0,0,1,0.0515,0,7.7691673493463025,36274.08,0,0
TX11744,684.39,Wallet,19,0,69185.62,29724.86,Mumbai,Mobile,43,0,0,4,0.0099,0,6.529988019313647,39460.759999999995,0,0
TX11084,1069.4,Bank Transfer,18,6,31660.14,28214.08,Jaipur,Desktop,120,0,0,3,0.0338,0,6.975787689373964,3446.0599999999977,0,1
TX10926,912.04,Wallet,17,6,74831.6,35257.27,Mumbai,Desktop,88,0,0,2,0.0122,0,6.816779691245345,39574.33000000001,0,1
TX13049,3541.01,Card,15,0,48320.37,49975.31,Bengaluru,Mobile,169,0,0,2,0.0733,0,8.172449641602487,-1654.939999999995,0,0
TX11117,1581.53,Card,15,0,61474.14,49977.93,Mumbai,Desktop,30,0,0,4,0.0257,0,7.366780111184615,11496.21,0,0
TX10642,944.15,Bank Transfer,9,5,17586.37,729.12,Delhi,Mobile,97,0,0,1,0.0537,0,6.851343645056174,16857.25,0,1
TXF20267,7021.7,Wallet,12,0,98548.06,1252.73,Pune,Desktop,30,1,0,16,0.0713,1,8.856903038458935,97295.33,0,0
TX10501,378.05,E-commerce,17,6,55981.37,15345.66,Mumbai,Mobile,138,0,0,4,0.0068,0,5.937668122502313,40635.71000000001,0,1
TX14066,2043.03,E-commerce,20,1,95267.35,25684.89,Pune,Desktop,199,0,0,4,0.0214,0,7.622678628319606,69582.46,0,0
TX10333,703.18,Bank Transfer,15,1,6958.53,48458.22,Mumbai,Desktop,53,0,0,1,0.1011,0,6.557034005295199,-41499.69,0,0
TXF20184,33853.34,Wallet,9,2,149117.77,970.81,Mumbai,Laptop,24,0,1,3,0.227,1,10.429822482824976,148146.96,0,0
TX10486,1322.17,Card,19,2,89390.04,32578.78,Delhi,Mobile,167,0,0,1,0.0148,0,7.187785651702853,56811.259999999995,0,0
TX11962,1934.26,UPI,14,1,7188.51,17676.33,Delhi,Tablet,122,0,0,1,0.2691,0,7.56799696336252,-10487.820000000002,0,0
TX10393,1831.1,Card,15,3,18995.62,5317.94,Chennai,Desktop,81,0,0,1,0.0964,0,7.513218128897199,13677.68,0,0
TXF20342,134521.71,UPI,1,6,208350.39,2859.91,Hyderabad,Laptop,25,1,1,6,0.6457,1,11.809488311354524,205490.48,1,1
TXF20366,63651.58,UPI,0,0,245402.93,2248.31,Bengaluru,Mobile,7,1,1,5,0.2594,1,11.061195137335314,243154.62,1,0
TX11755,528.35,Wallet,20,6,13995.23,32207.1,Delhi,Tablet,86,0,0,1,0.0378,0,6.271649838789389,-18211.87,0,1
TX12515,2383.06,E-commerce,18,2,40473.84,15902.55,Delhi,Mobile,148,0,0,3,0.0589,0,7.776560195653772,24571.289999999997,0,0
TX13585,452.42,Card,15,1,15716.77,31838.41,Pune,Mobile,146,0,0,2,0.0288,0,6.116818848260683,-16121.64,0,0
TX14315,2394.46,Bank Transfer,20,4,84184.31,5614.02,Hyderabad,Laptop,53,0,0,2,0.0284,0,7.781330558208394,78570.29,0,0
TXF20466,156323.63,Wallet,0,2,128564.22,3333.24,Jaipur,Mobile,1,1,1,24,1.2159,1,11.959690085568793,125230.98,1,0
TX12099,1971.29,Bank Transfer,15,1,97769.07,3977.85,Pune,Desktop,89,0,0,2,0.0202,0,7.586950583174021,93791.22,0,0
TX13599,1194.16,Wallet,12,2,41424.44,25443.92,Lucknow,Desktop,80,0,0,1,0.0288,0,7.086035346616372,15980.520000000004,0,0
TX14121,1314.27,UPI,11,1,54668.55,34170.7,Lucknow,Mobile,107,0,0,1,0.024,0,7.181797246729859,20497.850000000006,0,0
TX10029,863.33,UPI,14,3,91666.19,12539.68,Hyderabad,Laptop,30,0,0,1,0.0094,0,6.761954640326288,79126.51000000001,0,0
TX10065,1525.72,E-commerce,9,3,11346.36,18449.02,Hyderabad,Desktop,28,0,0,2,0.1345,0,7.330876922327742,-7102.66,0,0
TX10838,1633.66,E-commerce,16,3,40756.15,33739.1,Delhi,Mobile,185,0,0,3,0.0401,0,7.399190110636195,7017.050000000003,0,0
TX13906,1770.95,Bank Transfer,13,0,32027.85,18022.28,Delhi,Mobile,102,0,0,4,0.0553,0,7.4798359140626385,14005.57,0,0
TX13773,1117.87,Wallet,9,0,35706.45,5368.22,Lucknow,Mobile,112,0,0,4,0.0313,0,7.020074526406679,30338.229999999996,0,0
TXF20135,27460.8,Card,3,6,46076.31,4000.79,Hyderabad,Desktop,11,1,0,2,0.596,1,10.220551227064412,42075.52,1,1
TX13161,426.59,Wallet,12,5,87899.92,18017.63,Chennai,Mobile,28,0,0,4,0.0049,0,6.05816479253505,69882.29,0,1
TX12659,1085.9,Card,9,0,15882.82,35525.66,Hyderabad,Desktop,19,0,0,4,0.0684,0,6.9910848865691415,-19642.840000000004,0,0
TXF20115,7770.06,E-commerce,23,5,45997.96,2618.49,Pune,Mobile,28,1,0,3,0.1689,1,8.958161856193462,43379.47,1,1
TXF20128,26688.25,E-commerce,4,4,235924.4,934.17,Hyderabad,Mobile,16,1,0,4,0.1131,1,10.192016141591607,234990.22999999998,1,0
TX12451,669.87,UPI,12,2,44817.7,39121.89,Kolkata,Laptop,174,0,0,1,0.0149,0,6.508575377515987,5695.809999999998,0,0
TX12846,1823.04,Card,12,1,74113.46,4497.52,Delhi,Desktop,35,0,0,3,0.0246,0,7.508809100218383,69615.94,0,0
TX11144,1592.94,Wallet,19,0,92076.74,40888.65,Mumbai,Mobile,38,0,0,4,0.0173,0,7.373964217487385,51188.090000000004,0,0
TX13078,631.89,Card,20,3,91898.74,44650.52,Bengaluru,Mobile,138,0,0,1,0.0069,0,6.450296631372029,47248.22000000001,0,0
TX11103,455.85,Wallet,18,2,22717.48,9223.61,Chennai,Mobile,39,0,0,1,0.0201,0,6.12435510944463,13493.869999999999,0,0
TX10168,2557.38,Card,12,6,42085.66,21930.0,Mumbai,Laptop,38,0,0,1,0.0608,0,7.847129524663267,20155.660000000003,0,1
TX11670,2879.25,Bank Transfer,13,2,57586.96,6369.61,Delhi,Mobile,171,0,0,3,0.05,0,7.965632374918163,51217.35,0,0
TX12570,267.12,Card,17,1,52002.41,8616.8,Ahmedabad,Desktop,125,0,0,1,0.0051,0,5.591434641489757,43385.61,0,0
TX12377,617.42,Card,18,6,67312.07,4027.06,Mumbai,Mobile,64,0,0,2,0.0092,0,6.427167838276756,63285.01000000001,0,1
TX14395,759.97,Card,11,0,82303.51,32289.63,Mumbai,Desktop,147,0,0,4,0.0092,0,6.634593935271222,50013.87999999999,0,0
TX14257,950.54,Card,20,1,93520.85,22397.03,Mumbai,Mobile,193,0,0,1,0.0102,0,6.858081724738565,71123.82,0,0
TX13862,465.67,UPI,10,1,36662.45,45741.79,Mumbai,Mobile,193,0,0,2,0.0127,0,6.1456223697668735,-9079.340000000004,0,0
TX10023,2393.32,E-commerce,16,4,33836.06,16326.65,Bengaluru,Mobile,143,0,0,2,0.0707,0,7.780854544687302,17509.409999999996,0,0
TX12633,1469.4,Bank Transfer,18,6,88890.14,38163.67,Mumbai,Mobile,187,0,0,1,0.0165,0,7.293289751601423,50726.47,0,1
TX13340,806.46,Wallet,15,5,52487.59,29479.1,Bengaluru,Desktop,112,0,0,1,0.0154,0,6.693893518266168,23008.489999999998,0,1
TX12215,604.18,Bank Transfer,19,4,86607.01,5589.88,Chennai,Mobile,68,0,0,4,0.007,0,6.405525934441504,81017.12999999999,0,0
TX13682,355.25,Bank Transfer,19,3,62894.28,17950.07,Chennai,Mobile,53,0,0,1,0.0056,0,5.8756327315828605,44944.21,0,0
TXF20224,25443.26,Bank Transfer,16,5,51816.04,4358.18,Chennai,Mobile,30,0,1,5,0.491,1,10.144245456265587,47457.86,0,1
TX11907,1244.36,Bank Transfer,10,1,39425.34,42172.93,Jaipur,Mobile,85,0,0,2,0.0316,0,7.127179923727594,-2747.590000000004,0,0
TX10084,590.95,UPI,9,0,58629.82,1893.52,Chennai,Laptop,56,0,0,1,0.0101,0,6.383422171857645,56736.3,0,0
TX10227,2031.83,Bank Transfer,9,4,64988.78,16811.79,Chennai,Mobile,78,0,0,4,0.0313,0,7.61718418986636,48176.99,0,0
TX10296,8502.09,UPI,11,2,42259.36,38568.52,Bengaluru,Desktop,30,0,0,2,0.2012,0,9.048184905829366,3690.840000000004,0,0
TX11001,664.78,Bank Transfer,10,5,86234.69,44139.74,Hyderabad,Desktop,15,0,0,1,0.0077,0,6.500959285638977,42094.950000000004,0,1
TX12138,1251.78,UPI,14,3,94766.57,41764.34,Delhi,Mobile,35,0,0,3,0.0132,0,7.133120360869007,53002.23000000001,0,0
TX10711,3390.54,Card,16,0,67182.1,45673.02,Delhi,Desktop,7,0,0,4,0.0505,0,8.129039374507943,21509.08000000001,0,0
TX12801,335.84,E-commerce,13,5,25175.16,37331.94,Chennai,Desktop,130,0,0,1,0.0133,0,5.819608040161792,-12156.780000000002,0,1
TX12527,840.45,Card,10,2,21538.31,22648.27,Ahmedabad,Desktop,114,0,0,4,0.039,0,6.735126594159082,-1109.9599999999991,0,0
TX13752,523.25,UPI,14,3,92964.68,3975.85,Delhi,Mobile,122,0,0,3,0.0056,0,6.261968669782029,88988.82999999999,0,0
TX13321,1103.29,E-commerce,13,6,66365.73,23814.8,Bengaluru,Desktop,49,0,0,2,0.0166,0,7.006957873501806,42550.92999999999,0,1
TX13181,2689.07,Bank Transfer,17,1,39509.09,45233.25,Hyderabad,Laptop,34,0,0,1,0.0681,0,7.897322494562143,-5724.1600000000035,0,0
TX14183,1652.48,Card,19,4,31102.84,39738.18,Chennai,Mobile,15,0,0,2,0.0531,0,7.410637436793812,-8635.34,0,0
TX11615,1173.02,Bank Transfer,20,3,30615.27,23523.4,Ahmedabad,Mobile,170,0,0,4,0.0383,0,7.068189036018063,7091.869999999999,0,0
TX13024,1195.58,E-commerce,12,0,65967.76,48647.43,Pune,Mobile,85,0,0,1,0.0181,0,7.087222766793185,17320.329999999994,0,0
TX11413,947.61,Bank Transfer,16,1,26177.32,15915.44,Kolkata,Tablet,148,0,0,3,0.0362,0,6.854997755239065,10261.88,0,0
TX10763,971.64,UPI,14,2,85745.04,44665.2,Bengaluru,Mobile,183,0,0,2,0.0113,0,6.880014024000412,41079.84,0,0
TX10655,1075.61,E-commerce,17,3,68855.28,16322.69,Mumbai,Mobile,127,0,0,2,0.0156,0,6.9815724945845545,52532.59,0,0
TXF20297,3311.69,Bank Transfer,16,1,17214.78,4669.77,Kolkata,Desktop,12,0,0,22,0.1924,1,8.105515827140108,12545.009999999998,0,0
TX13849,2534.02,Wallet,12,6,41624.61,5143.72,Hyderabad,Mobile,122,0,0,2,0.0609,0,7.837956805540513,36480.89,0,1
TX14153,336.16,Wallet,11,0,46297.17,20603.91,Mumbai,Mobile,96,0,0,1,0.0073,0,5.820557595129282,25693.26,0,0
TX10468,1311.77,E-commerce,14,4,6131.32,31694.25,Bengaluru,Mobile,103,0,0,2,0.2139,0,7.179894687595211,-25562.93,0,0
TX10157,2952.04,Bank Transfer,14,3,9061.4,43249.65,Mumbai,Mobile,11,0,0,3,0.3258,0,7.990590427199084,-34188.25,0,0
TX11295,4615.1,UPI,11,5,7198.04,15857.08,Kolkata,Desktop,100,0,0,4,0.6412,0,8.437305471731442,-8659.04,0,1
TX10497,1228.28,Wallet,12,2,10596.16,37787.99,Kolkata,Mobile,106,0,0,4,0.1159,0,7.114183911119325,-27191.829999999998,0,0
TXF20240,26033.24,Card,19,0,90427.15,4574.08,Lucknow,Desktop,11,0,1,5,0.2879,1,10.167167873697903,85853.06999999999,0,0
TX12940,657.13,Bank Transfer,8,3,27318.09,18837.38,Bengaluru,Laptop,60,0,0,2,0.0241,0,6.489402480200311,8480.71,0,0
TX13456,917.43,UPI,18,1,95672.22,17181.13,Pune,Desktop,143,0,0,3,0.0096,0,6.822665690537022,78491.09,0,0
TX10373,1332.31,Bank Transfer,20,6,23036.23,1653.59,Delhi,Tablet,105,0,0,3,0.0578,0,7.195419851280791,21382.64,0,1
TX10079,1717.5,Wallet,10,1,37986.87,14750.23,Ahmedabad,Laptop,141,0,0,1,0.0452,0,7.449207096289888,23236.640000000003,0,0
TX11553,1463.4,Wallet,15,0,98723.31,25948.72,Lucknow,Mobile,192,0,0,4,0.0148,0,7.289200881246082,72774.59,0,0
TX11669,928.18,Wallet,13,4,8658.41,10034.76,Mumbai,Mobile,77,0,0,2,0.1072,0,6.834302476773092,-1376.3500000000004,0,0
TX12131,1572.61,Card,18,0,54940.94,20046.01,Pune,Laptop,69,0,0,2,0.0286,0,7.361127621909766,34894.93000000001,0,0
TX14439,1047.89,Wallet,12,3,83770.63,22661.74,Bengaluru,Mobile,148,0,0,4,0.0125,0,6.9554877411247995,61108.89,0,0
TX10465,916.25,Card,15,2,19469.37,26305.65,Ahmedabad,Mobile,190,0,0,4,0.0471,0,6.821380063235392,-6836.2800000000025,0,0
TX10248,488.0,UPI,14,0,54458.86,46000.8,Pune,Desktop,99,0,0,3,0.009,0,6.192362489474872,8458.059999999998,0,0
TX10931,1159.19,Wallet,10,3,9179.76,47576.02,Bengaluru,Mobile,92,0,0,2,0.1263,0,7.056339063791233,-38396.259999999995,0,0
TX11335,575.95,Card,18,5,21204.2,19396.68,Pune,Mobile,175,0,0,1,0.0272,0,6.3577556076406765,1807.5200000000004,0,1
TXF20024,133194.32,Bank Transfer,18,2,66597.16,2950.47,Chennai,Desktop,14,1,0,1,2.0,1,11.799571901336037,63646.69,0,0
TX11338,1113.27,Card,19,6,7786.39,3650.67,Hyderabad,Mobile,50,0,0,4,0.143,0,7.0159547609588255,4135.72,0,1
TX11406,225.3,Bank Transfer,12,5,43258.22,32296.41,Ahmedabad,Mobile,52,0,0,3,0.0052,0,5.421861552639491,10961.810000000001,0,1
TX11090,4407.58,Wallet,15,1,62049.19,33393.9,Bengaluru,Desktop,113,0,0,1,0.071,0,8.391307921124369,28655.29,0,0
TX14209,580.72,Bank Transfer,19,1,57617.45,40729.12,Hyderabad,Desktop,156,0,0,4,0.0101,0,6.365989232309509,16888.329999999994,0,0
TX10742,1827.02,UPI,20,6,46150.93,15186.43,Delhi,Desktop,111,0,0,3,0.0396,0,7.510988692873281,30964.5,0,1
TX12323,1212.84,Bank Transfer,8,4,12994.86,36058.75,Delhi,Desktop,40,0,0,1,0.0933,0,7.101544167216986,-23063.89,0,0
TX13601,1500.36,Card,14,4,71080.7,5678.84,Pune,Desktop,199,0,0,4,0.0211,0,7.314126642983017,65401.86,0,0
TX12123,878.3,Card,9,3,95666.85,23811.03,Pune,Mobile,154,0,0,4,0.0092,0,6.779126136384956,71855.82,0,0
TX12094,378.2,Wallet,13,4,60479.8,3679.59,Pune,Mobile,137,0,0,4,0.0063,0,5.938063770380866,56800.21000000001,0,0
TX10240,7758.94,Bank Transfer,20,5,10060.9,43618.98,Delhi,Tablet,116,0,0,4,0.7712,0,8.95672988118861,-33558.08,0,1
TX12351,282.6,Bank Transfer,9,3,8070.54,40634.63,Delhi,Mobile,176,0,0,2,0.035,0,5.647564794657972,-32564.089999999997,0,0
TX11370,3633.48,Bank Transfer,19,1,20198.53,23639.82,Pune,Tablet,29,0,0,3,0.1799,0,8.198221326089355,-3441.290000000001,0,0
TX11057,3207.29,Card,19,4,66983.35,30005.18,Kolkata,Desktop,86,0,0,4,0.0479,0,8.073493363903156,36978.170000000006,0,0
TXF20316,13052.94,E-commerce,9,0,198465.62,4462.13,Delhi,Laptop,21,1,0,14,0.0658,1,9.476845282892276,194003.49,0,0
TX10199,1720.51,Bank Transfer,20,1,26693.3,8118.0,Hyderabad,Tablet,42,0,0,2,0.0645,0,7.450957091649305,18575.3,0,0
TX12280,861.97,Wallet,12,1,67403.54,33322.64,Bengaluru,Laptop,84,0,0,3,0.0128,0,6.760379928022653,34080.899999999994,0,0
TXF20249,54114.05,E-commerce,13,6,94790.31,1.55,Jaipur,Mobile,3,1,1,1,0.5709,1,10.898867614687058,94788.76,0,1
TX12220,1175.69,E-commerce,20,1,29984.63,2448.35,Delhi,Mobile,134,0,0,4,0.0392,0,7.070460691090949,27536.280000000002,0,0
TXF20271,9306.92,UPI,16,6,53622.69,2843.64,Mumbai,Mobile,0,1,1,23,0.1736,1,9.138620929628049,50779.05,0,1
TX12819,338.02,UPI,20,2,70696.69,36072.57,Hyderabad,Laptop,27,0,0,4,0.0048,0,5.8260591026903406,34624.12,0,0
TX13150,2759.49,Bank Transfer,16,5,69832.95,47122.49,Bengaluru,Mobile,196,0,0,2,0.0395,0,7.923163479185388,22710.46,0,1
TX14256,4155.56,Wallet,17,5,84720.39,36851.06,Hyderabad,Tablet,92,0,0,2,0.0491,0,8.332443088088898,47869.33,0,1
TX13107,827.43,UPI,14,6,89948.76,35954.71,Bengaluru,Mobile,182,0,0,1,0.0092,0,6.719532343254888,53994.049999999996,0,1
TX11973,7042.64,UPI,17,0,13870.98,27629.23,Mumbai,Mobile,158,0,0,4,0.5077,0,8.85988036098469,-13758.25,0,0
TX11375,463.17,Wallet,17,4,74098.18,30544.39,Mumbai,Laptop,124,0,0,3,0.0063,0,6.14025086443609,43553.78999999999,0,0
TX13968,1673.09,Card,19,6,20455.11,25623.19,Hyderabad,Desktop,124,0,0,3,0.0818,0,7.423025013045079,-5168.079999999998,0,1
TX14062,459.29,UPI,16,0,97595.56,36389.39,Bengaluru,Desktop,155,0,0,2,0.0047,0,6.131856725625224,61206.17,0,0
TX14445,553.12,Bank Transfer,8,1,53278.4,30022.04,Pune,Mobile,28,0,0,3,0.0104,0,6.317381269789679,23256.36,0,0
TX13557,1432.49,UPI,20,0,4420.4,39310.53,Chennai,Laptop,95,0,0,2,0.3241,0,7.2678673093660615,-34890.13,0,0
TX10964,804.56,UPI,18,5,31258.64,25181.3,Delhi,Mobile,61,0,0,4,0.0257,0,6.69153768773866,6077.34,0,1
TX10179,1641.29,Wallet,9,0,18950.33,14001.66,Mumbai,Desktop,38,0,0,1,0.0866,0,7.403846888303483,4948.670000000002,0,0
TX13698,2499.09,Card,12,4,63908.0,27507.64,Lucknow,Mobile,55,0,0,1,0.0391,0,7.824082010208308,36400.36,0,0
TX13821,1897.94,Bank Transfer,14,5,24911.76,39665.82,Bengaluru,Mobile,129,0,0,4,0.0762,0,7.549051114736516,-14754.060000000001,0,1
TXF20378,34575.79,Card,2,3,88492.91,759.81,Ahmedabad,Desktop,2,1,1,5,0.3907,1,10.450937926704068,87733.1,1,0
TX13899,1051.55,Card,10,1,10636.78,37525.76,Kolkata,Mobile,58,0,0,1,0.0989,0,6.958971070366407,-26888.980000000003,0,0
TX14487,899.35,Wallet,15,1,19864.02,38275.66,Ahmedabad,Mobile,96,0,0,1,0.0453,0,6.802783576615514,-18411.640000000003,0,0
TX13238,964.82,E-commerce,19,2,6099.52,35285.15,Lucknow,Desktop,108,0,0,2,0.1582,0,6.872977481446193,-29185.63,0,0
TX12974,2013.9,E-commerce,9,0,55446.74,40470.82,Mumbai,Desktop,151,0,0,2,0.0363,0,7.60832484535772,14975.919999999998,0,0
TX13580,2811.86,Card,9,0,31131.5,28580.11,Pune,Desktop,51,0,0,1,0.0903,0,7.941957038321375,2551.3899999999994,0,0
TX12887,351.32,Bank Transfer,9,3,75868.12,5608.67,Mumbai,Desktop,177,0,0,3,0.0046,0,5.864539853534315,70259.45,0,0
TX12575,1290.37,Wallet,19,1,80212.27,35234.81,Mumbai,Mobile,195,0,0,4,0.0161,0,7.163458949320085,44977.46000000001,0,0
TX11419,6438.33,E-commerce,19,6,86776.74,43084.76,Delhi,Laptop,80,0,0,3,0.0742,0,8.770179776419067,43691.98,0,1
TX13907,1262.11,Wallet,16,5,73173.59,30604.15,Delhi,Laptop,55,0,0,3,0.0172,0,7.141332212778121,42569.439999999995,0,1
TXF20173,37840.76,Wallet,16,5,48657.12,3739.46,Kolkata,Mobile,11,0,1,5,0.7777,1,10.541168533712089,44917.66,0,1
TXF20402,30778.57,Bank Transfer,1,5,65805.57,987.9,Jaipur,Mobile,23,1,1,11,0.4677,1,10.334606437184826,64817.670000000006,1,1
TX11860,1618.0,Wallet,13,0,57013.38,17892.29,Pune,Laptop,128,0,0,2,0.0284,0,7.389563953677635,39121.09,0,0
TX10008,1157.51,Card,13,0,60602.76,2417.88,Hyderabad,Desktop,179,0,0,1,0.0191,0,7.0548899756867085,58184.880000000005,0,0
TX12894,468.4,Wallet,9,6,30568.92,14887.77,Bengaluru,Desktop,25,0,0,2,0.0153,0,6.151455283416923,15681.149999999998,0,1
TX12847,998.11,Bank Transfer,14,0,85706.75,36641.81,Mumbai,Desktop,72,0,0,2,0.0116,0,6.906864882696991,49064.94,0,0
TX13664,1201.81,E-commerce,20,3,46232.26,45859.38,Mumbai,Laptop,111,0,0,3,0.026,0,7.092415765013967,372.88000000000466,0,0
TX10144,3501.39,Bank Transfer,15,6,49228.23,31415.15,Bengaluru,Desktop,124,0,0,3,0.0711,0,8.161200871579506,17813.08,0,1
TX12104,719.66,Wallet,20,0,77711.7,13352.82,Delhi,Desktop,88,0,0,3,0.0093,0,6.580167458794454,64358.88,0,0
TX13143,2721.54,Card,8,1,80144.01,16700.38,Bengaluru,Desktop,85,0,0,1,0.034,0,7.909320547077512,63443.62999999999,0,0
TX10841,1592.54,Card,14,5,72510.81,3203.94,Hyderabad,Laptop,166,0,0,4,0.022,0,7.373713235519123,69306.87,0,1
TX11128,1897.72,Bank Transfer,20,4,94847.62,19427.39,Pune,Mobile,197,0,0,4,0.02,0,7.548935253916829,75420.23,0,0
TX10151,691.23,UPI,9,5,91828.48,41144.61,Delhi,Mobile,153,0,0,3,0.0075,0,6.539918270337213,50683.869999999995,0,1
TX13591,896.73,Wallet,20,5,20553.46,37282.12,Hyderabad,Mobile,37,0,0,1,0.0436,0,6.799869354941021,-16728.660000000003,0,1
TX11052,1808.78,Wallet,20,5,61328.02,2762.07,Chennai,Mobile,25,0,0,4,0.0295,0,7.500960569911115,58565.95,0,1
TX11590,455.37,UPI,14,3,94304.4,13850.78,Kolkata,Laptop,157,0,0,3,0.0048,0,6.123303884013292,80453.62,0,0
TX13008,661.83,Wallet,15,3,14180.64,33823.0,Mumbai,Mobile,198,0,0,3,0.0467,0,6.496518547050722,-19642.36,0,0
TX12029,2359.83,Card,12,4,43855.6,7006.04,Delhi,Mobile,169,0,0,1,0.0538,0,7.766768531104749,36849.56,0,0
TX13418,1619.34,UPI,8,2,96010.89,34704.0,Kolkata,Mobile,17,0,0,4,0.0169,0,7.390391282748639,61306.89,0,0
TX11807,1810.38,Wallet,13,5,65149.05,27192.73,Hyderabad,Tablet,98,0,0,1,0.0278,0,7.501844264696279,37956.32000000001,0,1
TX12696,1039.17,Wallet,9,3,77518.89,12987.39,Bengaluru,Desktop,136,0,0,1,0.0134,0,6.947139440315499,64531.5,0,0
TX13039,1322.67,Bank Transfer,15,5,74418.53,5102.04,Jaipur,Desktop,107,0,0,3,0.0178,0,7.188163460717337,69316.49,0,1
TX10472,405.41,Bank Transfer,15,6,78567.7,13812.82,Chennai,Laptop,45,0,0,1,0.0052,0,6.007362502260754,64754.88,0,1
TX13289,453.13,UPI,10,1,76230.12,30564.61,Ahmedabad,Tablet,81,0,0,2,0.0059,0,6.118383500665175,45665.509999999995,0,0
TX14074,698.92,Card,19,3,51933.23,43165.04,Delhi,Desktop,177,0,0,2,0.0135,0,6.550966042798009,8768.190000000002,0,0
TX13496,924.14,UPI,15,0,8664.0,5028.58,Pune,Mobile,6,0,0,1,0.1067,0,6.829945077411316,3635.42,0,0
TX10279,2650.87,Wallet,17,0,45459.61,1221.22,Bengaluru,Mobile,40,0,0,3,0.0583,0,7.88302033049641,44238.39,0,0
TX11741,1378.35,Bank Transfer,19,2,25298.98,24769.1,Bengaluru,Desktop,100,0,0,2,0.0545,0,7.229367652696326,529.880000000001,0,0
TXF20124,23879.93,UPI,2,1,15803.02,2632.58,Chennai,Desktop,9,1,0,1,1.5111,1,10.08083551147183,13170.44,1,0
TX12886,1132.03,Bank Transfer,13,3,17291.19,33581.64,Pune,Tablet,165,0,0,1,0.0655,0,7.032650739053453,-16290.45,0,0
TX11941,842.12,UPI,18,6,66113.81,41243.4,Mumbai,Desktop,139,0,0,2,0.0127,0,6.737109296625682,24870.409999999996,0,1
TX10100,1564.08,Bank Transfer,19,3,49244.38,4981.92,Delhi,Mobile,189,0,0,2,0.0318,0,7.355692219878625,44262.46,0,0
TX12804,7287.61,Wallet,19,3,48076.24,9998.79,Mumbai,Desktop,102,0,0,1,0.1516,0,8.894068134668823,38077.45,0,0
TX13570,343.44,E-commerce,12,1,86249.87,49930.71,Pune,Tablet,112,0,0,2,0.004,0,5.841919909827965,36319.159999999996,0,0
TX13684,746.82,E-commerce,14,6,40651.24,49163.75,Delhi,Tablet,25,0,0,1,0.0184,0,6.617162307304385,-8512.510000000002,0,1
TX13661,671.87,Bank Transfer,17,5,88508.83,5091.58,Mumbai,Desktop,64,0,0,3,0.0076,0,6.5115521460528445,83417.25,0,1
TX10530,1083.28,E-commerce,20,4,12502.03,27443.18,Bengaluru,Mobile,40,0,0,1,0.0866,0,6.988671451228249,-14941.15,0,0
TX11886,632.95,Wallet,13,2,26471.99,24498.65,Delhi,Desktop,56,0,0,2,0.0239,0,6.451970086973957,1973.3400000000001,0,0
TX10681,1637.42,E-commerce,11,1,53623.33,21578.33,Delhi,Tablet,35,0,0,1,0.0305,0,7.401487641801934,32045.0,0,0
TX13794,317.97,Wallet,14,3,74819.78,26450.12,Pune,Mobile,33,0,0,2,0.0042,0,5.7650970544752935,48369.66,0,0
TX13944,561.74,Wallet,13,3,50194.73,43712.5,Bengaluru,Desktop,21,0,0,1,0.0112,0,6.332817709748902,6482.230000000003,0,0
TXF20166,34518.71,Card,0,6,89207.9,67.02,Bengaluru,Mobile,13,1,0,3,0.3869,1,10.449285744235077,89140.87999999999,1,1
TX12018,557.16,E-commerce,17,6,12748.59,12674.71,Hyderabad,Laptop,113,0,0,3,0.0437,0,6.324645659630981,73.88000000000102,0,1
TX11096,2347.62,E-commerce,18,5,43324.7,16478.83,Chennai,Mobile,154,0,0,1,0.0542,0,7.76158320060621,26845.869999999995,0,1
TX10829,1142.2,Card,9,6,91048.98,39181.6,Delhi,Tablet,82,0,0,2,0.0125,0,7.041586626615658,51867.38,0,1
TX12805,810.61,Bank Transfer,8,2,96993.84,25622.23,Ahmedabad,Desktop,200,0,0,2,0.0084,0,6.699019929216314,71371.61,0,0
TX13829,854.76,Card,15,1,17044.78,25865.36,Pune,Mobile,66,0,0,2,0.0501,0,6.751989962997875,-8820.580000000002,0,0
TX14381,753.11,Bank Transfer,16,6,12607.53,12101.55,Ahmedabad,Laptop,16,0,0,3,0.0597,0,6.6255382459614145,505.9800000000014,0,1
TX13891,922.06,E-commerce,17,4,57168.93,4325.34,Mumbai,Tablet,156,0,0,3,0.0161,0,6.82769423780721,52843.59,0,0
TX10764,1763.13,E-commerce,10,1,64609.08,46326.49,Mumbai,Mobile,151,0,0,2,0.0273,0,7.475412929996434,18282.590000000004,0,0
TX12767,804.24,Wallet,20,1,52809.31,19159.71,Hyderabad,Mobile,184,0,0,2,0.0152,0,6.691140369630627,33649.6,0,0
TX14328,396.87,Card,20,0,14900.83,7916.05,Pune,Mobile,38,0,0,3,0.0266,0,5.986125318762377,6984.78,0,0
TX13295,1068.5,E-commerce,20,3,57066.09,32601.67,Mumbai,Tablet,54,0,0,2,0.0187,0,6.9749465285224606,24464.42,0,0
TX12194,2057.25,Bank Transfer,12,3,54130.48,23144.14,Bengaluru,Tablet,92,0,0,3,0.038,0,7.629611386178535,30986.340000000004,0,0
TX12357,2480.04,E-commerce,9,1,79572.38,28111.66,Kolkata,Mobile,16,0,0,2,0.0312,0,7.816433106093072,51460.72,0,0
TX13425,367.62,UPI,14,4,21438.91,31119.32,Pune,Mobile,163,0,0,4,0.0171,0,5.909766303123477,-9680.41,0,0
TX13979,802.45,Card,13,4,74874.53,9134.41,Bengaluru,Mobile,139,0,0,4,0.0107,0,6.688914955487762,65740.12,0,0
TX10911,2637.86,Wallet,9,2,18786.54,15558.41,Pune,Desktop,21,0,0,2,0.1404,0,7.878102284698224,3228.130000000001,0,0
TX13145,2042.8,Bank Transfer,10,3,49857.69,15976.94,Chennai,Mobile,143,0,0,3,0.041,0,7.622566099178108,33880.75,0,0
TX10999,4477.84,Card,18,2,88888.79,24306.22,Kolkata,Laptop,113,0,0,2,0.0504,0,8.407119363309812,64582.56999999999,0,0
TX13653,3244.27,E-commerce,8,2,12782.67,6533.97,Chennai,Laptop,34,0,0,2,0.2538,0,8.084953830607514,6248.7,0,0
TX12483,3039.79,E-commerce,9,4,8718.35,44223.83,Mumbai,Desktop,86,0,0,4,0.3487,0,8.019872629061371,-35505.48,0,0
TX14076,774.46,UPI,11,6,40353.1,17892.16,Kolkata,Mobile,96,0,0,4,0.0192,0,6.6534564016602715,22460.94,0,1
TX12370,855.5,Bank Transfer,8,6,8556.95,47711.17,Mumbai,Mobile,112,0,0,1,0.1,0,6.752854317764174,-39154.22,0,1
TXF20338,98627.88,Card,4,3,49313.94,1338.76,Chennai,Mobile,2,1,1,7,2.0,1,11.499119398312237,47975.18,1,0
TX10033,1426.53,Card,15,3,90736.15,27013.18,Kolkata,Laptop,47,0,0,4,0.0157,0,7.263700957071158,63722.969999999994,0,0
TX13789,265.33,Wallet,20,3,46147.82,10360.91,Mumbai,Mobile,93,0,0,2,0.0057,0,5.584736141375288,35786.91,0,0
TX11020,1277.31,Wallet,18,3,64700.25,7908.19,Mumbai,Mobile,96,0,0,4,0.0197,0,7.153294172033153,56792.06,0,0
TX11647,426.85,Bank Transfer,20,2,49102.07,39721.32,Kolkata,Mobile,73,0,0,3,0.0087,0,6.058772666864064,9380.75,0,0
TX10733,1084.03,Bank Transfer,10,3,39812.6,2045.9,Delhi,Desktop,158,0,0,2,0.0272,0,6.989362915361897,37766.7,0,0
TXF20082,133448.65,UPI,16,0,140195.22,716.55,Jaipur,Tablet,21,0,0,4,0.9519,1,11.801479532124098,139478.67,0,0
TX13274,2131.11,UPI,8,2,46356.21,14962.58,Bengaluru,Laptop,199,0,0,1,0.046,0,7.664867378701489,31393.629999999997,0,0
TX11620,1088.51,UPI,14,6,19415.32,44567.89,Mumbai,Mobile,14,0,0,1,0.0561,0,6.99348333286481,-25152.57,0,1
TX13135,870.85,Card,9,6,13177.09,28562.33,Pune,Mobile,15,0,0,4,0.0661,0,6.770617390763503,-15385.240000000002,0,1
TX12689,823.54,Wallet,15,0,56669.06,20629.41,Chennai,Mobile,80,0,0,2,0.0145,0,6.714825655073937,36039.649999999994,0,0
TX12707,269.5,E-commerce,18,1,94654.24,2189.83,Bengaluru,Mobile,45,0,0,2,0.0028,0,5.600272098286537,92464.41,0,0
TX10297,1015.52,Card,16,2,12122.05,3849.38,Bengaluru,Laptop,126,0,0,4,0.0838,0,6.924140308231459,8272.669999999998,0,0
TX12339,2142.49,UPI,9,2,34535.84,37246.52,Hyderabad,Desktop,183,0,0,1,0.062,0,7.670190620760063,-2710.6800000000003,0,0
TX10653,847.38,UPI,17,0,36408.69,42088.23,Kolkata,Tablet,171,0,0,4,0.0233,0,6.743328648626711,-5679.540000000001,0,0
TX13774,1098.55,Card,8,6,80524.9,7592.67,Hyderabad,Desktop,199,0,0,4,0.0136,0,7.002656284176857,72932.23,0,1
TX11255,5060.07,Bank Transfer,19,5,35005.31,33224.84,Bengaluru,Tablet,49,0,0,4,0.1446,0,8.529333202377071,1780.4700000000012,0,1
TXF20020,167667.21,Wallet,13,0,83833.6,2032.0,Jaipur,Desktop,5,1,0,4,2.0,1,12.029742365142775,81801.6,0,0
TX10230,759.39,Card,20,1,25984.06,37222.92,Delhi,Mobile,112,0,0,4,0.0292,0,6.633831459554627,-11238.859999999997,0,0
TX13276,658.87,Bank Transfer,8,0,73337.38,3510.58,Pune,Mobile,110,0,0,4,0.009,0,6.492042845922423,69826.8,0,0
TX13230,350.96,Wallet,15,6,33748.94,4606.9,Chennai,Desktop,96,0,0,1,0.0104,0,5.86351753277736,29142.04,0,1
TX10691,1064.62,Bank Transfer,9,1,98232.12,16634.22,Chennai,Desktop,102,0,0,2,0.0108,0,6.971312068378762,81597.9,0,0
TX12754,1969.47,E-commerce,20,1,65895.29,27716.04,Mumbai,Laptop,190,0,0,1,0.0299,0,7.586027371956869,38179.24999999999,0,0
TXF20363,108400.79,UPI,2,5,118466.39,251.81,Jaipur,Desktop,2,1,1,13,0.915,1,11.593599880766476,118214.58,1,1
TX10969,1439.49,E-commerce,12,3,12927.46,14530.45,Mumbai,Desktop,118,0,0,4,0.1114,0,7.272738612466471,-1602.9900000000016,0,0
TX10633,642.58,E-commerce,15,2,80535.04,19858.93,Mumbai,Mobile,7,0,0,2,0.008,0,6.467046339433395,60676.10999999999,0,0
TX14092,944.68,UPI,14,5,24443.14,44460.68,Pune,Tablet,133,0,0,4,0.0386,0,6.851904245442121,-20017.54,0,1
TX14077,2105.85,Wallet,14,4,85475.0,2312.91,Kolkata,Mobile,105,0,0,4,0.0246,0,7.652949220002766,83162.09,0,0
TX11321,144.63,UPI,15,0,67533.57,24115.77,Hyderabad,Mobile,54,0,0,2,0.0021,0,4.981069158494489,43417.8,0,0
TX11831,2828.23,Bank Transfer,20,0,98884.72,2324.95,Pune,Desktop,65,0,0,4,0.0286,0,7.947759868809843,96559.77,0,0
TX12178,943.35,Wallet,16,1,4248.39,12312.78,Bengaluru,Mobile,147,0,0,4,0.222,0,6.850496860141855,-8064.39,0,0
TX11417,566.5,E-commerce,16,4,34062.38,25078.91,Chennai,Mobile,74,0,0,2,0.0166,0,6.341240749355558,8983.469999999998,0,0
TX11782,2482.97,Bank Transfer,11,2,20292.36,18124.68,Mumbai,Mobile,173,0,0,2,0.1224,0,7.8176133656857525,2167.6800000000003,0,0
TXF20215,47565.36,Card,14,3,123683.71,3973.13,Hyderabad,Tablet,20,1,1,1,0.3846,1,10.769881067684235,119710.58,0,0
TXF20201,52404.73,Bank Transfer,9,0,90424.88,1819.69,Mumbai,Desktop,3,1,1,5,0.5795,1,10.86677121547577,88605.19,0,0
TX14118,758.76,E-commerce,10,2,10406.58,34327.87,Lucknow,Mobile,45,0,0,1,0.0729,0,6.633002593934697,-23921.29,0,0
TX11652,1296.76,E-commerce,12,2,88160.73,29196.98,Bengaluru,Mobile,102,0,0,4,0.0147,0,7.168394980322034,58963.75,0,0
TX11483,993.28,Wallet,9,2,95797.36,7145.83,Kolkata,Desktop,94,0,0,4,0.0104,0,6.902018857130201,88651.53,0,0
TX12275,421.05,E-commerce,9,2,26208.7,41274.23,Mumbai,Laptop,48,0,0,4,0.0161,0,6.045123790429729,-15065.530000000002,0,0
TX10877,1466.9,Card,17,3,22570.94,3650.8,Hyderabad,Mobile,49,0,0,3,0.065,0,7.291588086963188,18920.14,0,0
TX13525,830.46,Wallet,12,5,55412.13,42042.74,Mumbai,Mobile,188,0,0,1,0.015,0,6.723183191643027,13369.39,0,1
TX12016,1710.97,UPI,14,3,47379.87,15152.95,Ahmedabad,Mobile,66,0,0,3,0.0361,0,7.445400033183666,32226.920000000002,0,0
TX10426,847.84,Card,14,3,85342.8,40302.94,Delhi,Desktop,68,0,0,3,0.0099,0,6.743870711542849,45039.86,0,0
TX10626,1420.07,Card,13,5,89438.46,43541.86,Mumbai,Mobile,61,0,0,4,0.0159,0,7.259165387967557,45896.600000000006,0,1
TX11589,804.41,Wallet,11,0,76071.03,47072.59,Ahmedabad,Mobile,178,0,0,4,0.0106,0,6.691351464530986,28998.440000000002,0,0
TX12223,780.08,Card,12,4,27675.95,45207.26,Delhi,Laptop,11,0,0,2,0.0282,0,6.660677577372296,-17531.31,0,0
TX12217,1790.47,Bank Transfer,8,6,6874.35,27239.51,Bengaluru,Laptop,103,0,0,4,0.2605,0,7.490791790861007,-20365.159999999996,0,1
TX14483,1647.19,E-commerce,19,3,15788.96,26969.95,Bengaluru,Mobile,34,0,0,1,0.1043,0,7.407432995086026,-11180.990000000002,0,0
TX11485,1360.27,Wallet,14,4,78996.11,17195.3,Delhi,Mobile,159,0,0,4,0.0172,0,7.216173366517567,61800.81,0,0
TX11739,2008.72,UPI,11,1,97826.84,1767.84,Mumbai,Mobile,48,0,0,4,0.0205,0,7.6057506878669034,96059.0,0,0
TX12480,900.48,UPI,10,5,32621.8,7178.04,Kolkata,Desktop,130,0,0,2,0.0276,0,6.8040378571504645,25443.76,0,1
TX12584,800.55,Bank Transfer,9,1,12929.99,49294.34,Mumbai,Laptop,145,0,0,3,0.0619,0,6.6865473531356825,-36364.35,0,0
TX12893,744.6,Wallet,16,4,83121.96,9524.62,Bengaluru,Desktop,138,0,0,4,0.009,0,6.614189263371381,73597.34000000001,0,0
TX10149,1236.84,Wallet,17,3,71203.93,26851.21,Kolkata,Laptop,63,0,0,3,0.0174,0,7.121123204181417,44352.719999999994,0,0
TX10676,2345.48,Card,18,1,91629.58,9347.98,Hyderabad,Mobile,85,0,0,4,0.0256,0,7.760671611865526,82281.6,0,0
TX11261,248.06,Wallet,8,4,79571.08,33850.42,Bengaluru,Desktop,54,0,0,4,0.0031,0,5.517693831293003,45720.66,0,0
TXF20417,137395.3,UPI,3,5,68697.65,203.87,Kolkata,Mobile,16,1,1,13,2.0,1,11.830624729732403,68493.78,1,1
TX10012,2117.59,Wallet,18,5,33632.84,26051.39,Kolkata,Desktop,41,0,0,3,0.063,0,7.658506052053078,7581.449999999997,0,1
TX11833,1199.24,E-commerce,11,0,3020.72,27146.56,Delhi,Laptop,193,0,0,4,0.397,0,7.090276815778758,-24125.84,0,0
TX13248,6340.8,UPI,8,5,15901.89,23748.6,Bengaluru,Mobile,57,0,0,1,0.3987,0,8.754917918807903,-7846.709999999999,0,1
TX11491,797.88,UPI,12,1,39319.17,6700.21,Mumbai,Laptop,92,0,0,3,0.0203,0,6.683210746752299,32618.96,0,0
TX12727,264.5,Bank Transfer,17,2,37090.33,45637.95,Mumbai,Tablet,114,0,0,2,0.0071,0,5.581614840681993,-8547.619999999995,0,0
TX13686,522.73,Wallet,18,0,65734.1,37874.04,Hyderabad,Desktop,60,0,0,3,0.008,0,6.26097628434972,27860.060000000005,0,0
TX11424,1162.77,UPI,8,0,48972.6,42469.99,Chennai,Mobile,76,0,0,2,0.0237,0,7.059420014265299,6502.610000000001,0,0
TXF20105,33676.16,E-commerce,0,4,26284.97,1346.73,Ahmedabad,Desktop,4,1,0,4,1.2812,1,10.424575141760496,24938.24,1,0
TXF20095,5934.26,UPI,2,5,85989.53,3347.49,Kolkata,Tablet,0,1,0,5,0.069,1,8.688666114003354,82642.04,1,1
TX10731,682.68,Card,15,4,69665.97,7113.59,Mumbai,Mobile,190,0,0,2,0.0098,0,6.527489971895715,62552.380000000005,0,0
TX11231,600.67,Bank Transfer,16,5,68002.86,41320.63,Bengaluru,Desktop,109,0,0,3,0.0088,0,6.39970912224973,26682.230000000003,0,1
TX11634,552.54,Bank Transfer,11,5,9705.76,15230.67,Ahmedabad,Desktop,20,0,0,2,0.0569,0,6.31633401692687,-5524.91,0,1
TX13936,480.64,UPI,17,3,59181.78,33293.68,Pune,Mobile,10,0,0,2,0.0081,0,6.177196947024019,25888.1,0,0
TX11210,1624.52,Card,13,2,94307.67,21039.41,Pune,Mobile,22,0,0,3,0.0172,0,7.393583043574758,73268.26,0,0
TX13268,470.47,UPI,9,5,1307.56,12339.98,Kolkata,Tablet,171,0,0,4,0.3598,0,6.155855473326023,-11032.42,0,1
TX11934,1279.31,E-commerce,13,4,56081.4,18035.25,Bengaluru,Laptop,121,0,0,3,0.0228,0,7.154857515091004,38046.15,0,0
TX10553,2303.7,E-commerce,9,4,60754.75,37428.85,Delhi,Desktop,40,0,0,4,0.0379,0,7.742705795116445,23325.9,0,0
TX10491,1048.78,Wallet,10,6,18991.42,34531.24,Mumbai,Mobile,28,0,0,3,0.0552,0,6.956335897388866,-15539.82,0,1
TX12962,2647.55,Card,9,2,58891.58,12824.68,Mumbai,Desktop,104,0,0,3,0.045,0,7.881767599416917,46066.9,0,0
TX12329,1805.28,Wallet,15,6,69147.32,19777.62,Chennai,Mobile,32,0,0,3,0.0261,0,7.4990247607193545,49369.70000000001,0,1
TX12195,700.9,Bank Transfer,16,2,32487.09,29090.33,Ahmedabad,Laptop,125,0,0,4,0.0216,0,6.5537909437363755,3396.7599999999984,0,0
TX13064,2797.63,UPI,16,4,34341.76,45500.2,Delhi,Desktop,53,0,0,3,0.0815,0,7.936885290709695,-11158.439999999995,0,0
TX10657,1288.11,UPI,19,2,24392.48,41868.35,Pune,Mobile,6,0,0,4,0.0528,0,7.1617073367690605,-17475.87,0,0
TX12374,962.79,Wallet,17,3,94363.84,27165.09,Delhi,Mobile,59,0,0,1,0.0102,0,6.870873428555809,67198.75,0,0
TX12225,238.9,Wallet,14,6,72416.03,22279.55,Bengaluru,Mobile,113,0,0,1,0.0033,0,5.480222169845649,50136.479999999996,0,1
TX14264,754.99,E-commerce,13,4,10557.48,10622.8,Jaipur,Desktop,128,0,0,1,0.0715,0,6.628028148578821,-65.31999999999971,0,0
TX11170,325.23,UPI,17,5,84495.65,11139.81,Delhi,Desktop,37,0,0,3,0.0038,0,5.787602654075824,73355.84,0,1
TX10132,344.31,Bank Transfer,15,6,81717.87,47367.7,Pune,Desktop,121,0,0,3,0.0042,0,5.8444425643009605,34350.17,0,1
TX10471,1132.83,UPI,12,3,62425.44,20610.32,Delhi,Mobile,76,0,0,1,0.0181,0,7.033356561233219,41815.12,0,0
TX13225,6428.86,UPI,14,5,80538.6,35326.24,Kolkata,Mobile,78,0,0,1,0.0798,0,8.768708044055284,45212.36000000001,0,1
TX11405,873.65,UPI,13,4,58592.18,10420.21,Mumbai,Mobile,174,0,0,3,0.0149,0,6.773823806336274,48171.97,0,0
TX12876,591.25,Card,11,4,88284.49,14969.19,Mumbai,Mobile,187,0,0,1,0.0067,0,6.383928843038895,73315.3,0,0
TXF20004,82215.91,Bank Transfer,13,1,83756.25,2707.17,Delhi,Mobile,3,0,0,1,0.9816,1,11.31711627764883,81049.08,0,0
TXF20192,13863.59,Card,8,4,197008.77,4267.75,Jaipur,Laptop,10,1,1,2,0.0704,1,9.537093386750769,192741.02,0,0
TX12826,1269.52,Bank Transfer,13,0,54715.26,13392.24,Pune,Tablet,70,0,0,3,0.0232,0,7.147181544470241,41323.020000000004,0,0
TX10287,2407.04,Wallet,19,6,20356.48,45729.16,Bengaluru,Desktop,125,0,0,1,0.1182,0,7.786568417586427,-25372.680000000004,0,1
TX11869,946.64,UPI,9,5,20946.67,47193.94,Delhi,Desktop,55,0,0,4,0.0452,0,6.85397468329749,-26247.270000000004,0,1
TX13114,3048.14,Wallet,16,2,81548.71,26012.08,Hyderabad,Mobile,136,0,0,2,0.0374,0,8.022614862628114,55536.630000000005,0,0
TX13625,1997.82,Card,17,3,92346.43,40722.01,Delhi,Laptop,21,0,0,4,0.0216,0,7.600312285423592,51624.41999999999,0,0
TX12312,2968.03,Bank Transfer,20,2,67196.12,13046.51,Mumbai,Laptop,198,0,0,4,0.0442,0,7.995990579124971,54149.60999999999,0,0
TXF20423,134761.9,Bank Transfer,2,2,174852.22,1611.78,Chennai,Desktop,18,1,1,14,0.7707,1,11.811272217027737,173240.44,1,0
TX11618,319.18,Card,8,5,17354.59,16703.2,Delhi,Desktop,132,0,0,4,0.0184,0,5.768883337649949,651.3899999999994,0,1
TX10994,2179.3,Bank Transfer,11,4,23008.78,25439.47,Mumbai,Mobile,196,0,0,3,0.0947,0,7.6872177609940024,-2430.6900000000023,0,0
TX11803,113.77,E-commerce,14,0,80295.17,22611.39,Kolkata,Desktop,26,0,0,3,0.0014,0,4.742930125692577,57683.78,0,0
TX12642,2868.5,E-commerce,16,5,5398.46,30264.0,Hyderabad,Mobile,15,0,0,4,0.5314,0,7.961893077548417,-24865.54,0,1
TXF20302,17298.76,Wallet,11,2,81852.29,772.86,Kolkata,Mobile,26,1,0,29,0.2113,1,9.758447907557272,81079.43,0,0
TX13535,3300.63,Wallet,20,3,54467.18,47258.02,Mumbai,Desktop,66,0,0,1,0.0606,0,8.102171564900603,7209.1600000000035,0,0
TXF20331,17332.15,Wallet,8,2,101209.7,177.35,Delhi,Mobile,12,1,0,26,0.1712,1,9.760376131916441,101032.34999999999,0,0
TX13911,3941.43,Wallet,13,1,17990.76,12593.62,Mumbai,Desktop,160,0,0,3,0.2191,0,8.279552563448116,5397.139999999998,0,0
TX12107,225.71,Card,19,2,21309.46,17975.13,Bengaluru,Desktop,68,0,0,4,0.0106,0,5.423671667700738,3334.329999999998,0,0
TX13044,1832.72,E-commerce,14,4,11979.46,30359.85,Delhi,Tablet,100,0,0,2,0.153,0,7.514101969405166,-18380.39,0,0
TX10416,1074.44,Wallet,10,6,26173.93,43550.42,Mumbai,Laptop,56,0,0,2,0.0411,0,6.9804851591459975,-17376.489999999998,0,1
TX10977,11946.66,Card,15,6,79802.27,41911.63,Mumbai,Tablet,131,0,0,1,0.1497,0,9.388290722285639,37890.64000000001,0,1
TX12417,455.91,Wallet,15,2,84457.1,1696.52,Chennai,Desktop,139,0,0,1,0.0054,0,6.124486434956988,82760.58,0,0
TX10505,1013.22,UPI,8,0,87884.86,40315.68,Lucknow,Mobile,165,0,0,2,0.0115,0,6.921875123142819,47569.18,0,0
TX14152,774.3,UPI,9,0,92853.09,43971.33,Delhi,Tablet,192,0,0,1,0.0083,0,6.653250051224913,48881.759999999995,0,0
TX14255,1685.38,UPI,14,1,59917.17,44416.59,Bengaluru,Mobile,90,0,0,2,0.0281,0,7.430339498694175,15500.580000000002,0,0
TX13941,1311.85,UPI,16,0,56832.92,24479.2,Hyderabad,Desktop,19,0,0,2,0.0231,0,7.17995562558321,32353.719999999998,0,0
TX10414,664.84,Bank Transfer,13,6,72389.42,45460.72,Delhi,Desktop,149,0,0,4,0.0092,0,6.5010494014378395,26928.699999999997,0,1
TX14148,1137.93,Card,9,0,55152.79,39057.83,Pune,Mobile,76,0,0,4,0.0206,0,7.03784450413981,16094.96,0,0
TX11183,621.69,UPI,10,3,42232.36,33823.56,Mumbai,Mobile,54,0,0,4,0.0147,0,6.434048802651979,8408.800000000003,0,0
TX10485,486.97,E-commerce,17,0,7894.64,26001.08,Delhi,Desktop,132,0,0,2,0.0617,0,6.190253928553621,-18106.440000000002,0,0
TX10893,1665.72,Bank Transfer,20,6,96911.79,2216.87,Chennai,Mobile,90,0,0,1,0.0172,0,7.418612902236139,94694.92,0,1
TX10805,851.62,Card,10,5,6146.13,18066.52,Jaipur,Mobile,200,0,0,3,0.1386,0,6.748313961714909,-11920.39,0,1
TX10555,2586.36,Bank Transfer,17,0,95430.68,11308.32,Kolkata,Laptop,96,0,0,4,0.0271,0,7.858393329829633,84122.35999999999,0,0
TX13825,5671.87,UPI,16,2,86439.99,925.32,Mumbai,Desktop,103,0,0,4,0.0656,0,8.643450441499045,85514.67,0,0
TX11197,2907.87,Card,9,4,60425.57,16328.04,Jaipur,Tablet,90,0,0,2,0.0481,0,7.9755199686000955,44097.53,0,0
TX14253,1488.65,E-commerce,18,1,93712.28,1908.99,Bengaluru,Mobile,146,0,0,1,0.0159,0,7.306296472017477,91803.29,0,0
TX14058,376.1,Card,12,2,56349.17,47848.73,Jaipur,Mobile,168,0,0,4,0.0067,0,5.9325104042643115,8500.439999999995,0,0
TX11293,1735.86,Bank Transfer,19,4,48620.93,9577.81,Bengaluru,Mobile,77,0,0,4,0.0357,0,7.459834164259404,39043.12,0,0
TX12221,478.71,Card,15,3,67499.11,43152.26,Delhi,Desktop,158,0,0,4,0.0071,0,6.173181754653045,24346.85,0,0
TX13504,1125.99,Card,20,4,50962.07,46528.13,Bengaluru,Mobile,59,0,0,3,0.0221,0,7.027305640885947,4433.940000000002,0,0
TX13654,1714.64,Card,16,1,94213.59,41330.26,Delhi,Mobile,63,0,0,2,0.0182,0,7.4475414678290734,52883.329999999994,0,0
TXF20258,16604.14,E-commerce,10,2,8302.07,2284.08,Pune,Desktop,28,1,1,17,2.0,1,9.717467564970727,6017.99,0,0
TX13006,9587.98,E-commerce,18,3,102200.27,32302.75,Hyderabad,Mobile,52,0,0,4,0.0938,0,9.168369801428282,69897.52,0,0
TX12093,1117.17,Card,14,0,38097.62,30994.16,Bengaluru,Desktop,95,0,0,1,0.0293,0,7.019448699400594,7103.460000000003,0,0
TX12187,264.14,E-commerce,18,0,49165.16,36953.1,Mumbai,Tablet,127,0,0,1,0.0054,0,5.580257988370704,12212.060000000005,0,0
TX13036,1241.56,Wallet,9,1,90424.19,40213.85,Mumbai,Laptop,13,0,0,1,0.0137,0,7.124929046543302,50210.340000000004,0,0
TX13918,875.71,Bank Transfer,17,5,82675.66,41264.85,Pune,Laptop,175,0,0,1,0.0106,0,6.77617626493989,41410.810000000005,0,1
TX11272,1168.74,E-commerce,11,4,52857.64,4344.31,Bengaluru,Mobile,64,0,0,2,0.0221,0,7.064536780874563,48513.33,0,0
TX10290,1273.36,Card,15,5,26185.6,19525.85,Delhi,Mobile,81,0,0,3,0.0486,0,7.1501993707837235,6659.75,0,1
TXF20327,15042.15,E-commerce,9,1,131383.03,3513.5,Chennai,Desktop,27,0,0,21,0.1145,1,9.618678017063386,127869.53,0,0
TX10252,126.78,UPI,9,0,91653.95,18183.46,Bengaluru,Laptop,118,0,0,1,0.0014,0,4.850310035174197,73470.48999999999,0,0
TX13245,1430.67,Wallet,12,0,81796.91,7062.39,Kolkata,Desktop,200,0,0,4,0.0175,0,7.266596874036243,74734.52,0,0
TX10350,959.4,UPI,20,5,34803.73,37201.06,Delhi,Mobile,149,0,0,2,0.0276,0,6.867349864347098,-2397.3299999999945,0,1
TX11187,718.05,Wallet,11,2,56643.58,11645.89,Mumbai,Mobile,133,0,0,4,0.0127,0,6.577930896332388,44997.69,0,0
TX11961,882.67,Bank Transfer,20,3,34125.51,15797.92,Pune,Desktop,159,0,0,4,0.0259,0,6.78408368977525,18327.590000000004,0,0
TX10422,1166.14,Bank Transfer,13,2,35197.96,41461.28,Mumbai,Tablet,197,0,0,2,0.0331,0,7.062311590815323,-6263.32,0,0
TX10090,1137.35,Bank Transfer,16,1,55430.54,31907.75,Mumbai,Desktop,8,0,0,4,0.0205,0,7.037335124518031,23522.79,0,0
TX13729,846.12,Wallet,13,5,8577.99,35734.66,Ahmedabad,Mobile,169,0,0,2,0.0986,0,6.741842361122199,-27156.670000000006,0,1
TX12236,806.66,UPI,10,5,11866.6,24689.79,Bengaluru,Tablet,66,0,0,3,0.068,0,6.694141177884057,-12823.19,0,1
TX10670,518.87,Bank Transfer,9,6,83543.64,14147.91,Hyderabad,Desktop,154,0,0,3,0.0062,0,6.253578780320264,69395.73,0,1
TX13040,2368.48,Wallet,12,1,85545.27,2175.64,Mumbai,Tablet,34,0,0,3,0.0277,0,7.770425800772738,83369.63,0,0
TX10026,1464.28,UPI,19,6,78675.51,24740.4,Delhi,Laptop,89,0,0,1,0.0186,0,7.28980162946873,53935.10999999999,0,1
TX10429,937.22,Bank Transfer,8,2,54288.59,46836.62,Mumbai,Laptop,150,0,0,4,0.0173,0,6.843984463083474,7451.969999999994,0,0
TX10683,253.53,Wallet,17,4,89559.6,22224.66,Kolkata,Laptop,152,0,0,3,0.0028,0,5.539418707236024,67334.94,0,0
TX14463,644.8,Card,19,0,77554.59,42660.93,Delhi,Mobile,171,0,0,1,0.0083,0,6.470489858324175,34893.659999999996,0,0
TX13945,886.55,E-commerce,13,5,89672.0,647.2,Mumbai,Mobile,71,0,0,2,0.0099,0,6.788464857790813,89024.8,0,1
TX13523,793.71,Bank Transfer,13,1,6601.06,19990.12,Pune,Tablet,58,0,0,2,0.1202,0,6.677977268231755,-13389.059999999998,0,0
TX11541,1466.29,Wallet,9,2,58125.74,30069.1,Mumbai,Mobile,103,0,0,2,0.0252,0,7.291172440951323,28056.64,0,0
TX12031,5736.36,Wallet,18,4,96469.58,29409.76,Mumbai,Mobile,67,0,0,3,0.0595,0,8.654754453199635,67059.82,0,0
TX12232,1743.2,Card,8,0,58989.29,2773.47,Pune,Mobile,30,0,0,3,0.0296,0,7.464051276792885,56215.82,0,0
TX14120,583.95,UPI,17,4,78786.8,49576.23,Mumbai,Desktop,44,0,0,4,0.0074,0,6.3715263734936105,29210.57,0,0
TX13235,739.27,Card,16,2,58523.34,29210.97,Pune,Mobile,79,0,0,1,0.0126,0,6.607014984516082,29312.369999999995,0,0
TX10254,884.38,Card,12,3,9876.67,49844.03,Hyderabad,Laptop,168,0,0,2,0.0895,0,6.786016931382421,-39967.36,0,0
TX11029,1707.18,UPI,13,5,21204.38,34762.58,Pune,Desktop,114,0,0,2,0.0805,0,7.443183755212619,-13558.2,0,1
TX14392,1584.0,UPI,12,3,32389.7,1877.93,Bengaluru,Laptop,172,0,0,4,0.0489,0,7.368339686311381,30511.77,0,0
TX13800,1000.09,E-commerce,13,6,69064.29,41628.07,Bengaluru,Laptop,100,0,0,1,0.0145,0,6.90884468536346,27436.219999999994,0,1
TX14310,1559.93,UPI,19,3,71173.39,35986.68,Mumbai,Laptop,97,0,0,3,0.0219,0,7.353037076460625,35186.71,0,0
TX12509,875.74,Card,17,4,49771.71,14992.69,Pune,Desktop,39,0,0,3,0.0176,0,6.7762104831953325,34779.02,0,0
TX12292,913.99,E-commerce,13,1,38571.73,19238.37,Delhi,Mobile,140,0,0,2,0.0237,0,6.818913136254051,19333.360000000004,0,0
TX11323,794.36,Bank Transfer,20,4,39199.07,2822.81,Kolkata,Laptop,124,0,0,2,0.0203,0,6.678794842346362,36376.26,0,0
TX11550,210.17,Bank Transfer,9,6,74054.85,1931.98,Hyderabad,Tablet,102,0,0,3,0.0028,0,5.35266349628815,72122.87000000001,0,1
TXF20147,37592.87,Wallet,1,4,18796.44,3018.01,Hyderabad,Mobile,13,1,0,5,2.0,1,10.534596284171945,15778.429999999998,1,0
TX10315,771.41,UPI,16,0,32987.28,31331.98,Bengaluru,Desktop,121,0,0,1,0.0234,0,6.649515497130314,1655.2999999999993,0,0
TX11242,511.91,Bank Transfer,8,6,77165.56,12726.01,Delhi,Mobile,180,0,0,4,0.0066,0,6.240100391183128,64439.549999999996,0,1
TX12450,681.73,E-commerce,11,0,69666.88,11064.17,Mumbai,Laptop,198,0,0,1,0.0098,0,6.5260994666256,58602.71000000001,0,0
TX11578,512.48,Card,14,1,31826.81,10169.57,Hyderabad,Mobile,132,0,0,1,0.0161,0,6.2412110802167255,21657.24,0,0
TXF20125,19228.84,Wallet,3,2,26517.89,1202.23,Pune,Mobile,10,1,0,5,0.7251,1,9.864218518215399,25315.66,1,0
TX13116,870.92,UPI,11,1,29252.45,2750.72,Pune,Desktop,33,0,0,3,0.0298,0,6.770697676581056,26501.73,0,0
TX10069,3508.09,E-commerce,10,0,23434.77,36150.36,Bengaluru,Desktop,36,0,0,4,0.1497,0,8.16311202358716,-12715.59,0,0
TX10859,1778.65,Bank Transfer,16,0,74800.36,4860.42,Mumbai,Mobile,12,0,0,2,0.0238,0,7.484171994738589,69939.94,0,0
TX12753,207.56,E-commerce,19,6,64762.74,16707.64,Chennai,Desktop,41,0,0,4,0.0032,0,5.340226769625247,48055.1,0,1
TX11632,1198.02,E-commerce,17,1,9913.95,7810.59,Hyderabad,Mobile,125,0,0,3,0.1208,0,7.089259835455534,2103.3600000000006,0,0
TX11650,1250.67,Card,13,5,46079.69,48351.73,Mumbai,Mobile,117,0,0,4,0.0271,0,7.1322339386424245,-2272.040000000001,0,1
TX13860,1500.43,Wallet,18,2,75174.13,42996.23,Delhi,Tablet,41,0,0,3,0.02,0,7.314173266290017,32177.9,0,0
TX13106,1308.33,E-commerce,16,3,3849.17,12543.85,Delhi,Mobile,59,0,0,1,0.3399,0,7.177270834978159,-8694.68,0,0
TX11074,930.12,Bank Transfer,14,2,8498.09,10618.58,Pune,Tablet,72,0,0,3,0.1095,0,6.836388162633721,-2120.49,0,0
TX14001,716.17,Wallet,12,0,23821.7,304.66,Delhi,Laptop,134,0,0,1,0.0301,0,6.575312911519799,23517.04,0,0
TX10787,1270.39,E-commerce,20,3,8912.08,34162.6,Delhi,Desktop,64,0,0,2,0.1425,0,7.147866069126088,-25250.519999999997,0,0
TX12605,1358.91,Card,8,0,20349.2,48901.87,Lucknow,Tablet,56,0,0,4,0.0668,0,7.21517380006975,-28552.670000000002,0,0
TX13630,799.48,UPI,12,1,9386.75,1140.18,Delhi,Mobile,60,0,0,3,0.0852,0,6.685211547739895,8246.57,0,0
TX12121,1198.36,Bank Transfer,10,3,71156.38,31943.18,Delhi,Tablet,176,0,0,4,0.0168,0,7.089543360169948,39213.200000000004,0,0
TX11874,1755.11,Bank Transfer,12,3,52972.85,15073.35,Delhi,Desktop,92,0,0,3,0.0331,0,7.470856414602131,37899.5,0,0
TX10811,440.95,E-commerce,18,6,22407.15,33922.88,Pune,Desktop,121,0,0,3,0.0197,0,6.091196753506957,-11515.729999999996,0,1
TX10387,1055.56,E-commerce,19,4,15733.87,24994.52,Mumbai,Mobile,148,0,0,4,0.0671,0,6.962773626735549,-9260.65,0,0
TX12882,1079.3,Bank Transfer,15,2,50168.62,1226.23,Delhi,Desktop,83,0,0,1,0.0215,0,6.984994059322939,48942.39,0,0
TX11175,1570.85,E-commerce,18,3,49392.67,20446.63,Kolkata,Mobile,46,0,0,1,0.0318,0,7.36000854858906,28946.039999999997,0,0
TX13197,1328.62,Wallet,8,0,20476.04,22466.51,Lucknow,Mobile,135,0,0,3,0.0649,0,7.192648466105982,-1990.4699999999975,0,0
TX12623,4569.4,E-commerce,13,0,11745.23,29725.92,Pune,Desktop,154,0,0,4,0.389,0,8.427356007410253,-17980.69,0,0
TX11351,136.66,UPI,19,1,34006.13,8936.4,Chennai,Mobile,128,0,0,4,0.004,0,4.924786876970218,25069.729999999996,0,0
TX10410,4218.11,Bank Transfer,10,1,53141.67,43683.82,Pune,Mobile,24,0,0,1,0.0794,0,8.34737948431349,9457.849999999999,0,0
TX14212,1870.15,UPI,20,4,101424.41,782.51,Mumbai,Mobile,160,0,0,4,0.0184,0,7.534308494092098,100641.90000000001,0,0
TX10109,407.38,E-commerce,15,6,94583.13,19366.52,Lucknow,Mobile,163,0,0,1,0.0043,0,6.012198113494889,75216.61,0,1
TXF20495,60373.62,Card,1,1,112481.92,3335.01,Pune,Desktop,0,1,1,11,0.5367,1,11.008324096939207,109146.91,1,0
TX13429,372.52,Bank Transfer,10,4,90587.03,45782.1,Kolkata,Mobile,68,0,0,3,0.0041,0,5.922971550662681,44804.93,0,0
TX12809,13281.73,Card,10,6,30607.57,6394.18,Pune,Desktop,165,0,0,2,0.4339,0,9.494219974192493,24213.39,0,1
TX12594,397.25,Card,12,4,96100.31,16565.75,Jaipur,Mobile,32,0,0,2,0.0041,0,5.987079948790158,79534.56,0,0
TX12836,1209.3,UPI,12,4,26438.61,15277.35,Chennai,Mobile,25,0,0,3,0.0457,0,7.0986235417445585,11161.26,0,0
TX12372,1354.79,E-commerce,10,5,56983.6,46548.56,Hyderabad,Laptop,140,0,0,3,0.0238,0,7.212139589250532,10435.04,0,1
TX11235,2241.63,Bank Transfer,11,3,18283.68,49422.21,Delhi,Desktop,179,0,0,3,0.1226,0,7.71540456326719,-31138.53,0,0
TX12146,406.81,Card,19,0,53995.48,112.03,Hyderabad,Desktop,78,0,0,3,0.0075,0,6.010801379664123,53883.450000000004,0,0
TXF20475,173557.49,Bank Transfer,1,0,86778.74,246.4,Bengaluru,Desktop,13,1,1,22,2.0,1,12.064269939713112,86532.34000000001,1,0
TX10599,716.11,UPI,10,6,14497.37,4122.02,Mumbai,Mobile,136,0,0,1,0.0494,0,6.575229245847775,10375.35,0,1
TX11434,526.86,UPI,8,6,94761.65,14983.8,Pune,Tablet,186,0,0,1,0.0056,0,6.268831097032232,79777.84999999999,0,1
TXF20496,124982.66,UPI,2,6,62491.33,743.71,Chennai,Mobile,19,1,1,12,2.0,1,11.735938287739835,61747.62,1,1
TX10538,6160.09,E-commerce,18,0,72265.81,44766.38,Delhi,Mobile,43,0,0,2,0.0852,0,8.726008988926054,27499.43,0,0
TX10721,641.3,UPI,20,5,82972.33,42892.36,Pune,Mobile,69,0,0,4,0.0077,0,6.465055484263747,40079.97,0,1
TX14410,914.77,E-commerce,12,5,73005.18,22160.98,Kolkata,Mobile,134,0,0,1,0.0125,0,6.819765241442274,50844.2,0,1
TX11872,2197.37,E-commerce,18,0,7873.73,5770.94,Chennai,Desktop,121,0,0,1,0.2791,0,7.695471455646709,2102.79,0,0
TX12845,2965.33,Wallet,12,0,5825.11,4081.48,Mumbai,Laptop,66,0,0,1,0.5091,0,7.995080777466355,1743.6299999999997,0,0
TX12053,1580.27,E-commerce,9,4,47785.2,40916.38,Ahmedabad,Desktop,119,0,0,4,0.0331,0,7.365983600617186,6868.82,0,0
TX12907,854.35,Wallet,17,4,62465.63,40235.58,Delhi,Mobile,182,0,0,3,0.0137,0,6.751510741898301,22230.049999999996,0,0
TX12254,298.74,UPI,20,0,71109.67,47037.94,Hyderabad,Desktop,196,0,0,1,0.0042,0,5.70291543221685,24071.729999999996,0,0
TX13912,3376.24,Wallet,10,3,7483.6,49202.51,Chennai,Desktop,60,0,0,3,0.4512,0,8.124814086856437,-41718.91,0,0
TX10177,517.03,Wallet,13,6,90247.48,23750.69,Bengaluru,Desktop,85,0,0,4,0.0057,0,6.250033155640386,66496.79,0,1
TX12890,1179.6,Card,20,3,59687.95,20142.49,Mumbai,Mobile,45,0,0,1,0.0198,0,7.073778062806589,39545.45999999999,0,0
TX13673,1061.58,Wallet,20,6,89710.99,42395.81,Hyderabad,Mobile,149,0,0,4,0.0118,0,6.968455192081759,47315.18000000001,0,1
TX10080,1655.78,E-commerce,14,2,88429.48,45670.7,Hyderabad,Mobile,114,0,0,2,0.0187,0,7.412631238545452,42758.78,0,0
TX12561,753.09,UPI,10,1,86070.76,27465.21,Mumbai,Mobile,191,0,0,1,0.0087,0,6.625511724279939,58605.549999999996,0,0
TX11723,881.8,Card,20,0,56163.58,9705.41,Mumbai,Desktop,101,0,0,4,0.0157,0,6.783098674382582,46458.17,0,0
TX11617,2069.48,E-commerce,19,1,32206.49,39024.4,Jaipur,Mobile,163,0,0,4,0.0643,0,7.635535743436433,-6817.91,0,0
TX11654,1019.06,E-commerce,12,4,40769.76,43366.3,Chennai,Laptop,160,0,0,3,0.025,0,6.927616728077693,-2596.540000000001,0,0
TX12328,4116.04,Card,19,6,95822.03,35304.28,Mumbai,Laptop,155,0,0,1,0.043,0,8.322889737535192,60517.75,0,1
TXF20113,8799.44,Card,1,0,166841.51,846.24,Hyderabad,Mobile,29,1,0,4,0.0527,1,9.08255699921634,165995.27000000002,1,0
TX10221,783.06,Wallet,17,4,36986.69,43872.31,Chennai,Tablet,133,0,0,4,0.0212,0,6.664485548034334,-6885.619999999995,0,0
TX10093,1273.04,E-commerce,14,5,45450.7,4014.97,Delhi,Laptop,27,0,0,3,0.028,0,7.149948232813482,41435.729999999996,0,1
TX12609,624.95,UPI,17,5,92261.28,14467.91,Chennai,Mobile,155,0,0,4,0.0068,0,6.439270495705672,77793.37,0,1
TX13382,1002.77,UPI,20,3,41931.91,8425.23,Hyderabad,Tablet,182,0,0,1,0.0239,0,6.911518190342665,33506.68000000001,0,0
TX14415,2393.88,Card,10,5,91123.16,8556.39,Mumbai,Laptop,182,0,0,2,0.0263,0,7.781088404205615,82566.77,0,1
TX11397,2454.57,Bank Transfer,18,6,25947.11,44879.55,Bengaluru,Desktop,7,0,0,4,0.0946,0,7.806114192505265,-18932.440000000002,0,1
TXF20186,24690.1,E-commerce,8,1,102699.16,1844.42,Kolkata,Mobile,19,1,1,4,0.2404,1,10.11419813379718,100854.74,0,0
TX11292,3912.26,Wallet,20,0,40712.1,32084.18,Kolkata,Tablet,81,0,0,2,0.0961,0,8.272126065185754,8627.919999999998,0,0
TX12164,1124.61,Wallet,15,4,68995.44,38947.94,Delhi,Mobile,184,0,0,4,0.0163,0,7.026080389911391,30047.5,0,0
TX12939,411.58,E-commerce,11,0,51677.77,6479.7,Lucknow,Desktop,64,0,0,1,0.008,0,6.022430126364862,45198.07,0,0
TX13668,808.11,E-commerce,20,0,94697.7,15915.57,Pune,Mobile,68,0,0,2,0.0085,0,6.695934878149109,78782.13,0,0
TX10812,316.4,Bank Transfer,8,4,14408.19,32616.82,Delhi,Laptop,22,0,0,4,0.022,0,5.760162808092309,-18208.629999999997,0,0
TX11258,288.62,Bank Transfer,18,6,92056.79,20388.87,Hyderabad,Mobile,190,0,0,2,0.0031,0,5.668569718900456,71667.92,0,1
TX10889,500.23,UPI,11,6,37908.86,45106.82,Pune,Mobile,157,0,0,2,0.0132,0,6.217065077575366,-7197.959999999999,0,1
TX11451,948.42,UPI,15,6,38743.5,31104.4,Mumbai,Mobile,40,0,0,3,0.0245,0,6.855851271831715,7639.0999999999985,0,1
TX13316,634.55,E-commerce,13,2,96120.98,6516.01,Jaipur,Mobile,124,0,0,3,0.0066,0,6.454490765740678,89604.97,0,0
TX12559,3075.09,Bank Transfer,10,6,99898.3,37674.01,Delhi,Laptop,124,0,0,4,0.0308,0,8.031414588975139,62224.29,0,1
TX13574,533.72,E-commerce,15,6,24214.46,45283.92,Delhi,Mobile,165,0,0,4,0.022,0,6.2817432454070286,-21069.46,0,1
TX12680,336.63,UPI,20,3,43805.08,2791.24,Mumbai,Mobile,47,0,0,1,0.0077,0,5.821950621333,41013.840000000004,0,0
TXF20151,36237.9,UPI,3,0,189827.05,253.01,Delhi,Mobile,6,1,0,1,0.1909,1,10.497888406495365,189574.03999999998,1,0
TXF20311,5673.47,Card,20,0,163556.77,2869.14,Mumbai,Desktop,30,1,1,17,0.0347,1,8.643732445917808,160687.62999999998,0,0
TXF20179,13018.29,Card,8,0,155880.32,2226.6,Mumbai,Tablet,7,0,1,2,0.0835,1,9.474187382785649,153653.72,0,0
TX12964,2587.23,Card,9,0,7815.25,11042.83,Delhi,Mobile,71,0,0,4,0.331,0,7.858729523387545,-3227.58,0,0
TX12672,5149.67,Wallet,8,4,93542.97,24836.28,Mumbai,Mobile,49,0,0,2,0.0551,0,8.546882082283268,68706.69,0,0
TX10561,1374.8,Card,10,3,85653.66,36451.68,Delhi,Laptop,164,0,0,3,0.0161,0,7.226790659091914,49201.98,0,0
TX12778,802.45,UPI,11,5,23203.38,10138.53,Bengaluru,Desktop,199,0,0,3,0.0346,0,6.688914955487762,13064.85,0,1
TX12948,1505.82,Card,15,0,73875.78,9603.8,Jaipur,Desktop,38,0,0,3,0.0204,0,7.317756748891465,64271.979999999996,0,0
TX12817,655.54,UPI,14,0,57186.64,387.96,Hyderabad,Tablet,93,0,0,2,0.0115,0,6.486983621056584,56798.68,0,0
TX12758,856.48,Wallet,12,3,30815.0,25794.98,Mumbai,Mobile,54,0,0,2,0.0278,0,6.753997855152935,5020.02,0,0
TX11756,742.36,Card,17,0,66496.53,26910.06,Jaipur,Laptop,76,0,0,2,0.0112,0,6.6111804495820445,39586.47,0,0
TX10724,2504.98,Bank Transfer,12,5,40272.99,8426.32,Mumbai,Desktop,195,0,0,1,0.0622,0,7.8264351545781965,31846.67,0,1
TX10219,1344.18,Card,13,5,21906.1,8266.43,Jaipur,Desktop,197,0,0,4,0.0614,0,7.2042831120779205,13639.669999999998,0,1
TX14139,731.9,UPI,19,6,47898.84,43703.61,Delhi,Laptop,169,0,0,1,0.0153,0,6.597009266931805,4195.229999999996,0,1
TX13957,1547.34,E-commerce,18,0,57573.21,2925.09,Delhi,Desktop,161,0,0,1,0.0269,0,7.344938668275619,54648.119999999995,0,0
TX11588,2728.87,Card,19,5,16531.59,46776.19,Lucknow,Mobile,154,0,0,1,0.1651,0,7.912009267997563,-30244.600000000002,0,1
TX13347,1961.0,Bank Transfer,13,1,34781.0,1366.04,Chennai,Mobile,62,0,0,4,0.0564,0,7.581719640125308,33414.96,0,0
TX13970,1898.3,UPI,12,3,96413.43,405.82,Chennai,Laptop,7,0,0,4,0.0197,0,7.549240676218191,96007.60999999999,0,0
TXF20207,22185.86,Wallet,20,0,165487.3,3218.17,Delhi,Laptop,25,0,1,4,0.1341,1,10.007255500731322,162269.12999999998,0,0
TX10043,1395.82,UPI,16,0,99968.04,12178.56,Ahmedabad,Mobile,34,0,0,1,0.014,0,7.241953503424983,87789.48,0,0
TX13001,1107.67,Wallet,15,0,37949.47,19700.0,Ahmedabad,Laptop,50,0,0,2,0.0292,0,7.010916377694795,18249.47,0,0
TX10210,1040.17,Bank Transfer,18,5,54532.82,2685.99,Mumbai,Mobile,178,0,0,4,0.0191,0,6.948100359797127,51846.83,0,1
TX10677,4309.13,UPI,16,4,12666.56,12051.56,Hyderabad,Mobile,78,0,0,1,0.3402,0,8.36872334505591,615.0,0,0
TX10354,369.49,E-commerce,11,5,63953.06,27045.27,Bengaluru,Mobile,24,0,0,3,0.0058,0,5.914826453818583,36907.78999999999,0,1
TX11433,917.66,UPI,11,2,68994.34,31605.66,Delhi,Laptop,158,0,0,1,0.0133,0,6.822916086545058,37388.67999999999,0,0
TX10949,1904.1,E-commerce,19,0,22231.5,43885.76,Kolkata,Desktop,99,0,0,1,0.0856,0,7.552289779621389,-21654.260000000002,0,0
TX12843,598.96,E-commerce,13,5,67137.56,19116.92,Ahmedabad,Mobile,27,0,0,3,0.0089,0,6.396862986327159,48020.64,0,1
TX10577,813.82,Wallet,18,5,45950.58,36131.34,Mumbai,Tablet,61,0,0,1,0.0177,0,6.70296722995224,9819.240000000005,0,1
TX13928,1314.21,UPI,12,2,47087.81,7566.87,Delhi,Tablet,15,0,0,1,0.0279,0,7.181751627679335,39520.939999999995,0,0
TX10544,373.27,E-commerce,13,3,35668.74,38755.21,Mumbai,Desktop,165,0,0,2,0.0105,0,5.9249774620856215,-3086.470000000001,0,0
TX10367,188.85,Wallet,16,5,69710.23,11116.4,Mumbai,Mobile,73,0,0,4,0.0027,0,5.2462342866778116,58593.829999999994,0,1
TX11612,1174.84,Bank Transfer,19,6,43182.69,43899.7,Mumbai,Mobile,133,0,0,2,0.0272,0,7.069738064780561,-717.0099999999948,0,1
TX13550,2324.3,Bank Transfer,17,4,36272.19,14786.66,Hyderabad,Mobile,176,0,0,1,0.0641,0,7.751604341955575,21485.530000000002,0,0
TX13716,498.12,Wallet,15,0,48139.56,32460.03,Delhi,Mobile,134,0,0,3,0.0103,0,6.212846547802531,15679.529999999999,0,0
TX13779,1517.58,Wallet,11,2,55461.09,10657.48,Mumbai,Mobile,44,0,0,1,0.0274,0,7.325530966667385,44803.61,0,0
TX10135,924.49,E-commerce,8,3,43634.58,45327.08,Jaipur,Mobile,30,0,0,4,0.0212,0,6.8303233269848915,-1692.5,0,0
TX14480,2988.26,Wallet,17,1,70956.47,34258.77,Pune,Desktop,164,0,0,3,0.0421,0,8.002781144114827,36697.700000000004,0,0
TX11437,1131.79,E-commerce,8,1,35868.91,26075.14,Delhi,Desktop,111,0,0,2,0.0316,0,7.032438895216875,9793.770000000004,0,0
TX10047,6325.63,E-commerce,19,6,38743.25,9407.27,Hyderabad,Desktop,33,0,0,1,0.1633,0,8.752522987904726,29335.98,0,1
TX11360,1636.3,Card,16,4,35388.48,36570.43,Hyderabad,Desktop,16,0,0,2,0.0462,0,7.400803822645447,-1181.949999999997,0,0
TX10734,1021.79,Wallet,16,5,17444.27,1265.27,Delhi,Mobile,98,0,0,4,0.0586,0,6.930289466286717,16179.0,0,1
TX11534,876.56,E-commerce,14,3,17843.79,35359.55,Chennai,Desktop,140,0,0,3,0.0491,0,6.77714532907086,-17515.760000000002,0,0
TX12004,1224.0,Wallet,18,3,16095.43,22159.1,Chennai,Laptop,176,0,0,1,0.076,0,7.110696122978827,-6063.669999999998,0,0
TX13795,1290.98,Wallet,18,2,42708.1,13512.98,Chennai,Tablet,111,0,0,4,0.0302,0,7.1639312043465715,29195.12,0,0
TX12519,1770.97,UPI,11,2,14910.81,3020.98,Mumbai,Mobile,105,0,0,3,0.1188,0,7.479847200999139,11889.83,0,0
TX11972,2356.74,E-commerce,12,1,99253.8,24262.24,Hyderabad,Desktop,198,0,0,2,0.0237,0,7.765458812083222,74991.56,0,0
TX10996,8925.2,UPI,17,0,71953.63,34462.72,Chennai,Tablet,140,0,0,2,0.124,0,9.096746051391253,37490.91,0,0
TX10061,619.26,Wallet,12,0,55718.27,34625.57,Delhi,Desktop,146,0,0,2,0.0111,0,6.430138744973181,21092.699999999997,0,0
TX11108,716.97,Wallet,12,1,68157.05,11103.16,Mumbai,Mobile,166,0,0,4,0.0105,0,6.576427785445497,57053.89,0,0
TX12405,969.52,Card,14,2,57258.62,4843.32,Hyderabad,Mobile,144,0,0,2,0.0169,0,6.877832010330779,52415.3,0,0
TX10095,2192.08,Wallet,13,2,18257.57,12587.12,Delhi,Tablet,92,0,0,3,0.1201,0,7.693062227460682,5670.449999999999,0,0
TX10478,2371.09,E-commerce,13,0,25949.83,19606.21,Delhi,Mobile,188,0,0,2,0.0914,0,7.771526702062229,6343.620000000003,0,0
TX14359,1029.16,Bank Transfer,11,0,31165.24,47494.99,Mumbai,Mobile,80,0,0,4,0.033,0,6.937469408965528,-16329.749999999996,0,0
TX14112,2860.01,Bank Transfer,16,0,5273.56,5698.85,Delhi,Desktop,163,0,0,1,0.5423,0,7.958929988325372,-425.28999999999996,0,0
TX13707,695.69,Bank Transfer,18,6,48262.68,40122.92,Pune,Mobile,102,0,0,1,0.0144,0,6.546340548552841,8139.760000000002,0,1
TX11101,965.61,UPI,14,2,38496.85,33117.2,Mumbai,Desktop,182,0,0,4,0.0251,0,6.873795104898541,5379.6500000000015,0,0
TX12746,2378.52,Bank Transfer,9,0,63493.46,42673.33,Lucknow,Desktop,123,0,0,1,0.0375,0,7.77465406565297,20820.129999999997,0,0
TX12170,4084.0,UPI,18,6,37977.12,38278.82,Ahmedabad,Mobile,133,0,0,2,0.1075,0,8.315077007294104,-301.6999999999971,0,1
TX10322,767.85,Card,14,3,43192.87,36905.36,Delhi,Mobile,75,0,0,2,0.0178,0,6.644895891961702,6287.510000000002,0,0
TX14254,792.49,E-commerce,13,6,85741.75,7045.91,Mumbai,Mobile,144,0,0,2,0.0092,0,6.676440937492598,78695.84,0,1
TX13142,1026.43,Wallet,12,2,81084.51,29072.93,Chennai,Desktop,51,0,0,4,0.0127,0,6.934815817528992,52011.579999999994,0,0
TX13537,1154.62,E-commerce,16,3,82472.45,33988.53,Kolkata,Mobile,103,0,0,4,0.014,0,7.052392275468968,48483.92,0,0
TXF20425,94847.77,UPI,3,1,179203.62,3642.83,Kolkata,Tablet,11,1,1,10,0.5293,1,11.460039007435112,175560.79,1,0
TX12924,1176.59,UPI,10,6,20256.52,17362.88,Delhi,Laptop,90,0,0,4,0.0581,0,7.07122525609073,2893.6399999999994,0,1
TX11149,452.58,Bank Transfer,10,2,19323.51,17171.17,Ahmedabad,Mobile,109,0,0,1,0.0234,0,6.117171659730716,2152.34,0,0
TX13617,2590.55,UPI,18,3,46507.49,39516.61,Pune,Desktop,103,0,0,2,0.0557,0,7.860011431288901,6990.879999999997,0,0
TX10291,599.26,Wallet,11,0,29824.29,17848.07,Delhi,Mobile,189,0,0,3,0.0201,0,6.3973628946877055,11976.220000000001,0,0
TX13749,251.25,E-commerce,20,3,98433.11,20611.02,Delhi,Mobile,195,0,0,2,0.0026,0,5.530420659233719,77822.09,0,0
TX13586,3177.45,E-commerce,12,2,88876.08,5961.36,Hyderabad,Tablet,174,0,0,3,0.0358,0,8.064148935562157,82914.72,0,0
TX10533,519.77,E-commerce,18,2,74386.8,23853.3,Delhi,Mobile,173,0,0,2,0.007,0,6.255308485548567,50533.5,0,0
TX13607,2159.15,E-commerce,19,5,73787.32,36432.41,Delhi,Mobile,104,0,0,1,0.0293,0,7.677932942711501,37354.91,0,1
TX12648,875.07,Bank Transfer,8,5,28782.01,13325.24,Delhi,Desktop,107,0,0,3,0.0304,0,6.775445996419663,15456.769999999999,0,1
TXF20310,1661.11,E-commerce,9,6,120951.82,2688.85,Pune,Mobile,4,1,0,16,0.0137,1,7.415843158544135,118262.97,0,1
TX11983,1170.13,E-commerce,13,4,63616.38,601.34,Delhi,Mobile,184,0,0,2,0.0184,0,7.065724373661321,63015.04,0,0
TX12932,323.61,Wallet,19,6,62596.46,44560.67,Chennai,Desktop,12,0,0,1,0.0052,0,5.782624461753219,18035.79,0,1
TX11536,689.17,Bank Transfer,9,4,5318.15,16171.17,Delhi,Tablet,36,0,0,1,0.1296,0,6.536937944057117,-10853.02,0,0
TXF20034,183419.38,UPI,20,2,91709.69,2341.62,Lucknow,Mobile,0,1,1,2,2.0,1,12.11953595585869,89368.07,0,0
TX14172,311.75,Card,15,6,952.86,28042.21,Mumbai,Mobile,37,0,0,3,0.3272,0,5.745404149347021,-27089.35,0,1
TX13360,459.0,Wallet,8,3,39835.39,47333.54,Pune,Tablet,103,0,0,1,0.0115,0,6.131226489483141,-7498.1500000000015,0,0
TX13665,1005.44,Bank Transfer,12,5,48058.5,13824.51,Delhi,Mobile,153,0,0,3,0.0209,0,6.914174630784321,34233.99,0,1
TX14005,221.1,Card,11,4,20707.74,38735.6,Bengaluru,Mobile,66,0,0,1,0.0107,0,5.403127730900382,-18027.859999999997,0,0
TX13626,1785.39,Bank Transfer,14,6,89919.87,37907.12,Bengaluru,Mobile,101,0,0,1,0.0199,0,7.487952102659855,52012.74999999999,0,1
TX10586,957.05,Card,12,0,79554.3,35413.28,Mumbai,Desktop,196,0,0,3,0.012,0,6.864899968675708,44141.020000000004,0,0
TX13256,368.13,Wallet,11,6,62037.84,45148.52,Jaipur,Laptop,185,0,0,2,0.0059,0,5.911148885519248,16889.32,0,1
TX12298,536.47,Wallet,15,4,44763.27,24866.51,Mumbai,Mobile,24,0,0,3,0.012,0,6.286872944490673,19896.76,0,0
TX13988,5044.19,Card,17,6,100424.63,41997.26,Bengaluru,Mobile,25,0,0,3,0.0502,0,8.526190593129094,58427.37,0,1
TX10584,2488.04,Card,17,2,29835.2,41269.97,Mumbai,Desktop,160,0,0,3,0.0834,0,7.819652372949588,-11434.77,0,0
TX12423,386.19,E-commerce,9,5,15860.49,25228.15,Pune,Desktop,32,0,0,3,0.0243,0,5.958915528622633,-9367.660000000002,0,1
TX11391,389.63,Bank Transfer,10,3,40720.76,40612.12,Mumbai,Mobile,117,0,0,2,0.0096,0,5.9677608204087464,108.63999999999942,0,0
TXF20025,142651.43,Wallet,15,5,71325.71,84.65,Lucknow,Tablet,7,0,0,2,2.0,1,11.868166391196873,71241.06000000001,0,1
TXF20420,173625.86,Bank Transfer,1,3,181583.97,227.52,Bengaluru,Mobile,5,1,1,16,0.9562,1,12.064663792742245,181356.45,1,0
TXF20300,15683.72,Bank Transfer,8,5,83637.21,4110.91,Jaipur,Tablet,22,0,1,22,0.1875,1,9.66044226901501,79526.3,0,1
TX13240,1236.58,UPI,8,1,64422.29,42286.42,Chennai,Laptop,75,0,0,4,0.0192,0,7.120913138817999,22135.870000000003,0,0
TX14281,2180.98,E-commerce,10,2,9961.9,4564.97,Delhi,Desktop,73,0,0,1,0.2189,0,7.6879880004481675,5396.929999999999,0,0
TX13338,773.55,Bank Transfer,9,3,62188.35,7729.07,Mumbai,Mobile,30,0,0,4,0.0124,0,6.652282215552372,54459.28,0,0
TX13220,549.26,E-commerce,10,1,80281.13,21643.47,Hyderabad,Tablet,138,0,0,1,0.0068,0,6.310390893798908,58637.66,0,0
TX12111,1079.14,E-commerce,12,2,33425.07,21146.53,Bengaluru,Mobile,37,0,0,3,0.0323,0,6.984845941346701,12278.54,0,0
TX11174,1277.09,Wallet,8,0,54668.52,1729.69,Delhi,Mobile,179,0,0,4,0.0234,0,7.153122054993141,52938.829999999994,0,0
TXF20362,148532.8,Wallet,3,5,148893.3,2381.16,Chennai,Desktop,17,1,1,9,0.9976,1,11.908567820753404,146512.13999999998,1,1
TX13811,759.47,UPI,11,4,43533.83,14515.48,Kolkata,Desktop,69,0,0,3,0.0174,0,6.63393666318951,29018.350000000002,0,0
TX11867,899.46,Bank Transfer,12,5,33162.38,45304.99,Mumbai,Mobile,21,0,0,2,0.0271,0,6.8029057438626275,-12142.61,0,1
TX12614,787.81,E-commerce,14,3,45477.05,39089.68,Bengaluru,Desktop,62,0,0,1,0.0173,0,6.670525480692854,6387.370000000003,0,0
TX13866,2156.45,Wallet,13,0,43640.25,37346.32,Kolkata,Laptop,102,0,0,2,0.0494,0,7.6766822477180074,6293.93,0,0
TXF20385,116314.54,E-commerce,3,2,58157.27,101.25,Hyderabad,Mobile,25,1,1,13,2.0,1,11.664061949528815,58056.02,1,0
TX13778,2294.88,Wallet,14,2,27936.5,16426.86,Pune,Mobile,67,0,0,2,0.0821,0,7.738871491265242,11509.64,0,0
TX13846,3142.6,Bank Transfer,17,2,75759.14,3070.36,Chennai,Mobile,121,0,0,4,0.0415,0,8.05312391899202,72688.78,0,0
TX12416,705.0,E-commerce,9,0,36810.2,521.73,Chennai,Desktop,88,0,0,4,0.0192,0,6.559615237493242,36288.469999999994,0,0
TX10070,465.58,E-commerce,20,2,94541.21,47701.04,Lucknow,Desktop,198,0,0,4,0.0049,0,6.145429495402492,46840.170000000006,0,0
TXF20380,118133.67,Bank Transfer,1,2,105197.24,2261.57,Chennai,Desktop,26,1,1,11,1.123,1,11.67958052387936,102935.67,1,0
TX11126,765.09,Card,10,3,75966.67,6361.77,Bengaluru,Mobile,6,0,0,2,0.0101,0,6.641299656311359,69604.9,0,0
TX14024,4671.54,E-commerce,12,5,58117.47,21768.41,Bengaluru,Tablet,189,0,0,2,0.0804,0,8.449458100020736,36349.06,0,1
TX13250,1852.31,Card,18,3,42526.09,10466.69,Bengaluru,Desktop,60,0,0,1,0.0436,0,7.524728508569207,32059.399999999994,0,0
TX13901,448.92,Bank Transfer,10,0,18182.68,2815.07,Chennai,Laptop,171,0,0,4,0.0247,0,6.109069789182246,15367.61,0,0
TX11095,356.33,UPI,9,3,48932.83,41927.7,Bengaluru,Desktop,110,0,0,1,0.0073,0,5.87865972456092,7005.130000000005,0,0
TXF20045,130773.61,Card,13,3,65386.81,38.65,Delhi,Tablet,30,1,0,2,2.0,1,11.781230586012992,65348.159999999996,0,0
TX11212,238.06,Bank Transfer,12,1,3588.98,29204.29,Mumbai,Desktop,15,0,0,4,0.0663,0,5.476714566449835,-25615.31,0,0
TX13921,744.57,E-commerce,18,1,30874.38,2868.99,Mumbai,Mobile,63,0,0,1,0.0241,0,6.614149026510388,28005.39,0,0
TX11425,972.44,E-commerce,8,1,39620.46,8497.1,Mumbai,Desktop,102,0,0,3,0.0245,0,6.880836189630873,31123.36,0,0
TX13066,421.85,E-commerce,20,6,4246.94,40809.46,Ahmedabad,Laptop,62,0,0,2,0.0993,0,6.047017506228231,-36562.52,0,1
TXF20019,180432.66,UPI,17,0,149765.58,1053.44,Chennai,Tablet,26,0,0,1,1.2048,1,12.10311845457163,148712.13999999998,0,0
TX12100,241.24,E-commerce,10,0,39828.73,9064.6,Lucknow,Mobile,156,0,0,2,0.0061,0,5.489928970249084,30764.130000000005,0,0
TX10807,1773.95,Wallet,17,0,23057.78,18498.49,Bengaluru,Mobile,158,0,0,1,0.0769,0,7.481527532498678,4559.289999999997,0,0
TXF20243,44111.46,Wallet,8,6,125371.5,886.18,Jaipur,Tablet,16,0,1,2,0.3518,1,10.694497561210657,124485.32,0,1
TX13750,832.15,Card,12,6,78626.87,18633.7,Delhi,Mobile,13,0,0,3,0.0106,0,6.725213697984633,59993.17,0,1
TX11362,1552.8,Card,13,5,88261.91,3074.9,Hyderabad,Mobile,145,0,0,3,0.0176,0,7.348458822516321,85187.01000000001,0,1
TX12317,331.69,UPI,19,0,59627.84,49461.91,Jaipur,Laptop,26,0,0,2,0.0056,0,5.807211125464201,10165.929999999993,0,0
TXF20081,157002.38,E-commerce,14,4,78501.19,792.99,Jaipur,Desktop,17,0,0,1,2.0,1,11.964022612761127,77708.2,0,0
TXF20241,47985.58,E-commerce,9,3,23992.79,18.23,Bengaluru,Laptop,24,1,1,4,2.0,1,10.778676667465989,23974.56,0,0
TX11025,2257.07,Wallet,9,5,72024.61,19201.66,Mumbai,Desktop,91,0,0,4,0.0313,0,7.7222657451148295,52822.95,0,1
TX13109,1075.53,Bank Transfer,12,3,100428.94,11693.54,Chennai,Mobile,185,0,0,2,0.0107,0,6.981498184507146,88735.4,0,0
TX12110,2371.14,Card,14,5,83138.57,282.45,Pune,Tablet,32,0,0,3,0.0285,0,7.771547780298319,82856.12000000001,0,1
TX11041,1790.01,UPI,13,5,26318.91,2113.51,Bengaluru,Tablet,40,0,0,2,0.068,0,7.490534985518044,24205.4,0,1
TX11876,3231.44,E-commerce,8,0,57427.79,3966.43,Bengaluru,Mobile,21,0,0,4,0.0563,0,8.080992548988828,53461.36,0,0
TX10881,2846.96,UPI,12,4,56986.87,14195.37,Mumbai,Desktop,126,0,0,3,0.05,0,7.954358227489415,42791.5,0,0
TX14299,1068.0,Wallet,11,6,78231.69,48300.92,Chennai,Mobile,38,0,0,3,0.0137,0,6.974478911025045,29930.770000000004,0,1
TX11192,610.07,Wallet,18,5,73893.97,41241.13,Bengaluru,Desktop,16,0,0,2,0.0083,0,6.415211518894159,32652.840000000004,0,1
TXF20087,26620.92,Card,1,6,76835.45,145.2,Mumbai,Mobile,4,1,0,5,0.3465,1,10.189490215569018,76690.25,1,1
TXF20010,83003.01,UPI,14,3,121062.01,3618.73,Pune,Mobile,0,1,1,3,0.6856,1,11.326644198864699,117443.28,0,0
TX13670,2043.13,Card,15,5,55147.37,46405.66,Pune,Laptop,183,0,0,4,0.037,0,7.62272755008393,8741.71,0,1
TX10624,654.08,Card,13,2,17542.36,16577.73,Mumbai,Desktop,54,0,0,3,0.0373,0,6.484757365581666,964.630000000001,0,0
TX12796,210.14,UPI,10,2,33136.21,23835.19,Delhi,Tablet,112,0,0,2,0.0063,0,5.352521420561549,9301.02,0,0
TX14291,844.16,Card,20,6,58493.95,38441.41,Pune,Laptop,69,0,0,3,0.0144,0,6.739525958545319,20052.539999999994,0,1
TXF20468,154685.18,UPI,4,5,77342.59,1899.55,Mumbai,Mobile,25,1,1,21,2.0,1,11.949153698375405,75443.04,1,1
TX10233,1432.15,UPI,18,2,12940.01,42337.97,Bengaluru,Mobile,139,0,0,1,0.1107,0,7.267630097856005,-29397.96,0,0
TXF20066,124911.74,E-commerce,8,1,62455.87,4952.36,Pune,Desktop,14,0,0,2,2.0,1,11.73537069251314,57503.51,0,0
TX11662,1038.47,Wallet,15,6,45787.39,28869.59,Mumbai,Mobile,168,0,0,2,0.0227,0,6.946466246852749,16917.8,0,1
TX10415,1505.14,UPI,13,5,19883.61,11953.41,Mumbai,Desktop,122,0,0,1,0.0757,0,7.317305365526572,7930.200000000001,0,1
TX14246,1382.25,UPI,15,2,68541.54,770.86,Pune,Mobile,29,0,0,4,0.0202,0,7.232191081778219,67770.68,0,0
TX12173,3760.32,Bank Transfer,12,1,13308.4,46168.86,Bengaluru,Desktop,24,0,0,2,0.2826,0,8.23252523860524,-32860.46,0,0
TX11456,1369.07,Wallet,8,1,49950.66,49346.11,Mumbai,Mobile,195,0,0,2,0.0274,0,7.222617112407382,604.5500000000029,0,0
TX10746,464.89,E-commerce,9,2,45147.24,31349.09,Delhi,Desktop,175,0,0,4,0.0103,0,6.143949554758959,13798.149999999998,0,0
TX10017,616.54,UPI,18,4,29069.52,27180.53,Delhi,Mobile,5,0,0,3,0.0212,0,6.425743843732107,1888.9900000000016,0,0
TX11200,988.7,Wallet,10,2,79426.85,13369.83,Mumbai,Desktop,115,0,0,1,0.0124,0,6.897401866902645,66057.02,0,0
TX11699,5617.58,Bank Transfer,14,4,92483.54,41426.47,Mumbai,Mobile,76,0,0,1,0.0607,0,8.633834241922392,51057.06999999999,0,0
TX13253,1489.71,E-commerce,8,1,15926.13,17478.9,Mumbai,Mobile,197,0,0,4,0.0935,0,7.307007795511749,-1552.7700000000023,0,0
TX10596,1227.47,Bank Transfer,20,0,31450.66,47039.89,Jaipur,Mobile,195,0,0,3,0.039,0,7.11352477163864,-15589.23,0,0
TX13226,5320.18,E-commerce,19,2,92739.36,21670.34,Delhi,Mobile,133,0,0,1,0.0574,0,8.579450362251984,71069.02,0,0
TX14405,1687.16,Wallet,12,2,75230.8,31081.62,Mumbai,Desktop,182,0,0,2,0.0224,0,7.4313944573937825,44149.18000000001,0,0
TXF20219,24553.94,Wallet,9,4,157704.77,571.47,Bengaluru,Desktop,5,1,1,3,0.1557,1,10.108668334976162,157133.3,0,0
TX11505,336.45,E-commerce,15,1,95566.66,36922.6,Chennai,Desktop,112,0,0,2,0.0035,0,5.821417351189416,58644.060000000005,0,0
TX11412,736.9,Card,15,1,49611.18,5539.78,Pune,Mobile,37,0,0,2,0.0149,0,6.603808314064321,44071.4,0,0
TX11965,375.08,Bank Transfer,12,0,76687.55,25305.27,Delhi,Laptop,75,0,0,4,0.0049,0,5.929801886715875,51382.28,0,0
TX10371,1012.99,E-commerce,14,3,41073.63,13783.34,Mumbai,Mobile,182,0,0,2,0.0247,0,6.921648322169561,27290.289999999997,0,0
TX11340,1243.09,Wallet,15,4,97242.3,2529.87,Bengaluru,Desktop,77,0,0,3,0.0128,0,7.126159617949068,94712.43000000001,0,0
TX10598,1653.88,E-commerce,17,6,47743.48,24200.15,Mumbai,Desktop,54,0,0,3,0.0346,0,7.411483777629494,23543.33,0,1
TX10238,264.28,Card,11,1,46733.86,47369.44,Kolkata,Mobile,84,0,0,4,0.0057,0,5.58078587194693,-635.5800000000017,0,0
TX13400,1249.71,Wallet,10,0,30832.58,32823.29,Delhi,Mobile,146,0,0,3,0.0405,0,7.1314666690454045,-1990.7099999999991,0,0
TX12067,271.1,Bank Transfer,8,3,913.22,22534.21,Hyderabad,Mobile,136,0,0,4,0.2969,0,5.6061696457892,-21620.989999999998,0,0
TX10810,1804.01,UPI,9,2,49296.05,44019.82,Bengaluru,Mobile,177,0,0,3,0.0366,0,7.49832141091784,5276.230000000003,0,0
TX11094,1054.56,Bank Transfer,10,4,75347.88,24679.2,Kolkata,Desktop,80,0,0,1,0.014,0,6.961826710769865,50668.68000000001,0,0
TX14324,477.79,Card,13,3,32348.2,3121.56,Pune,Mobile,142,0,0,3,0.0148,0,6.17126208791851,29226.64,0,0
TXF20260,813.15,E-commerce,11,6,61347.51,585.21,Lucknow,Mobile,20,1,0,12,0.0133,1,6.702144624210229,60762.3,0,1
TX13676,3452.68,Card,20,5,89016.92,48714.7,Hyderabad,Mobile,67,0,0,1,0.0388,0,8.147195608207403,40302.22,0,1
TX13464,818.05,E-commerce,9,2,12080.01,25492.92,Pune,Desktop,152,0,0,3,0.0677,0,6.708145132050641,-13412.909999999998,0,0
TX13103,277.95,Bank Transfer,12,5,26934.58,1883.84,Jaipur,Mobile,176,0,0,1,0.0103,0,5.631032554291537,25050.74,0,1
TX12749,1072.87,Wallet,9,4,60468.35,36840.37,Pune,Desktop,6,0,0,4,0.0177,0,6.979024224911996,23627.979999999996,0,0
TX12295,2605.06,Wallet,14,2,89749.38,25686.22,Ahmedabad,Desktop,64,0,0,3,0.029,0,7.865594781210998,64063.16,0,0
TX14192,3458.83,Bank Transfer,20,4,35233.16,4325.02,Hyderabad,Desktop,117,0,0,4,0.0982,0,8.14897473389673,30908.140000000003,0,0
TX13708,1876.22,Card,17,2,37101.22,22747.28,Delhi,Mobile,94,0,0,3,0.0506,0,7.537547238029286,14353.940000000002,0,0
TX13018,2237.41,Wallet,12,4,18912.83,49776.27,Mumbai,Desktop,113,0,0,3,0.1183,0,7.713521071378007,-30863.439999999995,0,0
TX14252,2621.28,Wallet,19,2,54437.03,18911.96,Pune,Mobile,38,0,0,3,0.0482,0,7.871799447333045,35525.07,0,0
TX10803,2948.07,Bank Transfer,20,3,98049.95,35156.77,Pune,Desktop,43,0,0,2,0.0301,0,7.989245145393514,62893.18,0,0
TX14190,449.35,Bank Transfer,9,4,79089.85,6190.48,Pune,Mobile,57,0,0,1,0.0057,0,6.110025058229752,72899.37000000001,0,0
TX13705,2477.07,Wallet,17,6,14026.79,36165.83,Bengaluru,Desktop,130,0,0,4,0.1766,0,7.815235310377675,-22139.04,0,1
TX10751,329.52,E-commerce,8,2,91320.25,36134.95,Mumbai,Mobile,82,0,0,1,0.0036,0,5.800667171832983,55185.3,0,0
TXF20144,32496.06,Card,4,4,163546.05,1629.18,Bengaluru,Desktop,19,1,0,4,0.1987,1,10.388904902687475,161916.87,1,0
TX12531,1487.93,E-commerce,13,1,4418.4,20646.21,Delhi,Desktop,82,0,0,1,0.3368,0,7.305813020161879,-16227.81,0,0
TX10621,2260.06,E-commerce,14,5,67531.92,27317.05,Mumbai,Mobile,162,0,0,3,0.0335,0,7.723589008856433,40214.869999999995,0,1
TX12297,145.79,Wallet,17,0,87365.2,22392.3,Delhi,Desktop,15,0,0,2,0.0017,0,4.989002993969142,64972.899999999994,0,0
TX13828,1485.88,Bank Transfer,11,5,33960.43,49479.28,Pune,Mobile,94,0,0,4,0.0438,0,7.30443524380903,-15518.849999999999,0,1
TX10566,1403.98,Card,8,6,60643.58,25467.19,Bengaluru,Desktop,110,0,0,4,0.0232,0,7.247778346791084,35176.39,0,1
TX11135,761.71,Wallet,13,4,74798.87,13945.49,Chennai,Laptop,26,0,0,1,0.0102,0,6.636877880399306,60853.38,0,0
TX11204,389.74,E-commerce,16,1,31457.77,27368.28,Mumbai,Mobile,157,0,0,1,0.0124,0,5.968042377163489,4089.4900000000016,0,0
TX11047,2624.86,Bank Transfer,15,0,89135.97,29388.13,Chennai,Mobile,160,0,0,1,0.0294,0,7.873163740417942,59747.84,0,0
TX10051,1601.79,Card,11,2,95306.42,6962.3,Lucknow,Tablet,110,0,0,1,0.0168,0,7.379501139660919,88344.12,0,0
TX13651,4648.66,Card,10,0,43759.56,9361.64,Delhi,Mobile,86,0,0,2,0.1062,0,8.44454937762856,34397.92,0,0
TX11044,2605.59,Card,19,4,26191.4,817.63,Ahmedabad,Mobile,32,0,0,2,0.0995,0,7.865798132674007,25373.77,0,0
TX12181,1308.28,E-commerce,11,6,53261.51,45413.38,Delhi,Mobile,22,0,0,2,0.0246,0,7.177232646779071,7848.130000000005,0,1
TX12688,432.14,E-commerce,20,5,26276.83,13235.98,Chennai,Desktop,130,0,0,1,0.0164,0,6.071061001379125,13040.850000000002,0,1
TX10534,365.94,Card,9,2,46580.89,39272.33,Hyderabad,Desktop,148,0,0,2,0.0079,0,5.9051983469505736,7308.559999999998,0,0
TX13184,1712.87,Card,19,6,80676.76,35430.39,Delhi,Laptop,150,0,0,4,0.0212,0,7.446509250306945,45246.369999999995,0,1
TX13857,671.0,Bank Transfer,10,2,61233.63,44786.45,Pune,Desktop,28,0,0,3,0.011,0,6.51025834052315,16447.18,0,0
TX10443,599.79,Card,14,1,98328.62,20404.71,Mumbai,Laptop,14,0,0,4,0.0061,0,6.39824545583737,77923.91,0,0
TX13604,597.14,Card,20,0,99283.4,15369.7,Hyderabad,Mobile,27,0,0,3,0.006,0,6.393824840262668,83913.7,0,0
TX10195,3583.0,Wallet,14,5,62473.69,37297.43,Delhi,Mobile,88,0,0,2,0.0574,0,8.18423477409482,25176.260000000002,0,1
TX11115,642.76,Wallet,12,1,47715.63,23368.34,Jaipur,Tablet,177,0,0,3,0.0135,0,6.467325985837878,24347.289999999997,0,0
TX10765,104.34,E-commerce,17,0,2506.39,23894.49,Delhi,Mobile,115,0,0,3,0.0416,0,4.657193214055243,-21388.100000000002,0,0
TX11945,906.74,Wallet,16,4,93023.44,48424.11,Bengaluru,Mobile,81,0,0,1,0.0097,0,6.810957993984799,44599.33,0,0
TX13247,3063.41,Bank Transfer,19,0,89106.42,35039.39,Chennai,Mobile,123,0,0,4,0.0344,0,8.027610333918897,54067.03,0,0
TX13002,1477.52,Wallet,16,6,55942.24,38443.16,Hyderabad,Laptop,57,0,0,2,0.0264,0,7.298796866424577,17499.079999999994,0,1
TX11432,2313.47,Wallet,9,3,7509.54,48074.69,Mumbai,Tablet,200,0,0,1,0.3081,0,7.746935998624521,-40565.15,0,0
TX14200,808.36,Bank Transfer,18,2,66662.18,32724.85,Hyderabad,Desktop,49,0,0,3,0.0121,0,6.696243811897635,33937.329999999994,0,0
TX13095,6169.03,Bank Transfer,13,0,77928.33,20895.78,Bengaluru,Mobile,171,0,0,3,0.0792,0,8.727458979124242,57032.55,0,0
TX12922,2471.92,Bank Transfer,8,3,44601.06,22098.67,Pune,Tablet,102,0,0,1,0.0554,0,7.813154917624933,22502.39,0,0
TX10644,1743.6,Wallet,17,4,10144.56,36601.67,Mumbai,Mobile,151,0,0,2,0.1719,0,7.464280581999118,-26457.11,0,0
TX11049,1117.81,Bank Transfer,14,4,72003.81,19522.6,Ahmedabad,Desktop,141,0,0,2,0.0155,0,7.020020899435876,52481.21,0,0
TX13745,1071.64,UPI,15,6,34776.27,49602.72,Ahmedabad,Mobile,148,0,0,1,0.0308,0,6.977878178413609,-14826.450000000004,0,1
TX14093,747.34,UPI,13,1,6715.21,8913.02,Pune,Desktop,86,0,0,2,0.1113,0,6.6178574201545315,-2197.8100000000004,0,0
TX14403,761.01,Bank Transfer,10,2,56441.79,40011.49,Pune,Mobile,9,0,0,4,0.0135,0,6.635959678960115,16430.300000000003,0,0
TX10120,3116.24,Wallet,14,3,35461.18,44786.61,Jaipur,Desktop,109,0,0,3,0.0879,0,8.04470327391582,-9325.43,0,0
TX12052,3862.18,Bank Transfer,9,2,42068.29,15208.1,Delhi,Mobile,59,0,0,3,0.0918,0,8.25924595749064,26860.190000000002,0,0
TX14258,681.48,Wallet,19,3,56697.38,9328.77,Delhi,Mobile,7,0,0,2,0.012,0,6.525733222600439,47368.61,0,0
TXF20388,118158.54,Bank Transfer,0,4,78771.92,1907.64,Ahmedabad,Desktop,24,1,1,7,1.5,1,11.679791024171278,76864.28,1,0
TX14334,755.23,E-commerce,10,2,78285.29,1618.07,Mumbai,Tablet,74,0,0,1,0.0096,0,6.62834556271435,76667.21999999999,0,0
TXF20191,46132.49,Card,16,4,46048.66,3070.32,Pune,Desktop,19,0,1,5,1.0018,1,10.739294429445588,42978.340000000004,0,0
TX10134,617.23,Wallet,19,4,78443.35,27964.37,Bengaluru,Desktop,171,0,0,2,0.0079,0,6.4268605565050425,50478.98000000001,0,0
TX12460,406.8,UPI,14,2,68275.63,38634.79,Mumbai,Laptop,104,0,0,2,0.006,0,6.010776858140355,29640.840000000004,0,0
TX11954,6298.56,Wallet,17,4,62245.12,37157.54,Chennai,Mobile,31,0,0,1,0.1012,0,8.748235068670768,25087.58,0,0
TX12463,1007.4,UPI,19,4,81241.93,20584.19,Bengaluru,Tablet,166,0,0,2,0.0124,0,6.9161201953137645,60657.73999999999,0,0
TX10184,1792.44,Bank Transfer,18,5,20652.28,10546.53,Mumbai,Mobile,200,0,0,3,0.0868,0,7.4918908422727855,10105.749999999998,0,1
TX11392,2577.83,Wallet,13,5,95886.75,1104.88,Mumbai,Laptop,186,0,0,2,0.0269,0,7.85509108668662,94781.87,0,1
TX12276,11405.1,Bank Transfer,15,5,42228.81,9172.24,Pune,Desktop,139,0,0,1,0.2701,0,9.341903578993499,33056.57,0,1
TX10511,2109.51,E-commerce,15,2,20005.95,25178.05,Bengaluru,Mobile,108,0,0,2,0.1054,0,7.6546849034250215,-5172.0999999999985,0,0
TXF20229,11302.89,Bank Transfer,10,4,200244.49,2036.23,Ahmedabad,Laptop,15,1,1,4,0.0564,1,9.332902193248367,198208.25999999998,0,0
TX14054,736.84,Wallet,12,5,18395.8,30105.29,Ahmedabad,Mobile,199,0,0,2,0.0401,0,6.603726998927463,-11709.490000000002,0,1
TX13137,1237.05,Bank Transfer,19,3,55654.13,4653.12,Hyderabad,Tablet,131,0,0,1,0.0222,0,7.121292840151112,51001.009999999995,0,0
TX12669,599.51,E-commerce,11,1,75132.43,25210.64,Chennai,Mobile,38,0,0,2,0.008,0,6.397779294170724,49921.78999999999,0,0
TXF20273,1541.63,Card,15,1,64857.49,567.3,Jaipur,Desktop,23,1,1,19,0.0238,1,7.341244030996521,64290.189999999995,0,0
TXF20361,76581.72,UPI,23,6,122677.52,3042.86,Mumbai,Desktop,25,1,1,14,0.6243,1,11.24612674281264,119634.66,1,1
TX12117,660.78,UPI,14,3,38907.66,45550.63,Bengaluru,Desktop,139,0,0,4,0.017,0,6.494933174420404,-6642.969999999994,0,0
TX10251,4168.11,Wallet,20,3,18683.38,8901.71,Delhi,Desktop,182,0,0,4,0.2231,0,8.335457862756988,9781.670000000002,0,0
TX13526,399.3,E-commerce,9,4,5082.76,29952.06,Delhi,Laptop,63,0,0,3,0.0786,0,5.992214265998528,-24869.300000000003,0,0
TX13559,1040.14,UPI,8,3,56442.18,13775.3,Pune,Mobile,122,0,0,4,0.0184,0,6.9480715456436135,42666.880000000005,0,0
TX14011,222.98,Bank Transfer,15,6,65878.7,2265.5,Mumbai,Desktop,194,0,0,2,0.0034,0,5.4115567621545475,63613.2,0,1
TX11507,1331.96,Wallet,20,3,48103.08,11426.23,Bengaluru,Tablet,185,0,0,4,0.0277,0,7.195157312226599,36676.850000000006,0,0
TX10122,1421.31,UPI,20,0,96506.72,28714.55,Bengaluru,Mobile,87,0,0,1,0.0147,0,7.2600375894169655,67792.17,0,0
TX14259,782.07,Card,17,6,5155.97,1895.89,Chennai,Mobile,64,0,0,3,0.1517,0,6.663222091739456,3260.08,0,1
TX13333,1712.14,UPI,12,1,12185.21,46614.87,Ahmedabad,Desktop,19,0,0,4,0.1405,0,7.446083222947211,-34429.66,0,0
TX11871,1330.08,E-commerce,17,4,28669.46,35149.7,Bengaluru,Laptop,189,0,0,4,0.0464,0,7.19374592177294,-6480.239999999998,0,0
TX13692,793.96,UPI,19,6,47440.13,20812.4,Kolkata,Desktop,60,0,0,1,0.0167,0,6.678291798923108,26627.729999999996,0,1
TX10567,4280.27,Bank Transfer,9,3,34386.34,28294.6,Mumbai,Laptop,139,0,0,2,0.1245,0,8.362004973532471,6091.739999999998,0,0
TX11371,4847.23,Bank Transfer,17,6,60417.67,28557.32,Pune,Desktop,17,0,0,2,0.0802,0,8.486368968868026,31860.35,0,1
TX13185,1818.51,Card,13,5,27613.18,43118.0,Mumbai,Laptop,141,0,0,3,0.0659,0,7.5063225130525,-15504.82,0,1
TX13955,122.44,E-commerce,17,1,45606.61,40892.3,Kolkata,Mobile,55,0,0,1,0.0027,0,4.815755208054905,4714.309999999998,0,0
TX11056,2463.09,Bank Transfer,14,1,30354.27,7894.71,Delhi,Mobile,45,0,0,2,0.0811,0,7.809577849960379,22459.56,0,0
TX10856,853.68,Bank Transfer,11,5,2253.01,17915.76,Delhi,Tablet,178,0,0,3,0.3789,0,6.750727129874788,-15662.749999999998,0,1
TX13838,983.25,UPI,19,1,95594.77,10964.68,Pune,Tablet,62,0,0,2,0.0103,0,6.891879929823847,84630.09,0,0
TX12860,597.21,Card,18,5,34699.43,40502.75,Mumbai,Mobile,123,0,0,2,0.0172,0,6.393941862873241,-5803.32,0,1
TXF20269,4604.01,E-commerce,20,1,107042.53,785.91,Lucknow,Desktop,29,0,0,26,0.043,1,8.43490012023971,106256.62,0,0
TX10776,638.97,Bank Transfer,19,1,35846.61,5638.81,Bengaluru,Desktop,27,0,0,2,0.0178,0,6.461421300255051,30207.8,0,0
TX10720,2441.74,UPI,15,4,47360.48,39939.18,Delhi,Tablet,42,0,0,1,0.0516,0,7.800875639069272,7421.300000000003,0,0
TX12710,1634.52,UPI,8,2,4029.34,36649.49,Hyderabad,Mobile,116,0,0,4,0.4057,0,7.3997160755799145,-32620.149999999998,0,0
TX12654,227.78,E-commerce,14,0,4271.19,24949.02,Mumbai,Mobile,118,0,0,3,0.0533,0,5.432760843097527,-20677.83,0,0
TXF20377,138361.56,Wallet,4,6,94165.59,718.93,Chennai,Mobile,30,1,1,6,1.4693,1,11.837632765337295,93446.66,1,1
TX10602,493.39,Bank Transfer,18,6,75755.21,32882.06,Bengaluru,Desktop,96,0,0,1,0.0065,0,6.203324679401705,42873.15000000001,0,1
TX13822,695.42,UPI,12,3,34618.85,6798.5,Jaipur,Desktop,44,0,0,4,0.0201,0,6.545952926608586,27820.35,0,0
TX11244,2253.68,Bank Transfer,10,1,35024.45,33856.54,Pune,Tablet,160,0,0,4,0.0643,0,7.720763334993431,1167.9099999999962,0,0
TXF20345,132328.41,E-commerce,3,3,75724.75,2359.69,Delhi,Desktop,20,1,1,12,1.7475,1,11.793049623206562,73365.06,1,0
TXF20341,148887.01,E-commerce,0,6,74443.51,1217.23,Hyderabad,Laptop,28,1,1,6,2.0,1,11.910949691588378,73226.28,1,1
TX10318,1171.25,Bank Transfer,15,5,95108.49,39959.28,Bengaluru,Tablet,169,0,0,4,0.0123,0,7.066680257969696,55149.21000000001,0,1
TX10828,1251.14,Bank Transfer,20,6,86033.69,1277.39,Hyderabad,Mobile,13,0,0,3,0.0145,0,7.132609366494794,84756.3,0,1
TX13263,2245.4,UPI,12,5,50027.57,47261.36,Delhi,Desktop,193,0,0,3,0.0449,0,7.717084213831492,2766.209999999999,0,1
TX10274,624.23,Wallet,8,4,59858.58,13476.38,Pune,Tablet,177,0,0,4,0.0104,0,6.438119582041009,46382.200000000004,0,0
TX12664,4899.36,E-commerce,8,5,31648.06,702.29,Delhi,Mobile,140,0,0,3,0.1548,0,8.49706395078773,30945.77,0,1
TX10549,598.58,E-commerce,8,5,21564.46,6157.18,Mumbai,Mobile,171,0,0,1,0.0278,0,6.396229410101753,15407.279999999999,0,1
TX13641,1470.39,Wallet,15,0,69747.06,20931.06,Mumbai,Mobile,8,0,0,4,0.0211,0,7.293962811226598,48816.0,0,0
TX14053,2770.48,UPI,9,6,61098.42,47939.02,Kolkata,Laptop,115,0,0,1,0.0453,0,7.927136752524964,13159.400000000001,0,1
TXF20392,104710.91,E-commerce,0,0,82803.27,4963.94,Kolkata,Mobile,25,1,1,11,1.2646,1,11.558968143970842,77839.33,1,0
TX12934,547.64,UPI,20,1,7167.46,2661.59,Mumbai,Tablet,27,0,0,4,0.0764,0,6.30744248871461,4505.87,0,0
TX10605,931.75,Card,13,2,91604.08,12552.36,Jaipur,Desktop,126,0,0,1,0.0102,0,6.838137212101267,79051.72,0,0
TX10896,5412.87,Bank Transfer,15,4,42656.31,46652.95,Mumbai,Mobile,151,0,0,3,0.1269,0,8.596719458064754,-3996.6399999999994,0,0
TX10527,137.99,Bank Transfer,16,2,76286.83,6941.77,Pune,Desktop,77,0,0,3,0.0018,0,4.934401988096667,69345.06,0,0
TXF20107,31658.85,E-commerce,23,6,236646.78,3550.71,Bengaluru,Laptop,27,1,0,5,0.1338,1,10.362804595584235,233096.07,1,1
TX12347,328.58,Bank Transfer,11,6,45605.99,16701.24,Kolkata,Laptop,74,0,0,2,0.0072,0,5.797819116582584,28904.749999999996,0,1
TX13439,3033.64,E-commerce,13,6,22114.9,25559.78,Mumbai,Desktop,13,0,0,3,0.1372,0,8.017848080313172,-3444.8799999999974,0,1
TXF20498,92686.46,UPI,0,3,104601.79,3706.97,Bengaluru,Mobile,19,1,1,10,0.8861,1,11.436988467322541,100894.81999999999,1,0
TXF20326,9102.4,UPI,17,6,134293.93,552.22,Ahmedabad,Mobile,19,0,1,30,0.0678,1,9.116403249097615,133741.71,0,1
TX13922,1600.79,Bank Transfer,15,5,16712.18,27596.46,Chennai,Desktop,180,0,0,2,0.0958,0,7.378877032893443,-10884.279999999999,0,1
TX10298,1066.36,Bank Transfer,11,0,70062.4,21797.88,Delhi,Desktop,27,0,0,2,0.0152,0,6.972943588961205,48264.51999999999,0,0
TX12119,4512.18,Bank Transfer,9,5,25934.66,28337.84,Delhi,Mobile,179,0,0,1,0.174,0,8.414757283808935,-2403.1800000000003,0,1
TX12536,412.17,UPI,19,5,61755.91,34831.97,Delhi,Mobile,138,0,0,4,0.0067,0,6.023859130543853,26923.940000000002,0,1
TX14203,1908.78,Bank Transfer,11,6,27174.17,11803.75,Mumbai,Laptop,142,0,0,3,0.0702,0,7.554743331160503,15370.419999999998,0,1
TX13254,1339.01,Card,16,0,94282.11,43727.4,Kolkata,Mobile,137,0,0,3,0.0142,0,7.200432355603678,50554.71,0,0
TX13725,1745.51,Bank Transfer,16,4,38568.11,43982.92,Mumbai,Mobile,88,0,0,2,0.0453,0,7.465374789967683,-5414.809999999998,0,0
TX11260,1317.11,Bank Transfer,20,6,71251.47,45023.18,Bengaluru,Mobile,58,0,0,1,0.0185,0,7.183954171367435,26228.29,0,1
TX11558,498.7,Wallet,13,0,4626.57,2731.92,Kolkata,Desktop,107,0,0,2,0.1078,0,6.214007918350159,1894.6499999999996,0,0
TX13269,1351.02,Wallet,17,4,71957.33,5049.81,Mumbai,Mobile,80,0,0,2,0.0188,0,7.2093550493929035,66907.52,0,0
TX14046,835.25,E-commerce,20,0,16089.36,35131.58,Pune,Laptop,164,0,0,3,0.0519,0,6.728927611442439,-19042.22,0,0
TX10756,2699.55,Wallet,13,1,61778.34,18828.96,Mumbai,Tablet,181,0,0,1,0.0437,0,7.901210734951342,42949.38,0,0
TX11010,2247.68,UPI,10,6,73269.86,517.35,Hyderabad,Tablet,132,0,0,1,0.0307,0,7.718098656375575,72752.51,0,1
TX12794,1410.3,Wallet,18,4,24063.9,35898.44,Delhi,Laptop,149,0,0,4,0.0586,0,7.252266544419961,-11834.54,0,0
TX12905,1282.19,Card,11,5,89739.97,10428.62,Mumbai,Desktop,74,0,0,4,0.0143,0,7.157104444064428,79311.35,0,1
TX11870,1043.03,Wallet,15,3,93409.99,27286.75,Mumbai,Desktop,60,0,0,4,0.0112,0,6.950843503661908,66123.24,0,0
TX12229,414.95,Bank Transfer,9,6,32825.81,48199.41,Bengaluru,Mobile,116,0,0,3,0.0126,0,6.030565060729897,-15373.600000000006,0,1
TX11173,2760.37,Wallet,8,2,96049.58,6020.32,Jaipur,Desktop,172,0,0,2,0.0287,0,7.923482212368572,90029.26000000001,0,0
TX11832,1955.23,Wallet,16,0,68716.97,41150.61,Pune,Tablet,29,0,0,4,0.0285,0,7.578774430594029,27566.36,0,0
TX10376,1442.57,Wallet,20,3,78649.29,42254.68,Hyderabad,Mobile,82,0,0,2,0.0183,0,7.274874491172814,36394.60999999999,0,0
TX13853,1210.76,UPI,19,2,40282.92,21345.5,Mumbai,Desktop,43,0,0,4,0.0301,0,7.09982912721877,18937.42,0,0
TX13616,579.43,Card,18,0,92831.5,32870.46,Lucknow,Tablet,12,0,0,2,0.0062,0,6.363769208164925,59961.04,0,0
TX10798,1352.96,UPI,19,0,45017.79,45506.16,Mumbai,Desktop,183,0,0,2,0.0301,0,7.210788910938355,-488.3700000000026,0,0
TX10378,1283.33,E-commerce,14,2,81038.79,24127.97,Ahmedabad,Laptop,112,0,0,1,0.0158,0,7.157992460574457,56910.81999999999,0,0
TX11158,994.1,Bank Transfer,18,5,58891.41,23252.69,Pune,Mobile,148,0,0,1,0.0169,0,6.902843234621116,35638.72,0,1
TX13819,906.07,UPI,18,6,23271.22,3332.13,Delhi,Desktop,127,0,0,3,0.0389,0,6.8102196246453754,19939.09,0,1
TX12792,3293.44,E-commerce,20,2,36062.65,35836.61,Ahmedabad,Desktop,67,0,0,1,0.0913,0,8.09999147801623,226.04000000000087,0,0
TX12240,1730.8,E-commerce,16,2,6269.08,45695.0,Delhi,Desktop,188,0,0,4,0.2761,0,7.4569166090137005,-39425.92,0,0
TX14035,1304.96,Wallet,11,4,64299.27,42032.78,Delhi,Mobile,196,0,0,2,0.0203,0,7.17469368149597,22266.489999999998,0,0
TX12662,2304.16,Card,14,3,34211.7,4438.28,Bengaluru,Desktop,37,0,0,1,0.0674,0,7.742905367338389,29773.42,0,0
TX14012,1176.01,UPI,16,6,12117.46,1215.1,Pune,Tablet,70,0,0,4,0.0971,0,7.070732603400905,10902.359999999999,0,1
TX12957,57.36,UPI,10,3,38007.92,33645.92,Lucknow,Mobile,122,0,0,1,0.0015,0,4.066630723654585,4362.0,0,0
TX13927,388.84,Bank Transfer,8,2,20026.98,13609.07,Bengaluru,Desktop,146,0,0,3,0.0194,0,5.965736398535251,6417.91,0,0
TX11038,1596.25,Wallet,16,6,8788.21,4836.41,Pune,Mobile,45,0,0,3,0.1816,0,7.376038679482453,3951.7999999999993,0,1
TX13259,2963.99,UPI,8,4,58694.71,37148.63,Chennai,Desktop,138,0,0,4,0.0505,0,7.994628938744857,21546.08,0,0
TX11344,762.32,E-commerce,19,0,18166.08,6434.53,Mumbai,Tablet,42,0,0,4,0.042,0,6.637677340478713,11731.550000000003,0,0
TX12505,1648.71,UPI,19,6,42177.03,39186.18,Hyderabad,Laptop,198,0,0,4,0.0391,0,7.408354793871696,2990.8499999999985,0,1
TX11721,184.13,Card,16,6,82399.44,12308.29,Jaipur,Mobile,10,0,0,1,0.0022,0,5.221058281001085,70091.15,0,1
TXF20163,26854.02,Wallet,0,2,36547.42,934.0,Pune,Mobile,26,1,0,2,0.7348,1,10.198208047079554,35613.42,1,0
TX10175,1873.83,Wallet,16,1,15114.39,7679.94,Bengaluru,Mobile,184,0,0,1,0.124,0,7.536273267627374,7434.45,0,0
TXF20393,53494.06,Card,1,6,26747.03,1601.81,Mumbai,Mobile,25,1,1,7,2.0,1,10.887344592172228,25145.219999999998,1,1
TX11909,3084.66,Card,13,5,95104.02,4832.97,Kolkata,Laptop,36,0,0,4,0.0324,0,8.0345208518696,90271.05,0,1
TX10045,2001.29,Bank Transfer,18,0,39095.71,31652.06,Bengaluru,Mobile,18,0,0,1,0.0512,0,7.602046804529528,7443.649999999998,0,0
TX13409,431.93,Card,17,5,31769.96,45009.17,Delhi,Mobile,129,0,0,2,0.0136,0,6.070576052116096,-13239.21,0,1
TXF20174,47647.43,E-commerce,11,5,84725.86,3459.96,Mumbai,Desktop,2,0,1,5,0.5624,1,10.771604959956111,81265.9,0,1
TX11075,603.49,Wallet,10,1,23925.38,23508.45,Chennai,Mobile,173,0,0,4,0.0252,0,6.404385127320829,416.9300000000003,0,0
TX12829,915.39,Card,15,1,48771.64,6216.9,Kolkata,Mobile,116,0,0,1,0.0188,0,6.820442038254415,42554.74,0,0
TX11504,455.82,UPI,9,4,76558.27,17007.29,Pune,Mobile,132,0,0,1,0.006,0,6.124289440220488,59550.98,0,0
TX12309,1514.17,UPI,9,4,80318.26,2913.45,Delhi,Mobile,53,0,0,3,0.0189,0,7.323282922869383,77404.81,0,0
TX11436,1539.56,UPI,10,3,38768.61,17923.9,Pune,Mobile,144,0,0,1,0.0397,0,7.3399012656716325,20844.71,0,0
TX12418,6860.45,UPI,10,4,72411.35,19413.8,Lucknow,Mobile,32,0,0,3,0.0947,0,8.833674068646776,52997.55,0,0
TX13986,1190.94,E-commerce,17,6,55155.76,22262.8,Bengaluru,Desktop,10,0,0,2,0.0216,0,7.083337510787948,32892.96000000001,0,1
TX13098,793.27,E-commerce,10,4,59910.58,36068.73,Ahmedabad,Desktop,51,0,0,4,0.0132,0,6.677423453820944,23841.85,0,0
TXF20088,12892.61,Card,0,1,112998.26,4665.47,Lucknow,Mobile,2,1,0,5,0.1141,1,9.464487118786788,108332.79,1,0
TX10283,1448.18,Wallet,18,2,3778.05,45723.51,Pune,Tablet,190,0,0,1,0.3833,0,7.278753158208054,-41945.46,0,0
TXF20418,90212.48,Wallet,3,2,45106.24,1256.87,Pune,Desktop,7,1,1,24,2.0,1,11.409934140561097,43849.369999999995,1,0
TX10842,562.22,Bank Transfer,13,1,14422.57,47900.91,Chennai,Desktop,176,0,0,1,0.039,0,6.333670315576955,-33478.340000000004,0,0
TX11513,238.32,Card,13,2,79734.87,47055.52,Bengaluru,Mobile,37,0,0,1,0.003,0,5.477801568521831,32679.35,0,0
TX11168,1017.49,Wallet,20,1,36423.99,18191.73,Jaipur,Mobile,86,0,0,4,0.0279,0,6.926076417258327,18232.26,0,0
TX11592,1765.86,Card,14,3,75751.19,3283.35,Delhi,Mobile,150,0,0,4,0.0233,0,7.476959238846908,72467.84,0,0
TX13460,459.34,Card,12,5,67061.6,10781.22,Mumbai,Mobile,158,0,0,4,0.0068,0,6.131965346895548,56280.380000000005,0,1
TX13165,4750.71,UPI,16,4,75457.49,9621.39,Jaipur,Laptop,145,0,0,4,0.063,0,8.466259832244235,65836.1,0,0
TX12284,650.17,Wallet,19,0,64756.83,3849.63,Hyderabad,Mobile,105,0,0,2,0.01,0,6.4787707448310625,60907.200000000004,0,0
TX13575,787.8,Bank Transfer,15,2,4958.68,11068.06,Delhi,Desktop,144,0,0,1,0.1589,0,6.6705128032884256,-6109.379999999999,0,0
TXF20370,121757.95,Card,2,2,60878.97,3158.68,Bengaluru,Laptop,17,1,1,5,2.0,1,11.709798549536648,57720.29,1,0
TX12305,455.21,Bank Transfer,20,2,13401.56,6576.17,Delhi,Desktop,145,0,0,1,0.034,0,6.122953229820477,6825.389999999999,0,0
TX10952,1892.48,E-commerce,14,1,69343.21,4149.34,Ahmedabad,Desktop,112,0,0,4,0.0273,0,7.546171684835578,65193.87000000001,0,0
TXF20442,116348.8,Card,3,3,110300.86,4831.38,Hyderabad,Tablet,10,1,1,16,1.0548,1,11.664356449777522,105469.48,1,0
TX13053,553.31,UPI,8,4,51941.23,22063.41,Bengaluru,Desktop,97,0,0,3,0.0107,0,6.317724097035171,29877.820000000003,0,0
TXF20059,165876.71,E-commerce,11,1,84715.12,2956.71,Mumbai,Mobile,21,1,0,4,1.9581,1,12.01900610910467,81758.40999999999,0,0
TX12685,445.62,Bank Transfer,20,0,2896.87,33601.26,Mumbai,Desktop,114,0,0,3,0.1538,0,6.101708121206741,-30704.390000000003,0,0
TX11489,1611.19,Bank Transfer,18,0,33324.65,31818.7,Delhi,Mobile,41,0,0,1,0.0483,0,7.3853487821258845,1505.9500000000007,0,0
TX10927,523.54,Card,9,1,43085.04,17391.56,Mumbai,Desktop,56,0,0,4,0.0122,0,6.26252168803619,25693.48,0,0
TX11209,4122.96,E-commerce,8,3,6981.88,41763.87,Hyderabad,Mobile,65,0,0,1,0.5905,0,8.324569145768764,-34781.990000000005,0,0
TX13973,2243.84,UPI,20,6,40902.99,47017.69,Pune,Tablet,82,0,0,3,0.0549,0,7.716389528148814,-6114.700000000004,0,1
TX13545,746.97,Card,12,5,65639.35,45879.55,Chennai,Tablet,56,0,0,4,0.0114,0,6.6173628702183,19759.800000000003,0,1
TX14361,892.32,Bank Transfer,11,0,73996.16,10550.48,Mumbai,Laptop,107,0,0,1,0.0121,0,6.794944859352274,63445.68000000001,0,0
TX11921,377.03,Wallet,11,4,83150.38,28176.51,Pune,Laptop,72,0,0,3,0.0045,0,5.934973557549712,54973.87000000001,0,0
TX10351,1233.2,UPI,11,4,17728.81,40916.55,Hyderabad,Laptop,199,0,0,1,0.0696,0,7.118178265886966,-23187.74,0,0
TXF20398,139743.45,E-commerce,3,1,69871.73,3143.42,Jaipur,Mobile,2,1,1,11,2.0,1,11.847570676454135,66728.31,1,0
TX13393,905.59,UPI,17,6,39376.88,30940.07,Hyderabad,Laptop,103,0,0,1,0.023,0,6.8096903082231055,8436.809999999998,0,1
TX12721,640.74,UPI,9,0,59360.35,22201.41,Hyderabad,Laptop,62,0,0,3,0.0108,0,6.464183237237946,37158.94,0,0
TXF20481,114128.17,E-commerce,4,3,65650.6,4226.68,Mumbai,Tablet,30,1,1,10,1.7384,1,11.645086156112544,61423.920000000006,1,0
TX10718,2381.69,UPI,8,4,71784.73,21553.56,Delhi,Mobile,117,0,0,1,0.0332,0,7.775985380512335,50231.17,0,0
TX12702,261.03,Card,16,3,58177.84,17179.05,Kolkata,Tablet,158,0,0,1,0.0045,0,5.568459001022829,40998.78999999999,0,0
TX12722,1077.13,E-commerce,20,0,82215.2,34516.11,Delhi,Mobile,156,0,0,3,0.0131,0,6.98298333789013,47699.09,0,0
TXF20061,92453.83,Bank Transfer,8,4,150443.75,4387.73,Delhi,Mobile,1,1,0,1,0.6145,1,11.43447547990704,146056.02,0,0
TX10308,461.81,Card,18,3,92939.23,48555.81,Mumbai,Mobile,83,0,0,2,0.005,0,6.137316602691958,44383.42,0,0
TX11675,1969.56,E-commerce,19,6,29015.62,25345.7,Chennai,Desktop,173,0,0,4,0.0679,0,7.5860730452960805,3669.9199999999983,0,1
TX10833,294.55,Wallet,19,2,6550.07,47893.71,Bengaluru,Laptop,34,0,0,1,0.045,0,5.6888380272703785,-41343.64,0,0
TX10366,344.33,Wallet,12,4,17124.9,39761.0,Chennai,Desktop,148,0,0,2,0.0201,0,5.84450048159508,-22636.1,0,0
TXF20006,131291.73,Card,11,4,164560.25,4029.53,Pune,Mobile,4,0,1,2,0.7978,1,11.785184689374855,160530.72,0,0
TX12078,1253.95,UPI,16,1,83929.83,15244.85,Mumbai,Mobile,41,0,0,2,0.0149,0,7.134851010134775,68684.98,0,0
TX14038,1061.92,UPI,17,1,32752.71,33287.36,Kolkata,Desktop,143,0,0,2,0.0324,0,6.968775116808082,-534.6500000000015,0,0
TXF20346,32076.01,Bank Transfer,2,3,16038.0,2710.85,Bengaluru,Laptop,11,1,1,15,2.0,1,10.375894853147864,13327.15,1,0
TX14479,3093.34,Wallet,18,0,40518.95,34905.2,Chennai,Laptop,49,0,0,4,0.0763,0,8.037329915205426,5613.75,0,0
TX11746,193.3,Wallet,8,1,98610.2,14683.22,Pune,Mobile,167,0,0,2,0.002,0,5.269403356383394,83926.98,0,0
TX10019,805.88,Card,13,3,78144.23,10015.91,Pune,Tablet,140,0,0,1,0.0103,0,6.693174958328415,68128.31999999999,0,0
TX11322,639.09,E-commerce,16,1,44904.73,32233.43,Chennai,Desktop,13,0,0,2,0.0142,0,6.461608791466949,12671.300000000003,0,0
TX13567,874.62,Wallet,19,4,3020.06,40758.12,Bengaluru,Tablet,59,0,0,1,0.2896,0,6.774932206867973,-37738.060000000005,0,0
TX12521,745.17,Bank Transfer,19,0,2821.06,27934.73,Pune,Mobile,112,0,0,4,0.2641,0,6.614953456280126,-25113.67,0,0
TX10218,2791.2,E-commerce,19,0,17198.55,39783.84,Chennai,Mobile,117,0,0,1,0.1623,0,7.9345850945545475,-22585.289999999997,0,0
TX11487,1619.78,Card,10,0,93425.68,44384.7,Delhi,Mobile,158,0,0,4,0.0173,0,7.390662793832895,49040.979999999996,0,0
TX10438,1236.86,Bank Transfer,10,4,51205.75,30930.58,Hyderabad,Mobile,12,0,0,3,0.0242,0,7.121139361227909,20275.17,0,0
TX14174,404.54,UPI,14,1,20983.6,3619.66,Pune,Desktop,70,0,0,4,0.0193,0,6.005219512340318,17363.94,0,0
TX12750,620.77,UPI,19,1,12707.1,29864.08,Kolkata,Desktop,84,0,0,3,0.0489,0,6.432570249435962,-17156.980000000003,0,0
TX13288,1582.42,UPI,16,3,38315.63,42633.03,Pune,Tablet,48,0,0,1,0.0413,0,7.367342343704676,-4317.4000000000015,0,0
TX13433,1208.54,E-commerce,14,3,44715.13,33429.89,Chennai,Mobile,16,0,0,2,0.027,0,7.097995401020388,11285.239999999998,0,0
TX12525,1388.22,Wallet,17,4,36702.82,27610.74,Pune,Desktop,38,0,0,4,0.0378,0,7.2364977175414085,9092.079999999998,0,0
TXF20150,25513.87,Wallet,0,2,22119.43,3786.53,Jaipur,Desktop,10,1,0,5,1.1535,1,10.14701669844296,18332.9,1,0
TX13688,885.18,UPI,20,3,13711.3,28265.65,Mumbai,Tablet,68,0,0,3,0.0646,0,6.786920090241708,-14554.350000000002,0,0
TX12763,277.88,E-commerce,10,0,29300.61,18411.2,Mumbai,Tablet,157,0,0,1,0.0095,0,5.630781581771711,10889.41,0,0
TX10802,2373.97,E-commerce,19,0,98995.7,38075.79,Pune,Mobile,145,0,0,4,0.024,0,7.772740084810015,60919.909999999996,0,0
TX12997,1431.65,Bank Transfer,10,3,100041.43,9103.15,Mumbai,Mobile,29,0,0,1,0.0143,0,7.267281155148856,90938.28,0,0
TX12228,766.34,Card,13,1,49509.78,17814.26,Mumbai,Laptop,28,0,0,1,0.0155,0,6.642929988673283,31695.52,0,0
TXF20285,10144.43,Wallet,17,5,123239.97,119.98,Mumbai,Tablet,19,1,0,27,0.0823,1,9.224778636773213,123119.99,0,1
TX12077,188.48,Wallet,19,4,73247.88,43749.88,Delhi,Desktop,20,0,0,4,0.0026,0,5.244283478055551,29498.000000000007,0,0
TX10582,698.27,E-commerce,15,5,58906.66,28118.08,Jaipur,Mobile,132,0,0,1,0.0119,0,6.5500369337466875,30788.58,0,1
TX10203,1053.43,Wallet,9,2,98015.74,43288.81,Pune,Tablet,156,0,0,1,0.0107,0,6.96075561554379,54726.93000000001,0,0
TX14346,1832.62,UPI,15,4,41017.73,6043.09,Lucknow,Mobile,157,0,0,1,0.0447,0,7.514047433965297,34974.64,0,0
TX13478,820.04,E-commerce,12,4,12318.91,46112.42,Jaipur,Mobile,78,0,0,3,0.0666,0,6.710571829337459,-33793.509999999995,0,0
TX12929,3227.0,Wallet,10,3,14365.53,25287.24,Mumbai,Desktop,39,0,0,1,0.2246,0,8.07961802938984,-10921.710000000001,0,0
TX13085,3255.61,UPI,19,6,55986.55,23908.78,Chennai,Desktop,54,0,0,2,0.0581,0,8.088442056012624,32077.770000000004,0,1
TX11018,1390.28,E-commerce,12,4,92259.01,37959.89,Lucknow,Desktop,95,0,0,3,0.0151,0,7.2379794656995875,54299.119999999995,0,0
TX11583,1200.52,Bank Transfer,15,0,16422.37,49234.26,Delhi,Laptop,132,0,0,2,0.0731,0,7.091342700897325,-32811.89,0,0
TX11032,628.03,E-commerce,8,6,9922.33,34977.55,Kolkata,Desktop,59,0,0,4,0.0633,0,6.444178950316659,-25055.22,0,1
TX11718,1451.42,Bank Transfer,19,2,5911.23,29924.35,Chennai,Desktop,172,0,0,1,0.2455,0,7.28098640975658,-24013.12,0,0
TX11281,517.84,Card,9,2,70013.34,35060.51,Delhi,Mobile,43,0,0,4,0.0074,0,6.251595550472472,34952.829999999994,0,0
TX12498,772.64,UPI,18,4,40699.25,48194.5,Delhi,Mobile,144,0,0,4,0.019,0,6.651106649110529,-7495.25,0,0
TX13350,835.79,Card,17,1,22120.23,38779.79,Bengaluru,Mobile,85,0,0,4,0.0378,0,6.729573142952447,-16659.56,0,0
TX10517,977.24,E-commerce,12,4,63126.24,32545.03,Bengaluru,Tablet,139,0,0,1,0.0155,0,6.885755038702469,30581.21,0,0
TX11747,421.85,Card,18,0,30256.17,17791.96,Delhi,Tablet,114,0,0,3,0.0139,0,6.047017506228231,12464.21,0,0
TXF20152,10901.99,UPI,2,0,76233.9,3221.44,Bengaluru,Desktop,14,1,0,2,0.143,1,9.296792342527203,73012.45999999999,1,0
TX13732,1214.81,UPI,16,2,32678.46,22539.02,Mumbai,Mobile,164,0,0,3,0.0372,0,7.103165800317809,10139.439999999999,0,0
TX10668,1653.23,Card,8,2,77172.44,40264.85,Hyderabad,Laptop,27,0,0,3,0.0214,0,7.411090922748055,36907.590000000004,0,0
TX14059,1789.58,UPI,16,6,89756.25,20285.37,Kolkata,Laptop,76,0,0,3,0.0199,0,7.490294868697266,69470.88,0,1
TX13026,1047.05,Wallet,8,3,9360.51,28070.91,Mumbai,Desktop,106,0,0,4,0.1119,0,6.954686573666569,-18710.4,0,0
TXF20432,161475.75,UPI,3,1,102759.79,4133.43,Pune,Laptop,20,1,1,20,1.5714,1,11.992116448432906,98626.35999999999,1,0
TX13286,2454.91,E-commerce,17,4,71983.82,19791.99,Delhi,Desktop,5,0,0,4,0.0341,0,7.80625264364445,52191.83,0,0
TX12650,549.39,UPI,10,3,72550.46,10765.46,Pune,Mobile,171,0,0,1,0.0076,0,6.310627117849432,61785.00000000001,0,0
TX14453,3425.9,E-commerce,10,3,56894.84,42632.54,Bengaluru,Desktop,55,0,0,3,0.0602,0,8.13941134140801,14262.299999999996,0,0
TX13192,797.31,Card,15,5,98108.56,7740.36,Bengaluru,Laptop,135,0,0,4,0.0081,0,6.682496993192361,90368.2,0,1
TX12124,2623.19,UPI,13,2,52669.07,15570.7,Pune,Mobile,47,0,0,4,0.0498,0,7.872527555979193,37098.369999999995,0,0
TX13375,1288.7,Card,9,1,71715.6,2196.09,Bengaluru,Mobile,57,0,0,2,0.018,0,7.162164912170345,69519.51000000001,0,0
TX13392,1294.28,Bank Transfer,18,4,100910.73,16544.15,Mumbai,Mobile,5,0,0,4,0.0128,0,7.166482166978497,84366.57999999999,0,0
TX13485,3278.94,Bank Transfer,10,6,77837.16,23401.67,Chennai,Mobile,134,0,0,3,0.0421,0,8.09558040852795,54435.490000000005,0,1
TX10759,3292.99,E-commerce,18,3,61232.25,43292.3,Ahmedabad,Desktop,166,0,0,4,0.0538,0,8.09985487491027,17939.949999999997,0,0
TX13379,685.27,E-commerce,12,1,61731.48,12805.88,Pune,Mobile,11,0,0,4,0.0111,0,6.531271136297062,48925.600000000006,0,0
TX14440,1475.81,E-commerce,18,6,7943.75,24449.09,Chennai,Desktop,135,0,0,3,0.1858,0,7.297639635123279,-16505.34,0,1
TX12526,539.78,Card,12,2,59678.28,26304.53,Delhi,Desktop,147,0,0,3,0.009,0,6.293012541796373,33373.75,0,0
TXF20358,96942.46,Bank Transfer,3,5,145972.82,4879.16,Chennai,Desktop,9,1,1,7,0.6641,1,11.481883200943146,141093.66,1,1
TX10907,824.17,E-commerce,18,5,55693.99,48355.06,Bengaluru,Desktop,142,0,0,2,0.0148,0,6.715589425713171,7338.93,0,1
TX12683,1571.62,Card,16,4,97376.23,42745.41,Delhi,Mobile,136,0,0,2,0.0161,0,7.3604982972687365,54630.81999999999,0,0
TX10214,151.82,E-commerce,18,5,35364.21,46483.5,Delhi,Mobile,51,0,0,2,0.0043,0,5.02926075821942,-11119.29,0,1
TX13331,1548.14,UPI,15,2,60277.56,14116.08,Jaipur,Mobile,6,0,0,1,0.0257,0,7.34545521722366,46161.479999999996,0,0
TX14458,571.89,Wallet,18,0,74091.36,49738.21,Kolkata,Tablet,123,0,0,2,0.0077,0,6.350693726208953,24353.15,0,0
TX10693,1026.09,E-commerce,18,3,22121.85,25876.97,Hyderabad,Tablet,81,0,0,3,0.0464,0,6.9344848399740355,-3755.1200000000026,0,0
TX11503,4117.06,E-commerce,12,1,57805.7,9853.35,Ahmedabad,Laptop,30,0,0,1,0.0712,0,8.32313745766129,47952.35,0,0
TX12414,349.09,E-commerce,11,4,14418.01,9914.76,Mumbai,Desktop,131,0,0,2,0.0242,0,5.858190264285044,4503.25,0,0
TX12118,372.48,Card,20,4,93846.35,2518.37,Pune,Mobile,58,0,0,4,0.004,0,5.922864455615725,91327.98000000001,0,0
TX13858,538.14,E-commerce,11,2,91519.49,32497.21,Ahmedabad,Laptop,104,0,0,3,0.0059,0,6.2899752774420765,59022.280000000006,0,0
TX12462,2358.65,UPI,14,4,52396.63,42106.25,Pune,Mobile,80,0,0,1,0.045,0,7.7662685819366235,10290.379999999997,0,0
TX13635,3192.17,Bank Transfer,18,5,52507.83,10912.66,Pune,Mobile,96,0,0,1,0.0608,0,8.068769432763212,41595.17,0,1
TX14105,424.65,Card,10,6,29879.48,26079.06,Delhi,Mobile,31,0,0,1,0.0142,0,6.053617412330066,3800.4199999999983,0,1
TX14478,1272.67,Card,17,3,23507.28,27166.27,Hyderabad,Laptop,40,0,0,2,0.0541,0,7.149657775891304,-3658.9900000000016,0,0
TX10196,478.28,Bank Transfer,17,3,29213.98,18217.81,Mumbai,Tablet,67,0,0,4,0.0164,0,6.17228497777567,10996.169999999998,0,0
TXF20167,13811.06,Bank Transfer,23,5,188692.6,1157.18,Pune,Mobile,16,1,0,5,0.0732,1,9.5332974025491,187535.42,1,1
TX11543,454.04,Wallet,10,5,73353.34,46137.93,Mumbai,Desktop,140,0,0,1,0.0062,0,6.120385327174821,27215.409999999996,0,1
TX11330,6754.39,Bank Transfer,12,2,29192.91,31319.97,Mumbai,Mobile,194,0,0,2,0.2314,0,8.8180959837388,-2127.0600000000013,0,0
TX10879,1285.83,Card,10,4,34838.84,34711.54,Kolkata,Tablet,110,0,0,4,0.0369,0,7.159937108739367,127.29999999999563,0,0
TXF20002,142441.56,Wallet,10,2,240643.13,2899.16,Bengaluru,Desktop,22,1,1,1,0.5919,1,11.86669410970985,237743.97,0,0
TX13501,1911.68,Card,17,1,12382.71,33718.21,Delhi,Mobile,65,0,0,2,0.1544,0,7.556260678918962,-21335.5,0,0
TX13894,641.1,Card,19,1,63676.4,8715.56,Delhi,Desktop,168,0,0,2,0.0101,0,6.464744054800002,54960.840000000004,0,0
TXF20490,101361.51,Bank Transfer,1,0,75157.14,144.32,Hyderabad,Mobile,1,1,1,18,1.3487,1,11.526458577908622,75012.81999999999,1,0
TX10887,437.45,Card,13,5,42989.06,15216.25,Delhi,Mobile,7,0,0,1,0.0102,0,6.083245780225365,27772.809999999998,0,1
TX11345,920.65,Card,18,4,13687.39,25976.23,Ahmedabad,Mobile,126,0,0,2,0.0673,0,6.826165541942182,-12288.84,0,0
TX10068,1108.1,UPI,10,3,59010.04,24676.63,Kolkata,Laptop,32,0,0,4,0.0188,0,7.011304154610696,34333.41,0,0
TX14210,1902.59,Card,20,6,89895.27,46890.34,Lucknow,Mobile,94,0,0,3,0.0212,0,7.551496856028702,43004.93000000001,0,1
TX11815,471.5,Wallet,12,6,78265.23,33703.64,Hyderabad,Mobile,192,0,0,4,0.006,0,6.158037746933798,44561.59,0,1
TX10568,2003.54,E-commerce,13,1,65814.53,38079.96,Hyderabad,Desktop,115,0,0,2,0.0304,0,7.603169886984484,27734.57,0,0
TX12167,715.89,UPI,16,6,37538.12,21678.61,Delhi,Tablet,166,0,0,1,0.0191,0,6.5749224118146845,15859.510000000002,0,1
TX10096,4502.39,Bank Transfer,17,5,70692.03,14068.7,Pune,Desktop,53,0,0,1,0.0637,0,8.412585725478618,56623.33,0,1
TX14181,745.23,Card,13,6,85190.23,25663.01,Bengaluru,Desktop,81,0,0,1,0.0087,0,6.615033863677651,59527.22,0,1
TX13353,2744.05,Bank Transfer,14,1,37023.69,34039.91,Bengaluru,Desktop,110,0,0,1,0.0741,0,7.917554568713989,2983.779999999999,0,0
TX10139,565.79,E-commerce,16,2,96801.96,18806.04,Mumbai,Desktop,78,0,0,2,0.0058,0,6.3399888647533365,77995.92000000001,0,0
TXF20454,136004.98,E-commerce,3,5,68002.49,2046.71,Mumbai,Mobile,1,1,1,17,2.0,1,11.820454134339746,65955.78,1,1
TX12602,2318.89,Bank Transfer,12,3,11921.44,25742.4,Mumbai,Mobile,34,0,0,2,0.1945,0,7.749275049743183,-13820.960000000001,0,0
TX14023,1187.96,Card,12,1,41057.12,9511.09,Delhi,Desktop,170,0,0,2,0.0289,0,7.080834254409159,31546.030000000002,0,0
TXF20272,16511.03,Wallet,14,6,20394.14,705.25,Pune,Laptop,15,1,0,24,0.8096,1,9.711844485140103,19688.89,0,1
TX11606,1003.6,UPI,18,4,98917.27,21094.75,Bengaluru,Desktop,52,0,0,2,0.0101,0,6.912344731315945,77822.52,0,0
TX11629,313.4,Card,9,4,51454.82,22695.96,Mumbai,Desktop,10,0,0,2,0.0061,0,5.7506660605550515,28758.86,0,0
TX11539,4975.86,UPI,17,5,98027.3,26426.64,Pune,Desktop,179,0,0,4,0.0508,0,8.512554449067697,71600.66,0,1
TX11694,720.18,Bank Transfer,9,1,64797.0,4164.22,Bengaluru,Mobile,48,0,0,3,0.0111,0,6.580888759386122,60632.78,0,0
TX12059,501.2,E-commerce,8,4,83345.53,21440.69,Delhi,Mobile,26,0,0,3,0.006,0,6.218998446723485,61904.84,0,0
TX10463,3339.59,UPI,14,6,75096.58,13703.94,Pune,Mobile,24,0,0,1,0.0445,0,8.11390271707714,61392.64,0,1
TX12330,5394.29,Card,17,5,47430.39,36560.88,Mumbai,Mobile,171,0,0,1,0.1137,0,8.593281629723009,10869.510000000002,0,1
TX13043,437.13,Bank Transfer,18,4,85009.69,112.02,Bengaluru,Mobile,132,0,0,3,0.0051,0,6.082515669991923,84897.67,0,0
TXF20234,22595.41,Card,19,3,60704.9,3645.52,Jaipur,Laptop,27,1,1,4,0.3722,1,10.025546323084928,57059.380000000005,0,0
TX10594,4952.61,E-commerce,17,4,23808.0,18175.55,Kolkata,Desktop,148,0,0,4,0.208,0,8.507871882687166,5632.450000000001,0,0
TX13814,761.83,E-commerce,9,2,56119.22,30309.48,Ahmedabad,Mobile,172,0,0,1,0.0136,0,6.637035201741581,25809.74,0,0
TX10625,578.62,E-commerce,15,6,76375.39,26017.35,Hyderabad,Desktop,44,0,0,3,0.0076,0,6.362372716407435,50358.04,0,1
TX10450,3926.89,Wallet,8,4,43088.42,22489.81,Kolkata,Desktop,31,0,0,2,0.0911,0,8.275857665008916,20598.609999999997,0,0
TX11499,1760.02,Bank Transfer,17,4,16902.76,14969.06,Chennai,Mobile,83,0,0,1,0.1041,0,7.473648465615132,1933.699999999999,0,0
TX12456,2361.5,E-commerce,16,5,12389.04,46136.36,Delhi,Laptop,35,0,0,3,0.1906,0,7.767475659367898,-33747.32,0,1
TXF20222,44293.62,Card,14,3,30655.16,3919.58,Bengaluru,Mobile,29,0,1,5,1.4449,1,10.698618503962964,26735.58,0,0
TX12984,735.17,UPI,12,1,19758.59,6370.49,Mumbai,Desktop,140,0,0,3,0.0372,0,6.601461070318374,13388.1,0,0
TX11569,2357.51,Card,8,5,8451.83,24333.15,Bengaluru,Desktop,127,0,0,3,0.2789,0,7.765785342698368,-15881.320000000002,0,1
TX11034,1450.58,Wallet,11,6,5829.02,33375.68,Mumbai,Mobile,180,0,0,3,0.2489,0,7.280407897343751,-27546.66,0,1
TX13518,305.49,Wallet,8,5,56290.91,28880.37,Mumbai,Desktop,96,0,0,4,0.0054,0,5.725185128416607,27410.540000000005,0,1
TX11557,1820.13,Wallet,12,1,78810.47,3191.13,Hyderabad,Tablet,32,0,0,2,0.0231,0,7.507212466526023,75619.34,0,0
TX13624,1428.95,Bank Transfer,10,1,99641.94,3245.38,Delhi,Mobile,75,0,0,3,0.0143,0,7.265394757607697,96396.56,0,0
TXF20164,27964.51,UPI,0,0,113482.02,202.6,Jaipur,Laptop,11,1,0,3,0.2464,1,10.23872724417146,113279.42,1,0
TX10150,2345.7,E-commerce,18,1,70976.45,8214.59,Delhi,Tablet,173,0,0,2,0.033,0,7.760765364928549,62761.86,0,0
TX11420,2847.48,Card,9,4,78154.08,40616.12,Mumbai,Mobile,15,0,0,2,0.0364,0,7.954540797656552,37537.96,0,0
TX12011,4633.85,UPI,8,1,61063.88,392.65,Delhi,Desktop,151,0,0,2,0.0759,0,8.441359115016732,60671.229999999996,0,0
TX12686,2338.92,Bank Transfer,18,6,19195.99,40225.05,Hyderabad,Mobile,42,0,0,2,0.1218,0,7.757872019733135,-21029.06,0,1
TX11786,1536.75,UPI,10,2,90253.0,20606.03,Bengaluru,Desktop,156,0,0,4,0.017,0,7.338075588088477,69646.97,0,0
TX10088,1154.5,UPI,19,0,78268.86,10869.47,Pune,Tablet,67,0,0,1,0.0148,0,7.0522884297144355,67399.39,0,0
TX10457,7721.79,Wallet,10,6,89113.87,35934.34,Delhi,Mobile,96,0,0,2,0.0867,0,8.951930976693676,53179.53,0,1
TX11305,5232.31,Bank Transfer,17,2,86697.78,47031.15,Chennai,Mobile,58,0,0,4,0.0604,0,8.562799244059624,39666.63,0,0
TX12925,771.07,E-commerce,13,6,35893.95,23506.11,Bengaluru,Mobile,91,0,0,4,0.0215,0,6.649075219489306,12387.839999999997,0,1
TX13270,1041.26,UPI,16,1,21898.32,9157.25,Delhi,Tablet,108,0,0,2,0.0475,0,6.949146711341887,12741.07,0,0
TX13227,1482.98,Bank Transfer,10,5,43052.91,38235.86,Hyderabad,Mobile,39,0,0,2,0.0344,0,7.30248294654756,4817.050000000003,0,1
TX11988,892.39,Wallet,11,6,23459.45,39045.51,Delhi,Desktop,82,0,0,3,0.038,0,6.795023215660836,-15586.060000000001,0,1
TX13754,482.12,Card,10,5,74692.65,30113.41,Delhi,Mobile,200,0,0,2,0.0065,0,6.1802650699996455,44579.23999999999,0,1
TX13646,1825.35,UPI,14,4,84216.67,11623.92,Mumbai,Mobile,133,0,0,4,0.0217,0,7.510074718581541,72592.75,0,0
TX10831,3611.54,Wallet,16,4,10648.18,11488.94,Ahmedabad,Mobile,92,0,0,4,0.3392,0,8.192166405023746,-840.7600000000002,0,0
TX10239,3629.45,Bank Transfer,16,1,19387.91,29352.87,Mumbai,Desktop,78,0,0,3,0.1872,0,8.197111886517778,-9964.96,0,0
TXF20181,39857.54,UPI,15,5,42816.86,2571.36,Ahmedabad,Desktop,24,1,1,3,0.9309,1,10.593091964897262,40245.5,0,1
TX13022,2520.08,E-commerce,17,3,14502.37,20399.78,Kolkata,Mobile,123,0,0,2,0.1738,0,7.832442660123537,-5897.409999999998,0,0
TX13148,1009.52,E-commerce,17,4,94563.69,687.08,Kolkata,Mobile,147,0,0,4,0.0107,0,6.918220328829901,93876.61,0,0
TX11946,203.61,E-commerce,12,1,94732.81,33713.13,Hyderabad,Mobile,192,0,0,1,0.0021,0,5.321105728178468,61019.68,0,0
TX12775,1058.19,E-commerce,13,4,96394.09,25885.13,Hyderabad,Desktop,64,0,0,1,0.011,0,6.965259744050563,70508.95999999999,0,0
TX10192,653.76,Bank Transfer,12,2,13070.09,44537.31,Mumbai,Desktop,115,0,0,2,0.05,0,6.484268756276154,-31467.219999999998,0,0
TXF20349,136068.22,Bank Transfer,4,4,160665.69,4127.07,Hyderabad,Mobile,5,1,1,12,0.8469,1,11.820919005824827,156538.62,1,0
TXF20439,73297.28,Wallet,23,5,56701.2,4078.11,Jaipur,Mobile,29,1,1,14,1.2927,1,11.20229242238797,52623.09,1,1
TX10944,1076.16,Wallet,8,1,10792.4,37444.38,Delhi,Desktop,98,0,0,3,0.0997,0,6.982083226939408,-26651.979999999996,0,0
TX11268,1319.7,UPI,12,2,12111.39,20161.16,Pune,Mobile,101,0,0,2,0.109,0,7.185917178049759,-8049.77,0,0
TX14231,368.95,Card,18,4,46992.4,36900.73,Delhi,Mobile,101,0,0,1,0.0079,0,5.91336786137156,10091.669999999998,0,0
TX12307,1170.97,Bank Transfer,20,1,62036.56,46529.39,Jaipur,Mobile,120,0,0,3,0.0189,0,7.0664413725397175,15507.169999999998,0,0
TX14424,1205.54,Card,12,2,3059.18,20653.73,Chennai,Desktop,33,0,0,1,0.3941,0,7.095512038266031,-17594.55,0,0
TXF20211,20685.65,Card,16,1,44118.55,3990.23,Delhi,Desktop,23,1,1,3,0.4689,1,9.937243843662007,40128.32,0,0
TX12313,6536.77,Wallet,20,5,15459.32,6051.66,Delhi,Mobile,168,0,0,4,0.4228,0,8.785351407711554,9407.66,0,1
TX13214,186.3,UPI,9,0,25711.85,34764.12,Chennai,Desktop,30,0,0,4,0.0072,0,5.2327116094500425,-9052.270000000004,0,0
TX12732,1066.27,Wallet,10,5,52717.3,41476.17,Delhi,Desktop,35,0,0,4,0.0202,0,6.972859265214183,11241.130000000005,0,1
TX11926,649.01,Bank Transfer,15,1,73242.52,15644.46,Mumbai,Desktop,98,0,0,1,0.0089,0,6.476987747386725,57598.060000000005,0,0
TX14227,627.94,Card,8,5,60727.45,12152.99,Lucknow,Mobile,176,0,0,4,0.0103,0,6.444035862643418,48574.46,0,1
TXF20176,45469.54,Wallet,11,2,108241.09,1079.33,Mumbai,Laptop,29,1,1,4,0.4201,1,10.72481992271071,107161.76,0,0
TX10800,1355.99,Bank Transfer,15,6,50990.49,19443.68,Delhi,Desktop,187,0,0,2,0.0266,0,7.213024290610959,31546.809999999998,0,1
TX13671,610.43,E-commerce,19,6,43771.2,43503.64,Ahmedabad,Mobile,59,0,0,3,0.0139,0,6.415800475966398,267.5599999999977,0,1
TX14193,1376.99,Bank Transfer,13,0,48098.57,37430.7,Pune,Mobile,9,0,0,3,0.0286,0,7.228381194653223,10667.870000000003,0,0
TX12968,209.62,Card,8,5,51286.63,1296.37,Mumbai,Mobile,179,0,0,4,0.0041,0,5.350055561952451,49990.259999999995,0,1
TXF20293,10255.16,Card,13,1,184430.26,186.76,Chennai,Mobile,7,0,0,24,0.0556,1,9.235633779662788,184243.5,0,0
TX14368,617.21,Card,8,0,77536.44,730.87,Hyderabad,Mobile,70,0,0,1,0.008,0,6.42682820556201,76805.57,0,0
TX12776,1280.18,Bank Transfer,8,4,5838.29,15818.91,Jaipur,Desktop,82,0,0,1,0.2193,0,7.155536807247878,-9980.619999999999,0,0
TX12970,245.08,Wallet,18,5,29154.82,14972.32,Delhi,Desktop,51,0,0,4,0.0084,0,5.50565668631728,14182.5,0,1
TX13867,1777.61,UPI,8,0,42478.59,33949.7,Mumbai,Mobile,18,0,0,2,0.0418,0,7.483587439349374,8528.89,0,0
TX11743,690.67,Bank Transfer,15,1,15778.82,32331.8,Ahmedabad,Desktop,39,0,0,2,0.0438,0,6.539108963262184,-16552.98,0,0
TX13948,3081.51,UPI,9,5,81819.31,44516.26,Delhi,Mobile,179,0,0,1,0.0377,0,8.033499479153269,37303.049999999996,0,1
TX13802,2117.64,E-commerce,12,1,100721.85,2547.77,Hyderabad,Laptop,41,0,0,2,0.021,0,7.658529652376876,98174.08,0,0
TX12024,1384.05,Wallet,20,0,21751.19,18626.42,Chennai,Laptop,27,0,0,4,0.0636,0,7.233491519052843,3124.7700000000004,0,0
TX12274,1460.71,UPI,17,6,44167.12,22389.77,Mumbai,Mobile,30,0,0,1,0.0331,0,7.2873622622209595,21777.350000000002,0,1
TX10099,2504.82,Wallet,17,5,38424.1,37916.52,Pune,Mobile,195,0,0,3,0.0652,0,7.82637130526256,507.58000000000175,0,1
TXF20421,108998.92,Bank Transfer,3,5,168879.27,2151.96,Kolkata,Tablet,1,1,1,22,0.6454,1,11.599102427266057,166727.31,1,1
TX13407,2734.67,Wallet,19,2,80412.31,14478.66,Mumbai,Mobile,37,0,0,2,0.034,0,7.914131657432896,65933.65,0,0
TX14245,1220.24,Card,15,0,66851.43,5264.53,Hyderabad,Mobile,128,0,0,4,0.0183,0,7.107622014991841,61586.899999999994,0,0
TXF20119,18254.72,E-commerce,3,4,36433.65,1242.75,Mumbai,Laptop,30,1,0,4,0.501,1,9.812233734560925,35190.9,1,0
TXF20416,91947.97,UPI,23,5,63253.27,2632.49,Mumbai,Mobile,15,1,1,14,1.4536,1,11.428989028229651,60620.78,1,1
TX10191,1290.48,E-commerce,11,3,3787.56,16171.75,Mumbai,Mobile,59,0,0,2,0.3407,0,7.163544126546843,-12384.19,0,0
TXF20196,56930.02,Wallet,16,3,200858.17,1821.84,Lucknow,Tablet,6,1,1,2,0.2834,1,10.94959563852448,199036.33000000002,0,0
TX11784,1697.02,Bank Transfer,19,6,101321.36,23779.22,Kolkata,Mobile,112,0,0,4,0.0167,0,7.437218145364941,77542.14,0,1
TX11532,788.57,UPI,13,1,87818.71,4497.91,Pune,Mobile,150,0,0,3,0.009,0,6.671488493476512,83320.8,0,0
TX12834,2188.01,E-commerce,11,4,51363.06,22568.23,Delhi,Mobile,39,0,0,3,0.0426,0,7.691204665808454,28794.829999999998,0,0
TX14444,688.65,UPI,16,4,42643.52,17746.53,Ahmedabad,Mobile,32,0,0,4,0.0161,0,6.536184222521529,24896.989999999998,0,0
TXF20415,143872.82,Wallet,3,6,71936.41,2646.28,Hyderabad,Mobile,19,1,1,12,2.0,1,11.876691944426693,69290.13,1,1
TX11598,3816.28,UPI,8,3,48551.34,37144.26,Delhi,Laptop,32,0,0,3,0.0786,0,8.247293406093581,11407.079999999994,0,0
TX11779,4705.25,Card,18,0,86879.73,14145.72,Mumbai,Tablet,103,0,0,2,0.0542,0,8.456646691548205,72734.01,0,0
TXF20400,101339.8,Wallet,0,4,131426.77,1212.08,Hyderabad,Mobile,15,1,1,8,0.7711,1,11.526244373216228,130214.68999999999,1,0
TX12574,584.21,Wallet,9,3,96528.14,35811.57,Mumbai,Laptop,15,0,0,1,0.0061,0,6.371970757174951,60716.57,0,0
TX13398,1799.5,Bank Transfer,10,3,78578.46,18172.72,Chennai,Laptop,41,0,0,3,0.0229,0,7.49581968308893,60405.740000000005,0,0
TX13975,1511.09,Card,9,4,98955.69,956.93,Bengaluru,Desktop,65,0,0,4,0.0153,0,7.32124807877753,97998.76000000001,0,0
TX13770,1348.99,Wallet,14,4,21845.91,39524.7,Bengaluru,Tablet,24,0,0,3,0.0618,0,7.207852463997633,-17678.789999999997,0,0
TX10166,1837.76,Card,20,0,72393.7,10726.91,Pune,Tablet,64,0,0,3,0.0254,0,7.516846710378085,61666.78999999999,0,0
TX11751,1356.27,E-commerce,19,5,46918.16,47291.18,Hyderabad,Desktop,48,0,0,1,0.0289,0,7.213230608355754,-373.0199999999968,0,1
TX11479,2097.79,Bank Transfer,13,1,57028.8,4463.58,Bengaluru,Laptop,179,0,0,2,0.0368,0,7.6491162671738,52565.22,0,0
TX11024,1110.42,UPI,15,4,20308.5,3940.89,Lucknow,Mobile,104,0,0,3,0.0547,0,7.013393756005123,16367.61,0,0
TX11788,457.73,UPI,14,4,10266.89,931.91,Lucknow,Laptop,200,0,0,1,0.0446,0,6.12846180168817,9334.98,0,0
TX12264,156.3,Wallet,16,1,59242.92,4552.19,Lucknow,Laptop,18,0,0,3,0.0026,0,5.058154810064233,54690.729999999996,0,0
TX12473,960.96,UPI,17,2,81197.43,19941.99,Delhi,Mobile,113,0,0,2,0.0118,0,6.868972869759652,61255.43999999999,0,0
TX11822,2347.36,Bank Transfer,10,3,17434.89,8067.35,Delhi,Mobile,9,0,0,4,0.1346,0,7.761472491171524,9367.539999999999,0,0
TX11220,1003.72,Card,20,3,35080.42,43547.35,Jaipur,Laptop,164,0,0,4,0.0286,0,6.912464174709871,-8466.93,0,0
TX11666,3667.64,E-commerce,13,1,25159.14,42096.94,Hyderabad,Mobile,187,0,0,3,0.1458,0,8.207576300162684,-16937.800000000003,0,0
TX12960,576.81,Card,18,1,52761.96,28178.17,Pune,Mobile,155,0,0,3,0.0109,0,6.3592450949090225,24583.79,0,0
TX10152,381.39,Bank Transfer,10,4,93687.87,43316.59,Delhi,Mobile,56,0,0,2,0.0041,0,5.946441030207698,50371.28,0,0
TX12534,2571.64,UPI,11,0,28127.2,49053.37,Chennai,Laptop,22,0,0,2,0.0914,0,7.852687887996101,-20926.170000000002,0,0
TXF20188,48802.45,E-commerce,18,1,205423.8,273.7,Ahmedabad,Laptop,2,0,1,1,0.2376,1,10.795556286063654,205150.09999999998,0,0
TX11978,593.78,UPI,12,4,94030.06,38340.93,Kolkata,Desktop,117,0,0,4,0.0063,0,6.388191589272861,55689.13,0,0
TX11469,540.13,UPI,19,1,91528.37,9587.43,Delhi,Laptop,133,0,0,1,0.0059,0,6.293659545728696,81940.94,0,0
TX12807,3805.33,E-commerce,10,6,45020.4,27254.59,Delhi,Laptop,84,0,0,1,0.0845,0,8.244420749299728,17765.81,0,1
TX12512,594.17,Wallet,20,4,25073.3,46812.67,Mumbai,Laptop,104,0,0,2,0.0237,0,6.38884707902279,-21739.37,0,0
TX12943,349.63,Wallet,8,5,17858.65,2290.84,Mumbai,Desktop,161,0,0,3,0.0196,0,5.859731536424839,15567.810000000001,0,1
TX12980,923.68,UPI,11,2,22824.66,13665.85,Delhi,Desktop,15,0,0,1,0.0405,0,6.829447731713376,9158.81,0,0
TXF20322,1692.18,Wallet,9,0,65509.71,2363.32,Mumbai,Laptop,22,0,1,20,0.0258,1,7.4343636966233095,63146.39,0,0
TX13017,1070.4,Bank Transfer,15,2,78298.44,33097.14,Kolkata,Desktop,160,0,0,1,0.0137,0,6.97672148344686,45201.3,0,0
TX11566,3939.58,UPI,12,6,32817.56,31575.44,Pune,Mobile,163,0,0,4,0.12,0,8.279083199579755,1242.119999999999,0,1
TX10031,724.43,Wallet,10,2,30054.7,8144.94,Delhi,Laptop,118,0,0,1,0.0241,0,6.586764582486615,21909.760000000002,0,0
TX10937,1362.66,UPI,20,4,17268.11,47242.34,Bengaluru,Mobile,147,0,0,1,0.0789,0,7.2179275404690895,-29974.229999999996,0,0
TX11215,1064.16,UPI,8,5,98457.3,27255.51,Mumbai,Mobile,34,0,0,2,0.0108,0,6.970880301601201,71201.79000000001,0,1
TX11937,1725.75,Bank Transfer,9,5,5963.59,35887.35,Chennai,Mobile,98,0,0,4,0.2894,0,7.453996307969082,-29923.76,0,1
TX11129,4812.09,Wallet,11,4,11895.53,1055.86,Bengaluru,Mobile,122,0,0,3,0.4045,0,8.47909456848419,10839.67,0,0
TX10309,2546.62,Bank Transfer,18,3,97001.14,23763.29,Hyderabad,Desktop,80,0,0,3,0.0263,0,7.842914868992381,73237.85,0,0
TXF20401,122791.34,Wallet,2,2,251000.85,4793.92,Kolkata,Laptop,24,1,1,8,0.4892,1,11.718249914899438,246206.93,1,0
TX12168,642.58,Bank Transfer,14,1,51259.91,9212.99,Delhi,Laptop,13,0,0,3,0.0125,0,6.467046339433395,42046.920000000006,0,0
TX13113,5780.36,E-commerce,12,1,98280.33,19939.83,Bengaluru,Desktop,21,0,0,4,0.0588,0,8.66239422810675,78340.5,0,0
TX10495,1785.24,E-commerce,14,5,42017.17,7705.56,Kolkata,Mobile,97,0,0,1,0.0425,0,7.487868130907903,34311.61,0,1
TX10205,2006.83,UPI,18,1,94979.74,27882.47,Pune,Desktop,123,0,0,1,0.0211,0,7.604809815873064,67097.27,0,0
TX12673,1346.68,Wallet,10,2,33015.13,37707.94,Bengaluru,Laptop,182,0,0,4,0.0408,0,7.206139874567054,-4692.810000000005,0,0
TX13357,592.09,UPI,16,2,32440.16,26231.25,Delhi,Mobile,182,0,0,1,0.0183,0,6.385346158139397,6208.91,0,0
TX13830,849.01,E-commerce,18,0,47923.37,49319.15,Mumbai,Mobile,107,0,0,2,0.0177,0,6.745248114121041,-1395.7799999999988,0,0
TX10305,2603.53,Wallet,17,5,27945.5,24522.31,Chennai,Desktop,27,0,0,4,0.0932,0,7.865007515644537,3423.1899999999987,0,1
TX13793,1472.62,Card,14,0,61684.95,7897.44,Delhi,Laptop,153,0,0,2,0.0239,0,7.295477237613067,53787.509999999995,0,0
TX12201,640.85,Card,17,4,99813.62,38544.85,Chennai,Desktop,53,0,0,3,0.0064,0,6.464354631530935,61268.77,0,0
TX11061,2171.52,Card,12,6,98283.07,26843.16,Mumbai,Desktop,158,0,0,3,0.0221,0,7.683643063081062,71439.91,0,1
TX10843,5835.01,Wallet,20,1,59036.15,12170.48,Pune,Mobile,183,0,0,4,0.0988,0,8.671802623143607,46865.67,0,0
TX13872,3452.66,Card,14,5,30442.37,30204.25,Pune,Desktop,136,0,0,1,0.1134,0,8.147189817266172,238.11999999999898,0,1
TX12251,634.23,Bank Transfer,19,2,66230.69,26727.48,Mumbai,Desktop,166,0,0,3,0.0096,0,6.453987138036805,39503.21000000001,0,0
TX10211,416.21,E-commerce,12,5,34408.34,6807.29,Kolkata,Mobile,154,0,0,2,0.0121,0,6.033589692158629,27601.049999999996,0,1
TX13997,5700.67,Bank Transfer,13,6,46372.1,43132.78,Bengaluru,Mobile,163,0,0,1,0.1229,0,8.648514393367803,3239.3199999999997,0,1
TX10679,2778.04,E-commerce,11,4,62876.4,5835.16,Delhi,Laptop,179,0,0,2,0.0442,0,7.929860823305702,57041.240000000005,0,0
TX10565,651.26,E-commerce,17,3,51483.6,42051.08,Hyderabad,Mobile,102,0,0,3,0.0126,0,6.480443255443964,9432.519999999997,0,0
TX13290,416.93,Bank Transfer,8,2,78144.04,24371.81,Pune,Laptop,154,0,0,2,0.0053,0,6.035313954386243,53772.229999999996,0,0
TX14354,1016.97,Card,11,4,52239.77,8855.2,Delhi,Mobile,152,0,0,4,0.0195,0,6.925565727128099,43384.56999999999,0,0
TX10680,2392.65,Card,19,4,90351.05,28631.44,Hyderabad,Laptop,57,0,0,2,0.0265,0,7.780574676599419,61719.61,0,0
TX10180,1006.64,Bank Transfer,16,3,22036.84,18277.07,Hyderabad,Mobile,175,0,0,4,0.0457,0,6.915366241983472,3759.7700000000004,0,0
TX14279,605.39,E-commerce,8,6,86876.15,21274.47,Bengaluru,Mobile,120,0,0,3,0.007,0,6.407523343427016,65601.68,0,1
TX12495,571.8,Card,8,2,13701.94,46687.41,Hyderabad,Desktop,189,0,0,3,0.0417,0,6.350536615646436,-32985.47,0,0
TX12316,289.05,E-commerce,11,0,19880.43,3154.71,Delhi,Laptop,100,0,0,3,0.0145,0,5.670053321912073,16725.72,0,0
TX14273,353.03,Card,11,3,79429.37,9843.82,Delhi,Tablet,196,0,0,4,0.0044,0,5.869381655305767,69585.54999999999,0,0
TX10278,1064.11,Bank Transfer,9,0,90572.06,40012.78,Chennai,Mobile,98,0,0,2,0.0117,0,6.97083335919483,50559.28,0,0
TX13683,1366.49,E-commerce,10,3,85884.85,22719.66,Kolkata,Desktop,81,0,0,1,0.0159,0,7.2207322216551395,63165.19,0,0
TXF20262,12507.9,Bank Transfer,20,1,21559.48,3159.91,Chennai,Mobile,24,0,0,29,0.5802,1,9.434195669938642,18399.57,0,0
TX10432,2282.58,Wallet,19,6,48029.2,25828.24,Bengaluru,Mobile,168,0,0,2,0.0475,0,7.733499665950508,22200.959999999995,0,1
TX10289,394.0,E-commerce,10,2,17439.2,36927.88,Delhi,Mobile,189,0,0,3,0.0226,0,5.978885764901122,-19488.679999999997,0,0
TX11027,2501.05,UPI,18,3,71890.76,13276.69,Kolkata,Desktop,78,0,0,3,0.0348,0,7.824865674839969,58614.06999999999,0,0
TX10535,301.61,UPI,13,4,89564.04,47771.2,Delhi,Mobile,83,0,0,4,0.0034,0,5.7124448477348535,41792.84,0,0
TX13631,1404.22,Bank Transfer,10,0,64464.37,31520.67,Delhi,Desktop,58,0,0,3,0.0218,0,7.247949153139802,32943.700000000004,0,0
TX10188,1739.31,Card,8,0,53151.22,26652.46,Chennai,Mobile,25,0,0,3,0.0327,0,7.461818537259343,26498.760000000002,0,0
TX12174,599.99,UPI,15,5,36593.95,29664.9,Bengaluru,Desktop,172,0,0,2,0.0164,0,6.398578295461671,6929.049999999996,0,1
TX13915,708.39,Bank Transfer,10,0,42366.04,47625.79,Bengaluru,Mobile,7,0,0,1,0.0167,0,6.564405445820657,-5259.75,0,0
TX11862,359.11,UPI,17,3,25084.08,22942.45,Pune,Mobile,122,0,0,1,0.0143,0,5.88640954033312,2141.630000000001,0,0
TX10270,1762.49,Bank Transfer,15,2,3556.18,4366.88,Bengaluru,Mobile,17,0,0,3,0.4956,0,7.475050079118493,-810.7000000000003,0,0
TX11728,2751.05,UPI,12,6,4992.12,2545.33,Delhi,Mobile,76,0,0,4,0.5511,0,7.920101367492839,2446.79,0,1
TX14075,514.27,Wallet,11,6,42472.94,37218.88,Hyderabad,Mobile,187,0,0,1,0.0121,0,6.2446910351259275,5254.060000000005,0,1
TX12157,288.03,Wallet,17,1,78793.23,19800.88,Hyderabad,Laptop,62,0,0,4,0.0037,0,5.666530488953312,58992.34999999999,0,0
TX13931,553.52,E-commerce,15,3,88299.9,26422.97,Kolkata,Mobile,56,0,0,2,0.0063,0,6.318102874670175,61876.92999999999,0,0
TX10111,666.37,UPI,10,2,85231.46,1261.27,Mumbai,Mobile,181,0,0,4,0.0078,0,6.503344614752577,83970.19,0,0
TX12384,1000.67,E-commerce,13,4,62578.34,4477.11,Mumbai,Desktop,128,0,0,1,0.016,0,6.909423886082683,58101.229999999996,0,0
TX10220,1503.52,Bank Transfer,16,6,68190.64,26200.96,Jaipur,Tablet,54,0,0,3,0.022,0,7.316229189434718,41989.68,0,1
TX10627,896.16,Bank Transfer,13,2,25156.38,22616.84,Kolkata,Desktop,96,0,0,3,0.0356,0,6.799234218504625,2539.540000000001,0,0
TX11181,212.73,UPI,14,2,81772.49,30630.37,Chennai,Desktop,24,0,0,1,0.0026,0,5.364713536187719,51142.12000000001,0,0
TX13381,1864.74,E-commerce,12,2,39018.0,35680.11,Mumbai,Laptop,64,0,0,3,0.0478,0,7.531413036222244,3337.8899999999994,0,0
TX12422,749.01,Bank Transfer,13,5,32750.95,20067.75,Mumbai,Mobile,84,0,0,1,0.0229,0,6.620086539774801,12683.2,0,1
TX10790,1501.07,Wallet,11,5,29006.3,24885.1,Chennai,Mobile,74,0,0,4,0.0517,0,7.31459943576542,4121.200000000001,0,1
TX14275,2422.25,E-commerce,12,0,14187.7,42151.68,Kolkata,Desktop,184,0,0,4,0.1707,0,7.792864893372717,-27963.98,0,0
TX10461,876.08,Wallet,10,3,29720.93,15433.77,Kolkata,Desktop,145,0,0,2,0.0295,0,6.7765982082803005,14287.16,0,0
TX14402,1199.41,UPI,11,1,81907.54,21946.2,Mumbai,Desktop,79,0,0,2,0.0146,0,7.0904184440879945,59961.34,0,0
TX10551,1711.26,UPI,8,1,6385.41,48427.59,Bengaluru,Mobile,145,0,0,3,0.268,0,7.445569414329612,-42042.17999999999,0,0
TX13129,947.1,Wallet,10,4,3294.89,44443.27,Bengaluru,Desktop,19,0,0,2,0.2874,0,6.854459981923913,-41148.38,0,0
TX11444,2178.54,Card,8,5,53709.58,16110.64,Chennai,Mobile,42,0,0,4,0.0406,0,7.6868691243432545,37598.94,0,1
TX10198,358.22,UPI,20,3,10985.58,7727.67,Bengaluru,Mobile,135,0,0,2,0.0326,0,5.883935014165316,3257.91,0,0
TX12589,1060.85,Wallet,17,4,28431.67,10421.17,Delhi,Mobile,77,0,0,1,0.0373,0,6.967767948888308,18010.5,0,0
TX10402,1666.15,E-commerce,19,1,67707.57,24959.97,Delhi,Mobile,193,0,0,2,0.0246,0,7.418870860706256,42747.600000000006,0,0
TX13959,569.4,Wallet,14,6,2895.09,37808.52,Mumbai,Desktop,17,0,0,3,0.1967,0,6.346337869100086,-34913.42999999999,0,1
TX14189,4291.06,Bank Transfer,15,2,60495.25,12421.13,Mumbai,Desktop,181,0,0,3,0.0709,0,8.364522083149614,48074.12,0,0
TXF20263,2385.45,Wallet,10,4,51593.27,1855.6,Pune,Mobile,18,1,0,20,0.0462,1,7.77756218504273,49737.67,0,0
TX12095,192.03,Wallet,11,4,23254.51,46581.37,Mumbai,Mobile,45,0,0,3,0.0083,0,5.262845617239784,-23326.860000000004,0,0
TX12900,782.83,Bank Transfer,14,5,39112.23,43576.47,Pune,Desktop,77,0,0,4,0.02,0,6.66419216010323,-4464.239999999998,0,1
TX14462,749.65,Wallet,18,6,10106.75,13659.75,Hyderabad,Laptop,190,0,0,4,0.0742,0,6.620939497858314,-3553.0,0,1
TX10650,2148.44,UPI,14,6,12661.87,12069.72,Mumbai,Desktop,134,0,0,4,0.1697,0,7.6729626220785,592.1500000000015,0,1
TX10708,987.32,Card,19,3,9465.23,17803.09,Pune,Desktop,196,0,0,4,0.1043,0,6.896006531947589,-8337.86,0,0
TX11480,398.78,E-commerce,13,3,4860.02,13772.01,Jaipur,Mobile,179,0,0,4,0.0821,0,5.990914395802501,-8911.99,0,0
TX14414,1089.32,Wallet,10,0,55742.58,47829.26,Pune,Tablet,77,0,0,3,0.0195,0,6.994226510119257,7913.32,0,0
TX13065,291.73,UPI,14,3,87396.58,27955.76,Hyderabad,Mobile,101,0,0,2,0.0033,0,5.679250682466869,59440.82000000001,0,0
TX12395,1347.6,UPI,13,2,74197.15,135.77,Chennai,Tablet,139,0,0,2,0.0182,0,7.206822296300482,74061.37999999999,0,0
TX11769,2146.25,UPI,18,3,5444.34,18828.54,Mumbai,Tablet,133,0,0,2,0.3942,0,7.671943232646334,-13384.2,0,0
TX10314,944.36,E-commerce,13,0,55123.74,39557.09,Bengaluru,Desktop,188,0,0,4,0.0171,0,6.85156580733076,15566.650000000001,0,0
TX13761,1386.62,Card,8,2,50747.88,29998.86,Lucknow,Tablet,197,0,0,1,0.0273,0,7.235345328367336,20749.019999999997,0,0
TXF20409,147961.97,UPI,4,2,88229.33,2576.28,Pune,Mobile,12,1,1,8,1.677,1,11.904717318737632,85653.05,1,0
TX10113,2163.93,Bank Transfer,11,0,65243.74,43885.85,Chennai,Desktop,174,0,0,2,0.0332,0,7.680143307350371,21357.89,0,0
TX10960,911.7,Card,15,4,64121.3,12494.34,Pune,Mobile,11,0,0,4,0.0142,0,6.816407239522832,51626.96000000001,0,0
TX12910,677.16,E-commerce,12,0,35850.72,9041.07,Pune,Desktop,150,0,0,3,0.0189,0,6.51938324830015,26809.65,0,0
TX13405,3846.1,Bank Transfer,14,3,41267.04,31747.98,Kolkata,Laptop,144,0,0,2,0.0932,0,8.255074896695708,9519.060000000001,0,0
TX11623,729.7,Wallet,12,6,5146.21,1190.15,Hyderabad,Mobile,194,0,0,2,0.1418,0,6.594002978797172,3956.06,0,1
TX13322,1017.27,UPI,13,1,87945.77,14649.68,Pune,Mobile,174,0,0,4,0.0116,0,6.92586038787749,73296.09,0,0
TXF20499,170518.99,E-commerce,1,6,177361.97,4778.28,Pune,Mobile,30,1,1,19,0.9614,1,12.046607812234997,172583.69,1,1
TX11818,3557.55,Bank Transfer,8,1,72187.7,10682.85,Hyderabad,Desktop,25,0,0,4,0.0493,0,8.177108437504742,61504.85,0,0
TX13194,463.04,UPI,10,3,79937.92,39281.62,Jaipur,Desktop,118,0,0,4,0.0058,0,6.139970755407206,40656.299999999996,0,0
TX13007,1662.2,UPI,17,6,43428.41,46524.52,Bengaluru,Mobile,200,0,0,1,0.0383,0,7.4164987365438035,-3096.1099999999933,0,1
TX13414,2995.77,E-commerce,14,6,28589.19,16305.06,Bengaluru,Desktop,161,0,0,2,0.1048,0,8.00529032096166,12284.13,0,1
TXF20028,142291.01,Bank Transfer,16,5,178725.67,2260.04,Bengaluru,Mobile,24,1,0,1,0.7961,1,11.865636633520504,176465.63,0,1
TX11897,3974.35,UPI,15,5,13471.04,47398.04,Kolkata,Mobile,136,0,0,3,0.295,0,8.287868073526695,-33927.0,0,1
TX11918,1754.27,UPI,19,5,8784.07,27515.65,Mumbai,Tablet,194,0,0,3,0.1997,0,7.4703779702207065,-18731.58,0,1
TX11270,526.88,UPI,11,4,26347.77,743.58,Delhi,Laptop,175,0,0,2,0.02,0,6.268868985148629,25604.19,0,0
TX14176,3882.64,Card,20,3,51270.69,43829.97,Ahmedabad,Desktop,23,0,0,3,0.0757,0,8.264528137164856,7440.720000000001,0,0
TXF20462,129038.47,Wallet,1,1,254022.52,2619.56,Bengaluru,Laptop,13,1,1,20,0.508,1,11.76787360553709,251402.96,1,0
TXF20383,79411.75,Wallet,2,5,39705.88,1693.72,Chennai,Desktop,11,1,1,11,2.0,1,11.282414213688833,38012.159999999996,1,1
TX14094,459.02,Bank Transfer,15,3,5521.3,461.9,Bengaluru,Mobile,191,0,0,3,0.0831,0,6.131269966798858,5059.400000000001,0,0
TX13159,965.07,UPI,8,0,53441.21,460.28,Pune,Mobile,79,0,0,4,0.0181,0,6.873236295355262,52980.93,0,0
TX11813,1128.28,UPI,8,1,30025.98,29331.84,Delhi,Mobile,194,0,0,4,0.0376,0,7.029335540486906,694.1399999999994,0,0
TX12426,1663.38,Bank Transfer,11,0,59576.91,11135.27,Delhi,Mobile,28,0,0,3,0.0279,0,7.417207960694364,48441.64,0,0
TX13950,1096.1,Card,15,3,40158.95,30692.31,Bengaluru,Tablet,41,0,0,1,0.0273,0,7.000425613823445,9466.639999999996,0,0
TX14428,592.0,E-commerce,12,3,77316.96,22320.21,Bengaluru,Mobile,10,0,0,2,0.0077,0,6.385194398997726,54996.75000000001,0,0
TX12142,914.44,Wallet,14,4,93800.96,29028.88,Mumbai,Desktop,124,0,0,4,0.0097,0,6.819404824009459,64772.08,0,0
TX11626,1505.14,E-commerce,10,6,45072.71,26823.57,Bengaluru,Tablet,151,0,0,4,0.0334,0,7.317305365526572,18249.14,0,1
TX10789,503.29,Card,18,3,55977.14,26056.48,Kolkata,Desktop,40,0,0,2,0.009,0,6.223151499419486,29920.66,0,0
TX13786,1285.08,Bank Transfer,9,4,8145.43,35762.9,Kolkata,Laptop,40,0,0,1,0.1578,0,7.1593541112608365,-27617.47,0,0
TX11864,3435.25,Bank Transfer,18,0,37639.18,28230.48,Bengaluru,Mobile,141,0,0,1,0.0913,0,8.142136039479455,9408.7,0,0
TX12865,238.09,Wallet,19,6,84659.16,38110.96,Chennai,Mobile,189,0,0,3,0.0028,0,5.476840050084842,46548.200000000004,0,1
TX10871,1898.95,E-commerce,18,6,45842.06,29046.43,Delhi,Mobile,92,0,0,1,0.0414,0,7.549582849018791,16795.629999999997,0,1
TX13271,1181.27,UPI,13,5,3072.45,38613.09,Kolkata,Laptop,7,0,0,2,0.3845,0,7.075191598276645,-35540.64,0,1
TX13833,4316.37,UPI,20,1,6075.82,160.06,Mumbai,Desktop,57,0,0,2,0.7104,0,8.370401699550147,5915.759999999999,0,0
TX10073,1034.57,Wallet,11,5,30832.23,19316.38,Mumbai,Mobile,74,0,0,3,0.0336,0,6.942707278743992,11515.849999999999,0,1
TX11752,424.28,UPI,11,3,19660.38,15256.38,Ahmedabad,Desktop,41,0,0,2,0.0216,0,6.052747775524881,4404.000000000002,0,0
TX11421,400.9,Card,12,0,95003.0,15714.69,Delhi,Tablet,169,0,0,2,0.0042,0,5.9962033014551555,79288.31,0,0
TX14221,1668.48,UPI,20,5,41564.62,13645.89,Chennai,Desktop,24,0,0,3,0.0401,0,7.420267479677332,27918.730000000003,0,1
TXF20193,19533.8,E-commerce,16,4,111404.3,2492.93,Chennai,Desktop,11,0,1,3,0.1753,1,9.879952769402465,108911.37000000001,0,0
TX14369,2052.42,Wallet,19,1,24168.45,3350.35,Mumbai,Desktop,198,0,0,3,0.0849,0,7.627261974760939,20818.100000000002,0,0
TXF20075,162607.6,E-commerce,10,1,139542.99,963.76,Mumbai,Tablet,4,1,0,4,1.1653,1,11.999101365226098,138579.22999999998,0,0
TX13809,2661.79,E-commerce,15,0,4695.6,40861.34,Bengaluru,Laptop,135,0,0,2,0.5669,0,7.887129724274101,-36165.74,0,0
TX12244,1194.84,Card,20,1,45747.06,47450.92,Bengaluru,Desktop,199,0,0,2,0.0261,0,7.086604146297119,-1703.8600000000006,0,0
TX13047,821.08,E-commerce,9,0,28965.45,43508.31,Mumbai,Desktop,105,0,0,2,0.0283,0,6.711837713921518,-14542.859999999997,0,0
TX12445,1985.17,Card,11,5,62016.62,1645.43,Kolkata,Tablet,62,0,0,3,0.032,0,7.5939634401360765,60371.19,0,1
TX10494,2625.56,E-commerce,16,4,95379.75,11808.64,Delhi,Mobile,65,0,0,1,0.0275,0,7.873430284222186,83571.11,0,0
TX13130,2350.87,E-commerce,8,1,22896.29,11786.3,Delhi,Tablet,105,0,0,4,0.1027,0,7.762966035382115,11109.990000000002,0,0
TX14321,3219.18,Bank Transfer,17,3,72429.17,5786.7,Mumbai,Mobile,35,0,0,2,0.0444,0,8.07719253759719,66642.47,0,0
TX14397,502.92,UPI,10,2,9702.47,31574.67,Mumbai,Desktop,40,0,0,3,0.0518,0,6.2224175253136735,-21872.199999999997,0,0
TX11164,238.35,E-commerce,9,0,5748.13,2732.99,Mumbai,Mobile,70,0,0,1,0.0415,0,5.477926915838518,3015.1400000000003,0,0
TX13734,2470.84,UPI,20,4,34362.02,39645.83,Ahmedabad,Mobile,125,0,0,4,0.0719,0,7.81271809156374,-5283.810000000005,0,0
TX11730,434.55,UPI,20,4,60271.03,13783.22,Bengaluru,Desktop,11,0,0,4,0.0072,0,6.076609600264901,46487.81,0,0
TXF20312,10007.52,Card,20,4,83273.12,2724.37,Ahmedabad,Laptop,2,1,0,13,0.1202,1,9.211192009230208,80548.75,0,0
TX12402,1229.97,Bank Transfer,19,6,36995.16,19119.23,Hyderabad,Tablet,115,0,0,2,0.0332,0,7.115557755456946,17875.930000000004,0,1
TX13403,761.94,Card,13,2,93619.51,26487.38,Hyderabad,Mobile,133,0,0,1,0.0081,0,6.637179391233039,67132.12999999999,0,0
TX10618,1262.88,E-commerce,19,3,55844.93,4178.09,Delhi,Desktop,81,0,0,3,0.0226,0,7.141941633491167,51666.84,0,0
TX11697,1222.03,UPI,15,2,17975.8,5305.22,Delhi,Mobile,151,0,0,4,0.068,0,7.109086665230965,12670.579999999998,0,0
TX13593,1879.53,UPI,12,3,47089.99,35458.1,Delhi,Laptop,142,0,0,2,0.0399,0,7.539308930987075,11631.89,0,0
TX11957,572.34,E-commerce,12,1,99641.29,13966.77,Delhi,Desktop,69,0,0,3,0.0057,0,6.351478908978763,85674.51999999999,0,0
TX11221,535.22,UPI,19,5,9345.95,10635.18,Mumbai,Laptop,53,0,0,2,0.0573,0,6.284544524621356,-1289.2299999999996,0,1
TX12073,2031.73,Wallet,17,4,65824.24,8320.07,Pune,Mobile,175,0,0,1,0.0309,0,7.617134996151339,57504.170000000006,0,0
TX13410,1888.31,Bank Transfer,19,3,4399.95,33570.93,Mumbai,Desktop,52,0,0,2,0.4292,0,7.543966962030913,-29170.98,0,0
TX10869,511.24,E-commerce,19,6,4595.11,8843.57,Lucknow,Laptop,76,0,0,4,0.1113,0,6.238793265210547,-4248.46,0,1
TX12718,3820.76,E-commerce,12,3,68904.28,17576.81,Delhi,Tablet,89,0,0,1,0.0555,0,8.248466328480061,51327.47,0,0
TX11042,486.22,E-commerce,17,1,3217.6,18085.3,Ahmedabad,Desktop,153,0,0,3,0.1511,0,6.188715766456242,-14867.699999999999,0,0
TX11361,715.6,Bank Transfer,11,0,43006.69,28960.15,Kolkata,Mobile,39,0,0,2,0.0166,0,6.574517804870854,14046.54,0,0
TX10356,1338.77,Wallet,10,3,97656.47,17159.42,Ahmedabad,Mobile,149,0,0,2,0.0137,0,7.200253236421775,80497.05,0,0
TX11162,1347.76,E-commerce,20,4,31335.34,46921.95,Delhi,Desktop,130,0,0,1,0.043,0,7.206940930817334,-15586.609999999997,0,0
TX12765,990.37,E-commerce,8,3,5358.3,32981.25,Mumbai,Mobile,26,0,0,1,0.1848,0,6.899087824890576,-27622.95,0,0
TX13252,1728.34,Bank Transfer,9,3,55615.53,37618.62,Bengaluru,Mobile,122,0,0,2,0.0311,0,7.45549511181091,17996.909999999996,0,0
TX11438,2465.4,Card,11,0,53264.72,25437.12,Bengaluru,Mobile,172,0,0,3,0.0463,0,7.810514876571941,27827.600000000002,0,0
TX13603,1518.79,Card,10,1,27588.89,2704.03,Hyderabad,Mobile,135,0,0,4,0.0551,0,7.326327446400904,24884.86,0,0
TXF20440,120545.71,E-commerce,4,2,60272.86,2121.88,Pune,Laptop,1,1,1,13,2.0,1,11.699792591656639,58150.98,1,0
TXF20093,27381.4,Bank Transfer,4,1,73764.65,1129.89,Delhi,Laptop,6,1,0,3,0.3712,1,10.217655750223736,72634.76,1,0
TX13639,1243.54,UPI,8,5,35271.54,14861.09,Hyderabad,Desktop,67,0,0,1,0.0353,0,7.12652126271338,20410.45,0,1
TX11253,1062.93,Card,14,3,2924.33,4171.78,Bengaluru,Laptop,130,0,0,4,0.3635,0,6.969724878263683,-1247.4499999999998,0,0
TX13365,4151.35,Wallet,14,2,34489.98,10770.56,Ahmedabad,Desktop,25,0,0,1,0.1204,0,8.331429718017425,23719.420000000006,0,0
TX10332,666.13,Card,16,0,78734.79,17571.25,Bengaluru,Mobile,89,0,0,1,0.0085,0,6.502984929473315,61163.53999999999,0,0
TX13694,2400.44,Bank Transfer,8,5,21741.38,27438.75,Hyderabad,Laptop,14,0,0,2,0.1104,0,7.783823836408005,-5697.369999999999,0,1
TX13568,2545.39,E-commerce,9,4,10404.73,8832.34,Ahmedabad,Tablet,28,0,0,4,0.2446,0,7.842431948847385,1572.3899999999994,0,0
TX12728,1931.33,UPI,15,0,62799.93,31376.51,Pune,Laptop,10,0,0,2,0.0308,0,7.566481807639947,31423.420000000002,0,0
TX13667,1168.72,Card,19,0,29099.47,8843.69,Delhi,Desktop,183,0,0,4,0.0402,0,7.064519682911785,20255.78,0,0
TX11630,1332.65,Bank Transfer,12,3,29946.4,14022.51,Bengaluru,Mobile,45,0,0,3,0.0445,0,7.195674823235258,15923.890000000001,0,0
TX11116,674.86,Card,15,1,49657.76,21556.26,Pune,Mobile,196,0,0,1,0.0136,0,6.515985954002959,28101.500000000004,0,0
TX11849,1491.24,UPI,20,1,61051.98,6442.81,Delhi,Desktop,135,0,0,4,0.0244,0,7.308033625736307,54609.170000000006,0,0
TX13554,2999.17,Wallet,20,4,38467.62,8438.29,Chennai,Desktop,135,0,0,1,0.078,0,8.006424232711419,30029.33,0,0
TX13153,637.03,E-commerce,17,2,39364.35,21673.46,Ahmedabad,Tablet,56,0,0,4,0.0162,0,6.458385304182866,17690.89,0,0
TX13265,2784.97,Wallet,12,0,46280.63,26987.09,Kolkata,Desktop,12,0,0,2,0.0602,0,7.932351386155428,19293.539999999997,0,0
TX11665,2388.64,UPI,17,1,70237.43,3298.33,Delhi,Desktop,52,0,0,4,0.034,0,7.778898005965015,66939.09999999999,0,0
TX10445,1536.92,UPI,16,4,89449.22,20266.6,Mumbai,Tablet,16,0,0,4,0.0172,0,7.338186133108049,69182.62,0,0
TX12245,849.73,Wallet,20,0,25826.7,26651.13,Delhi,Mobile,63,0,0,4,0.0329,0,6.74609480443586,-824.4300000000003,0,0
TX10452,4079.02,Card,8,1,66218.31,23228.35,Kolkata,Desktop,184,0,0,3,0.0616,0,8.313857169346978,42989.96,0,0
TX11551,1121.89,Card,10,5,48861.41,16882.54,Pune,Mobile,86,0,0,2,0.023,0,7.023660998026327,31978.870000000003,0,1
TX14434,910.97,Wallet,10,6,40630.93,8588.33,Jaipur,Mobile,103,0,0,1,0.0224,0,6.815607094796445,32042.6,0,1
TX12954,534.79,UPI,13,4,94201.87,1024.38,Chennai,Desktop,181,0,0,3,0.0057,0,6.2837422932558615,93177.48999999999,0,0
TX10014,1979.84,E-commerce,11,0,11284.84,9879.54,Bengaluru,Tablet,33,0,0,2,0.1754,0,7.5912762761474495,1405.2999999999993,0,0
TX13628,194.6,Bank Transfer,17,3,79520.19,37930.65,Hyderabad,Desktop,161,0,0,3,0.0024,0,5.276071757600717,41589.54,0,0
TX10945,953.86,UPI,18,5,92451.45,21757.65,Pune,Tablet,40,0,0,3,0.0103,0,6.861564732875721,70693.79999999999,0,1
TX10247,2631.62,Wallet,17,6,8580.4,16826.34,Mumbai,Mobile,170,0,0,3,0.3067,0,7.875734827014793,-8245.94,0,1
TXF20197,28956.97,Bank Transfer,11,0,193527.23,3829.26,Pune,Mobile,14,0,1,1,0.1496,1,10.273600747357682,189697.97,0,0
TX10360,2852.75,Card,15,3,7904.08,43589.69,Delhi,Laptop,115,0,0,2,0.3609,0,7.956389197844005,-35685.61,0,0
TXF20156,5118.26,Bank Transfer,3,4,93847.16,1363.34,Delhi,Desktop,19,1,0,1,0.0545,1,8.540765176337906,92483.82,1,0
TX11614,652.06,Bank Transfer,19,2,97850.67,25679.5,Bengaluru,Laptop,40,0,0,3,0.0067,0,6.4816690086694795,72171.17,0,0
TX12303,245.0,Card,8,4,7966.19,42530.85,Ahmedabad,Desktop,48,0,0,3,0.0308,0,5.5053315359323625,-34564.659999999996,0,0
TX14141,463.33,Card,8,4,86469.67,5168.45,Delhi,Mobile,96,0,0,3,0.0054,0,6.140595506335031,81301.22,0,0
TX13168,344.74,UPI,9,4,49733.97,43636.03,Delhi,Desktop,147,0,0,3,0.0069,0,5.845687047494641,6097.940000000002,0,0
TX12478,2250.0,Card,12,1,85660.49,12572.95,Bengaluru,Desktop,31,0,0,4,0.0263,0,7.719129840906732,73087.54000000001,0,0
TX14214,555.23,UPI,9,0,71613.05,4329.5,Jaipur,Desktop,170,0,0,3,0.0078,0,6.321181877777872,67283.55,0,0
TX14180,239.13,Wallet,19,4,94390.47,42490.93,Pune,Mobile,39,0,0,1,0.0025,0,5.481180443360223,51899.54,0,0
TXF20384,149549.05,Wallet,1,4,74774.52,258.21,Hyderabad,Laptop,2,1,1,6,2.0,1,11.91538639839438,74516.31,1,0
TX13163,514.3,E-commerce,15,5,91386.03,15543.13,Hyderabad,Laptop,152,0,0,4,0.0056,0,6.244749255334178,75842.9,0,1
TX10490,623.9,UPI,15,0,57072.43,47885.5,Delhi,Mobile,31,0,0,1,0.0109,0,6.437591636935036,9186.93,0,0
TX10862,1988.93,Bank Transfer,14,4,101317.8,2341.07,Lucknow,Desktop,39,0,0,1,0.0196,0,7.595854741220456,98976.73,0,0
TX11740,421.74,E-commerce,19,5,71787.65,8876.93,Bengaluru,Mobile,35,0,0,4,0.0059,0,6.046757332856691,62910.719999999994,0,1
TX14099,815.65,Card,19,2,5014.59,7126.51,Hyderabad,Mobile,51,0,0,2,0.1627,0,6.705210606499148,-2111.92,0,0
TX14385,444.2,Wallet,18,3,13789.29,22879.94,Delhi,Mobile,9,0,0,4,0.0322,0,6.09852361940139,-9090.649999999998,0,0
TX12447,946.88,E-commerce,19,3,17529.83,45301.88,Bengaluru,Mobile,35,0,0,4,0.054,0,6.854227911964328,-27772.049999999996,0,0
TX14230,4024.94,Card,10,6,100341.05,41593.6,Jaipur,Tablet,47,0,0,1,0.0401,0,8.300513702959027,58747.450000000004,0,1
TX10506,642.6,Bank Transfer,17,1,9194.07,20208.71,Ahmedabad,Laptop,22,0,0,1,0.0699,0,6.467077415118228,-11014.64,0,0
TX12677,534.3,E-commerce,15,0,26115.25,22762.96,Lucknow,Desktop,131,0,0,2,0.0205,0,6.282827337399335,3352.290000000001,0,0
TX12995,377.47,UPI,16,5,97477.46,47379.11,Delhi,Mobile,109,0,0,1,0.0039,0,5.936136809498464,50098.350000000006,0,1
TX11942,609.48,UPI,16,1,28339.29,49002.27,Chennai,Mobile,63,0,0,2,0.0215,0,6.4142455329813775,-20662.979999999996,0,0
TX11222,107.17,Bank Transfer,14,3,33880.09,19789.16,Delhi,Mobile,167,0,0,2,0.0032,0,4.683704063642198,14090.929999999997,0,0
TX11113,1582.42,UPI,19,6,11413.18,24357.91,Mumbai,Desktop,125,0,0,3,0.1386,0,7.367342343704676,-12944.73,0,1
TX11905,567.46,Card,15,3,78745.33,19572.9,Chennai,Desktop,95,0,0,2,0.0072,0,6.342930950117102,59172.43,0,0
TX13423,3210.49,Card,10,3,12731.37,33395.52,Delhi,Mobile,163,0,0,2,0.2522,0,8.074490282883254,-20664.149999999994,0,0
TX11877,650.05,Wallet,12,2,2943.94,5206.38,Delhi,Desktop,51,0,0,2,0.2208,0,6.478586444174737,-2262.44,0,0
TXF20172,24232.77,E-commerce,12,5,71683.02,3669.4,Jaipur,Laptop,1,0,1,2,0.3381,1,10.095502393948378,68013.62000000001,0,1
TX10433,1446.92,UPI,9,2,50587.15,33376.53,Bengaluru,Mobile,44,0,0,3,0.0286,0,7.277883322800616,17210.620000000003,0,0
TX12364,1739.17,E-commerce,17,6,95370.59,33938.31,Delhi,Mobile,94,0,0,3,0.0182,0,7.4617380885855535,61432.28,0,1
TX13154,1063.52,Card,19,5,63625.87,41526.13,Kolkata,Tablet,63,0,0,3,0.0167,0,6.970279272320496,22099.740000000005,0,1
TX12835,1083.06,Bank Transfer,10,4,21421.45,15451.99,Hyderabad,Mobile,65,0,0,2,0.0506,0,6.9884685310213115,5969.460000000001,0,0
TX12092,2151.32,E-commerce,12,5,92610.63,7910.81,Delhi,Mobile,160,0,0,4,0.0232,0,7.6743016091118506,84699.82,0,1
TX13010,1966.2,Bank Transfer,18,3,100611.23,26726.13,Delhi,Mobile,37,0,0,4,0.0195,0,7.584366490901983,73885.09999999999,0,0
TX13162,2215.45,Card,20,3,93064.92,11860.79,Chennai,Mobile,131,0,0,2,0.0238,0,7.703662095843597,81204.13,0,0
TX12945,1870.19,Card,10,2,22804.32,36887.66,Hyderabad,Desktop,71,0,0,4,0.082,0,7.534329871091517,-14083.340000000004,0,0
TX13916,1031.23,Card,11,2,68596.83,21805.71,Ahmedabad,Tablet,199,0,0,2,0.015,0,6.939476789427131,46791.12,0,0
TX12916,578.09,E-commerce,11,0,55258.95,26662.28,Delhi,Mobile,159,0,0,4,0.0105,0,6.361457905907893,28596.67,0,0
TX11102,1304.3,E-commerce,18,1,20238.7,14004.29,Hyderabad,Mobile,162,0,0,3,0.0644,0,7.174188178394744,6234.41,0,0
TX11448,619.09,Wallet,14,1,13095.27,3473.48,Pune,Desktop,142,0,0,2,0.0473,0,6.429864628794579,9621.79,0,0
TX11720,263.77,Bank Transfer,19,4,8422.2,33571.17,Chennai,Laptop,89,0,0,4,0.0313,0,5.578861524593351,-25148.969999999998,0,0
TXF20018,123600.05,Card,19,1,100337.88,2278.01,Chennai,Desktop,21,1,1,4,1.2318,1,11.724814319115275,98059.87000000001,0,0
TX13842,2383.66,UPI,9,3,63889.3,26597.06,Mumbai,Mobile,76,0,0,2,0.0373,0,7.776811835508142,37292.240000000005,0,0
TX10156,1000.61,UPI,20,0,42775.15,13743.01,Delhi,Mobile,99,0,0,3,0.0234,0,6.909363984321553,29032.14,0,0
TX12978,1997.79,Bank Transfer,17,3,21207.88,42997.31,Hyderabad,Laptop,15,0,0,4,0.0942,0,7.600297276455734,-21789.429999999997,0,0
TX11773,1306.94,Card,19,0,28635.13,41001.88,Delhi,Desktop,10,0,0,2,0.0456,0,7.176208659405379,-12366.749999999996,0,0
TX10615,2784.41,E-commerce,8,4,25703.44,12623.24,Mumbai,Desktop,16,0,0,1,0.1083,0,7.932150358761179,13080.199999999999,0,0
TX10643,2412.9,Bank Transfer,11,4,58608.59,26417.24,Hyderabad,Desktop,127,0,0,4,0.0412,0,7.788998975778725,32191.349999999995,0,0
TX11935,7433.02,Bank Transfer,15,1,16039.67,9747.63,Hyderabad,Desktop,91,0,0,3,0.4634,0,8.913822041195251,6292.040000000001,0,0
TX14277,498.72,Bank Transfer,13,3,1952.49,14263.92,Mumbai,Mobile,157,0,0,3,0.2554,0,6.214047941563629,-12311.43,0,0
TX11068,1814.61,Wallet,14,4,30823.31,40151.75,Hyderabad,Mobile,29,0,0,1,0.0589,0,7.504176778388248,-9328.439999999999,0,0
TX14454,394.26,Bank Transfer,16,6,98955.54,26139.47,Jaipur,Mobile,164,0,0,2,0.004,0,5.979543776212289,72816.06999999999,0,1
TX14154,312.23,Card,14,5,6004.64,46967.28,Pune,Tablet,89,0,0,2,0.052,0,5.746937744970129,-40962.64,0,1
TX14239,474.27,E-commerce,19,4,72991.9,33519.18,Delhi,Mobile,76,0,0,4,0.0065,0,6.163883063597219,39472.719999999994,0,0
TXF20368,35493.16,Wallet,2,0,149132.32,2797.01,Hyderabad,Desktop,23,1,1,13,0.238,1,10.477123454888487,146335.31,1,0
TX10330,1252.83,Card,14,4,62222.64,25683.16,Delhi,Mobile,142,0,0,4,0.0201,0,7.133958145814742,36539.479999999996,0,0
TX12057,1707.62,Card,20,2,11096.94,21945.3,Kolkata,Desktop,127,0,0,2,0.1539,0,7.443441306138884,-10848.359999999999,0,0
TX12646,2235.11,E-commerce,18,5,82371.35,22905.5,Pune,Mobile,57,0,0,4,0.0271,0,7.712493028056011,59465.850000000006,0,1
TX12191,2190.44,E-commerce,17,4,77694.9,11031.05,Kolkata,Desktop,198,0,0,2,0.0282,0,7.692314140976195,66663.84999999999,0,0
TX10622,1115.03,E-commerce,9,5,81852.19,23016.07,Kolkata,Laptop,145,0,0,4,0.0136,0,7.01753302430038,58836.12,0,1
TX11595,2228.21,E-commerce,8,4,82511.31,21783.1,Mumbai,Tablet,27,0,0,2,0.027,0,7.709402541599549,60728.21,0,0
TX12915,1187.8,UPI,14,4,10495.77,30489.06,Bengaluru,Desktop,173,0,0,2,0.1132,0,7.080699673963495,-19993.29,0,0
TXF20321,1071.23,E-commerce,20,5,535.62,2361.32,Delhi,Mobile,8,0,1,12,2.0,1,6.977495870856513,-1825.7000000000003,0,1
TX13898,368.06,E-commerce,12,2,89891.75,12501.95,Chennai,Mobile,174,0,0,3,0.0041,0,5.910959232448332,77389.8,0,0
TX11919,930.29,Card,17,4,60221.48,32671.13,Bengaluru,Mobile,137,0,0,2,0.0154,0,6.836570721791449,27550.350000000002,0,0
TX14173,857.51,Card,16,0,60127.71,48605.24,Delhi,Desktop,47,0,0,4,0.0143,0,6.755198328493336,11522.470000000001,0,0
TX14477,3280.97,Bank Transfer,15,6,91465.3,30784.01,Mumbai,Mobile,62,0,0,1,0.0359,0,8.096199130840434,60681.29000000001,0,1
TX10755,815.92,UPI,20,1,47352.14,49051.27,Pune,Desktop,60,0,0,1,0.0172,0,6.705541170848957,-1699.1299999999974,0,0
TX10518,924.49,Card,11,4,7211.79,49743.83,Kolkata,Mobile,121,0,0,1,0.1282,0,6.8303233269848915,-42532.04,0,0
TX13803,384.05,Card,15,4,89093.85,28157.9,Hyderabad,Laptop,183,0,0,3,0.0043,0,5.953373195985259,60935.950000000004,0,0
TX10032,2280.89,UPI,18,5,82746.26,9409.85,Jaipur,Laptop,65,0,0,2,0.0276,0,7.732759325929791,73336.40999999999,0,1
TX12937,2204.44,E-commerce,10,0,29993.49,27425.84,Pune,Mobile,105,0,0,3,0.0735,0,7.698682314459456,2567.6500000000015,0,0
TX11157,3034.75,Wallet,8,0,43286.87,16407.06,Hyderabad,Desktop,47,0,0,1,0.0701,0,8.01821378993393,26879.81,0,0
TX10744,958.61,UPI,11,2,28348.26,48324.23,Mumbai,Mobile,103,0,0,2,0.0338,0,6.866526951919995,-19975.970000000005,0,0
TX11497,452.27,E-commerce,15,1,32404.35,2881.47,Mumbai,Mobile,53,0,0,4,0.014,0,6.116487974419859,29522.879999999997,0,0
TX13459,2123.33,Wallet,10,0,6835.66,658.85,Delhi,Desktop,33,0,0,4,0.3106,0,7.661211737525229,6176.8099999999995,0,0
TX13755,304.62,E-commerce,18,2,67633.09,19519.31,Chennai,Desktop,79,0,0,3,0.0045,0,5.7223425001771115,48113.78,0,0
TX12591,4622.93,Bank Transfer,19,2,61347.62,42947.74,Mumbai,Mobile,9,0,0,3,0.0754,0,8.439000271829322,18399.880000000005,0,0
TX10783,939.12,E-commerce,10,5,23929.01,32059.75,Ahmedabad,Mobile,42,0,0,2,0.0392,0,6.846007526690728,-8130.740000000002,0,1
TX13493,231.83,UPI,14,2,88410.97,21117.45,Pune,Mobile,87,0,0,4,0.0026,0,5.450308573534157,67293.52,0,0
TX12949,1256.14,Wallet,13,6,45750.68,3668.0,Chennai,Desktop,71,0,0,4,0.0275,0,7.136594578681129,42082.68,0,1
TX10229,786.64,Card,11,1,90228.95,39451.0,Pune,Desktop,140,0,0,4,0.0087,0,6.669041132676969,50777.95,0,0
TX10857,1096.01,Bank Transfer,14,6,93752.32,11510.97,Lucknow,Desktop,161,0,0,4,0.0117,0,7.0003435760039645,82241.35,0,1
TX12266,1126.62,UPI,10,5,70026.59,16338.37,Hyderabad,Desktop,110,0,0,4,0.0161,0,7.027864495868757,53688.219999999994,0,1
TX14274,288.84,Bank Transfer,20,3,1704.8,10091.02,Lucknow,Mobile,5,0,0,3,0.1694,0,5.669329046586822,-8386.220000000001,0,0
TX10408,411.33,UPI,20,4,99182.46,2101.45,Lucknow,Laptop,37,0,0,2,0.0041,0,6.021823999617328,97081.01000000001,0,0
TX10170,3647.82,E-commerce,19,0,43603.83,31142.13,Mumbai,Mobile,119,0,0,3,0.0837,0,8.20215910663658,12461.7,0,0
TX10540,1125.07,UPI,19,5,16566.89,36897.95,Bengaluru,Desktop,50,0,0,3,0.0679,0,7.02648897373005,-20331.059999999998,0,1
TX12210,698.3,UPI,9,1,39323.16,39753.68,Pune,Mobile,29,0,0,4,0.0178,0,6.5500798347098215,-430.5199999999968,0,0
TX12304,1838.51,Card,12,1,56354.88,41661.39,Ahmedabad,Mobile,46,0,0,3,0.0326,0,7.517254510789906,14693.489999999998,0,0
TX12567,890.67,Bank Transfer,15,0,16945.65,21907.98,Kolkata,Mobile,58,0,0,1,0.0526,0,6.793096108972767,-4962.329999999998,0,0
TX10613,402.05,Bank Transfer,8,0,47063.33,48603.07,Pune,Desktop,63,0,0,3,0.0085,0,5.99906062372961,-1539.739999999998,0,0
TX12101,1406.97,E-commerce,11,0,59425.14,47903.17,Bengaluru,Mobile,135,0,0,1,0.0237,0,7.249904229672812,11521.970000000001,0,0
TX11808,852.15,E-commerce,10,4,11217.19,31185.41,Chennai,Laptop,25,0,0,2,0.076,0,6.748935381973274,-19968.22,0,0
TX13438,1598.97,Card,10,0,13102.31,31423.86,Delhi,Mobile,6,0,0,4,0.122,0,7.377740158052089,-18321.550000000003,0,0
TX11161,1775.25,Card,20,1,55238.29,5252.92,Chennai,Tablet,153,0,0,4,0.0321,0,7.48225967941131,49985.37,0,0
TX14225,1700.98,UPI,8,6,67143.54,6153.1,Hyderabad,Laptop,177,0,0,2,0.0253,0,7.439547558182961,60990.439999999995,0,1
TX13119,606.57,UPI,11,5,56182.89,30843.93,Pune,Desktop,96,0,0,4,0.0108,0,6.409467394914108,25338.96,0,1
TX13652,803.1,Card,17,1,10599.57,24268.71,Hyderabad,Mobile,101,0,0,2,0.0758,0,6.689723639554104,-13669.14,0,0
TX11610,1496.23,Wallet,8,1,71364.27,4252.83,Mumbai,Mobile,153,0,0,3,0.021,0,7.31137201323268,67111.44,0,0
TX11932,1379.42,Card,8,0,73871.11,28901.62,Lucknow,Mobile,167,0,0,1,0.0187,0,7.230143079672932,44969.490000000005,0,0
TX13027,2703.31,UPI,16,0,36244.66,7831.6,Mumbai,Desktop,74,0,0,3,0.0746,0,7.9026020755620365,28413.060000000005,0,0
TX10564,1509.83,UPI,10,1,83379.47,10754.22,Lucknow,Tablet,31,0,0,4,0.0181,0,7.320414447670542,72625.25,0,0
TX13571,523.53,Card,10,0,63672.83,39777.52,Delhi,Desktop,120,0,0,1,0.0082,0,6.2625026235314385,23895.310000000005,0,0
TX14247,957.02,E-commerce,8,1,21817.25,34173.58,Bengaluru,Desktop,148,0,0,1,0.0439,0,6.864868654579665,-12356.330000000002,0,0
TX12388,4889.68,UPI,15,6,30159.56,16289.47,Mumbai,Tablet,78,0,0,1,0.1621,0,8.495086632105773,13870.090000000002,0,1
TX11471,3110.76,Wallet,10,0,28183.4,42996.3,Mumbai,Desktop,188,0,0,2,0.1104,0,8.042943761501697,-14812.900000000001,0,0
TX12630,510.97,Bank Transfer,17,0,35289.31,3171.0,Pune,Mobile,170,0,0,1,0.0145,0,6.238266029572827,32118.309999999998,0,0
TX11835,86.8,Bank Transfer,9,6,50657.23,38280.93,Bengaluru,Desktop,62,0,0,4,0.0017,0,4.475061500641071,12376.300000000003,0,1
TXF20428,143008.63,Bank Transfer,0,4,109418.99,1454.4,Hyderabad,Desktop,0,1,1,21,1.307,1,11.870667249631973,107964.59000000001,1,0
TX13475,862.73,Card,9,5,95520.47,7330.44,Jaipur,Mobile,164,0,0,4,0.009,0,6.761260219965756,88190.03,0,1
TX11533,2277.38,UPI,18,5,80068.82,42392.63,Bengaluru,Laptop,135,0,0,3,0.0284,0,7.731219943089242,37676.19000000001,0,1
TX14327,503.78,UPI,15,0,51880.57,31853.77,Lucknow,Laptop,51,0,0,3,0.0097,0,6.224122690790777,20026.8,0,0
TX12484,955.91,E-commerce,13,4,59749.28,48806.31,Chennai,Laptop,10,0,0,4,0.016,0,6.8637093431434035,10942.970000000001,0,0
TX14207,843.32,Card,18,5,80007.24,24556.56,Bengaluru,Mobile,194,0,0,3,0.0105,0,6.738531569657358,55450.68000000001,0,1
TX11172,789.07,Card,10,6,46971.91,15233.97,Pune,Mobile,147,0,0,4,0.0168,0,6.6721215491305825,31737.940000000002,0,1
TX11427,2931.8,Wallet,11,6,54287.61,30255.22,Mumbai,Mobile,190,0,0,4,0.054,0,7.98371287708544,24032.39,0,1
TX10325,525.88,Wallet,19,4,5214.15,991.91,Bengaluru,Desktop,198,0,0,1,0.1009,0,6.266972818628054,4222.24,0,0
TX11051,358.01,Bank Transfer,20,0,34877.59,26431.11,Delhi,Laptop,117,0,0,3,0.0103,0,5.883350243253535,8446.479999999996,0,0
TX13319,2816.01,Card,14,3,39473.56,12845.87,Mumbai,Desktop,106,0,0,4,0.0713,0,7.9434313177458264,26627.689999999995,0,0
TXF20221,50057.78,E-commerce,17,4,156280.75,2970.8,Bengaluru,Mobile,21,1,1,3,0.3203,1,10.8209531939337,153309.95,0,0
TX13864,743.0,UPI,9,5,7630.45,26942.36,Pune,Mobile,58,0,0,2,0.0974,0,6.612041034833092,-19311.91,0,1
TX12603,2041.72,Wallet,8,2,25584.23,9142.78,Mumbai,Desktop,140,0,0,3,0.0798,0,7.62203753207204,16441.449999999997,0,0
TX11738,758.29,UPI,9,0,64982.79,15776.69,Delhi,Tablet,46,0,0,1,0.0117,0,6.6323837861074395,49206.1,0,0
TX11196,1048.09,UPI,15,3,52700.59,15492.57,Pune,Desktop,90,0,0,3,0.0199,0,6.955678400712218,37208.02,0,0
TX10620,1555.03,Bank Transfer,16,5,48053.44,20647.1,Delhi,Desktop,190,0,0,3,0.0324,0,7.349892984758132,27406.340000000004,0,1
TX11374,2216.17,Bank Transfer,14,6,59171.57,39832.56,Mumbai,Desktop,99,0,0,2,0.0375,0,7.703986886875001,19339.010000000002,0,1
TX12879,2818.59,E-commerce,10,6,94110.85,13372.11,Lucknow,Mobile,100,0,0,1,0.0299,0,7.944346763291076,80738.74,0,1
TX11189,1112.9,UPI,10,4,89787.99,46721.78,Mumbai,Laptop,63,0,0,3,0.0124,0,7.015622649851144,43066.21000000001,0,0
TX10328,2410.18,E-commerce,8,1,96911.02,23423.34,Kolkata,Laptop,165,0,0,4,0.0249,0,7.787871533212748,73487.68000000001,0,0
TX10648,200.84,Card,14,0,49874.98,41429.64,Chennai,Tablet,51,0,0,3,0.004,0,5.307475304332803,8445.340000000004,0,0
TX10897,13199.51,Wallet,15,0,96036.39,34890.75,Mumbai,Desktop,14,0,0,4,0.1374,0,9.488010744191733,61145.64,0,0
TX13882,3773.93,Wallet,19,6,55511.19,40717.8,Kolkata,Tablet,46,0,0,4,0.068,0,8.236137118464843,14793.39,0,1
TX11123,4357.95,E-commerce,20,6,7342.63,22507.03,Chennai,Laptop,148,0,0,1,0.5935,0,8.379986481651844,-15164.399999999998,0,1
TX11891,1321.2,Wallet,20,0,60874.09,10584.88,Chennai,Laptop,155,0,0,3,0.0217,0,7.187052294899478,50289.21,0,0
TXF20143,34154.92,Bank Transfer,3,0,239921.14,1742.53,Hyderabad,Desktop,29,1,0,3,0.1424,1,10.438691202830118,238178.61000000002,1,0
TXF20291,4019.42,E-commerce,12,4,48820.51,1570.45,Jaipur,Laptop,17,1,1,14,0.0823,1,8.2991416537676,47250.060000000005,0,0
TXF20029,132152.28,E-commerce,11,2,111338.4,3508.0,Pune,Mobile,13,1,0,1,1.1869,1,11.791717740004403,107830.4,0,0
TX14234,791.86,Bank Transfer,18,4,54140.75,7404.16,Delhi,Mobile,59,0,0,2,0.0146,0,6.675646661282277,46736.59,0,0
TX11593,684.09,Wallet,10,1,39712.79,14210.0,Mumbai,Desktop,182,0,0,3,0.0172,0,6.529550216493042,25502.79,0,0
TX13312,541.55,UPI,10,4,78292.49,29836.75,Bengaluru,Mobile,70,0,0,3,0.0069,0,6.296280247066217,48455.740000000005,0,0
TX12547,2113.79,Bank Transfer,17,4,6626.64,10136.71,Mumbai,Mobile,176,0,0,4,0.319,0,7.6567107957705804,-3510.069999999999,0,0
TX11545,3490.65,Bank Transfer,13,1,66016.92,30163.21,Bengaluru,Desktop,85,0,0,4,0.0529,0,8.158129682841148,35853.71,0,0
TX14336,2122.46,Bank Transfer,8,0,10313.16,12967.71,Mumbai,Mobile,183,0,0,3,0.2058,0,7.6608021127499155,-2654.5499999999993,0,0
TX11023,650.88,Wallet,15,0,22534.69,21300.06,Pune,Laptop,73,0,0,1,0.0289,0,6.479860495907788,1234.6299999999974,0,0
TX11971,3577.64,Card,13,4,16628.34,26523.73,Jaipur,Mobile,33,0,0,2,0.2152,0,8.18273811895076,-9895.39,0,0
TXF20488,90399.02,Card,23,5,84014.57,2936.92,Kolkata,Desktop,15,1,1,21,1.076,1,11.411999767619182,81077.65000000001,1,1
TX11714,1352.42,Wallet,14,5,8424.92,48631.15,Bengaluru,Mobile,18,0,0,3,0.1605,0,7.2103900012861,-40206.23,0,1
TX11717,459.97,UPI,17,1,27640.22,15851.86,Jaipur,Mobile,102,0,0,1,0.0166,0,6.13333296495721,11788.36,0,0
TX11477,1245.85,UPI,13,6,32621.54,25216.92,Mumbai,Desktop,122,0,0,3,0.0382,0,7.128375649751908,7404.620000000003,0,1
TX10809,974.36,Bank Transfer,10,1,83281.26,42532.37,Mumbai,Laptop,175,0,0,3,0.0117,0,6.882806633618172,40748.88999999999,0,0
TX12850,7298.54,UPI,9,3,102194.68,45122.06,Mumbai,Desktop,192,0,0,1,0.0714,0,8.895566611452406,57072.619999999995,0,0
TX10978,1534.68,E-commerce,19,1,45736.13,30566.28,Bengaluru,Mobile,71,0,0,4,0.0336,0,7.336728558669881,15169.849999999999,0,0
TXF20187,41494.19,Wallet,19,4,168546.93,4491.3,Mumbai,Mobile,3,0,1,2,0.2462,1,10.63333279588699,164055.63,0,0
TXF20395,108736.45,E-commerce,4,5,126830.15,2513.25,Pune,Mobile,28,1,1,10,0.8573,1,11.596691539992722,124316.9,1,1
TX11684,290.36,UPI,19,2,47996.63,16755.45,Mumbai,Laptop,104,0,0,4,0.006,0,5.674559615979298,31241.179999999997,0,0
TXF20160,16168.34,Wallet,4,1,199791.64,1991.89,Kolkata,Tablet,28,1,0,2,0.0809,1,9.690872135411613,197799.75,1,0
TX11514,3343.47,Wallet,17,0,83950.65,42267.48,Kolkata,Desktop,71,0,0,2,0.0398,0,8.115063514567566,41683.16999999999,0,0
TX12404,2721.01,Bank Transfer,14,0,97158.44,16863.71,Jaipur,Mobile,79,0,0,1,0.028,0,7.909125856973951,80294.73000000001,0,0
TX12021,2125.56,Wallet,19,2,54692.54,5925.72,Mumbai,Desktop,23,0,0,1,0.0389,0,7.662260929673023,48766.82,0,0
TXF20053,140303.8,E-commerce,14,5,70151.9,635.27,Pune,Desktop,20,0,0,2,2.0,1,11.851572477907316,69516.62999999999,0,1
TX11767,1750.14,UPI,17,2,28915.87,45619.19,Delhi,Desktop,86,0,0,2,0.0605,0,7.468022283401498,-16703.320000000003,0,0
TX10174,386.23,E-commerce,10,4,8434.63,6531.1,Pune,Desktop,88,0,0,4,0.0458,0,5.959018831739896,1903.5299999999988,0,0
TX11554,367.42,Bank Transfer,9,3,48975.48,21514.56,Hyderabad,Mobile,67,0,0,2,0.0075,0,5.909223591724071,27460.920000000002,0,0
TX14215,612.14,E-commerce,8,6,74902.22,34701.95,Bengaluru,Desktop,140,0,0,3,0.0082,0,6.4185932948521724,40200.270000000004,0,1
TX11482,807.34,Card,16,5,19127.29,19671.67,Kolkata,Mobile,45,0,0,4,0.0422,0,6.6949827620921445,-544.3799999999974,0,1
TX14461,1047.33,Bank Transfer,9,6,41002.98,49546.78,Delhi,Mobile,64,0,0,2,0.0255,0,6.954953700811138,-8543.799999999996,0,1
TX10217,676.42,E-commerce,13,5,7792.8,37081.92,Mumbai,Mobile,46,0,0,2,0.0868,0,6.518291464600913,-29289.12,0,1
TX13914,551.93,Bank Transfer,8,5,79813.53,47775.17,Delhi,Mobile,189,0,0,1,0.0069,0,6.315231411231641,32038.36,0,1
TX13720,302.41,Wallet,11,1,2161.57,3974.63,Bengaluru,Laptop,112,0,0,2,0.1399,0,5.715085026160327,-1813.06,0,0
TX10690,672.22,Wallet,14,1,15104.62,13913.03,Mumbai,Mobile,152,0,0,2,0.0445,0,6.51207217072859,1191.5900000000001,0,0
TX12577,6357.03,Card,14,6,56511.13,46583.6,Pune,Desktop,121,0,0,3,0.1125,0,8.757473859924541,9927.529999999999,0,1
TX12233,3393.51,E-commerce,20,2,17873.16,31165.21,Mumbai,Desktop,199,0,0,3,0.1899,0,8.129914699679327,-13292.05,0,0
TX12238,1057.64,UPI,18,6,37787.69,32005.38,Mumbai,Mobile,5,0,0,3,0.028,0,6.964740344464794,5782.310000000001,0,1
TX11106,2905.52,Wallet,12,5,39960.9,4442.16,Mumbai,Mobile,34,0,0,2,0.0727,0,7.974711768246236,35518.740000000005,0,1
TX11789,895.21,Bank Transfer,14,2,88311.87,11900.1,Jaipur,Mobile,12,0,0,2,0.0101,0,6.798174760513401,76411.76999999999,0,0
TX13188,1195.31,Bank Transfer,14,2,66012.28,27313.61,Bengaluru,Laptop,32,0,0,1,0.0181,0,7.086997098249169,38698.67,0,0
TX12436,695.23,E-commerce,16,6,51916.06,29304.52,Lucknow,Tablet,92,0,0,3,0.0134,0,6.545680065514731,22611.539999999997,0,1
TX10611,1656.98,UPI,18,6,43826.92,13081.87,Delhi,Tablet,194,0,0,4,0.0378,0,7.413355272896309,30745.049999999996,0,1
TX13660,501.52,Wallet,20,1,55539.47,22705.44,Pune,Laptop,67,0,0,3,0.009,0,6.2196354401362175,32834.03,0,0
TX13711,914.87,Bank Transfer,12,2,68106.11,23229.22,Delhi,Laptop,49,0,0,4,0.0134,0,6.819874433204956,44876.89,0,0
TX10576,1954.53,Card,8,5,101589.8,18478.65,Kolkata,Mobile,163,0,0,4,0.0192,0,7.578416535422816,83111.15,0,1
TX12063,919.26,E-commerce,12,1,17437.21,28201.9,Delhi,Desktop,11,0,0,4,0.0527,0,6.824656238812423,-10764.690000000002,0,0
TX14435,834.13,Wallet,10,3,50577.83,23621.27,Delhi,Laptop,184,0,0,1,0.0165,0,6.727587401355394,26956.56,0,0
TX11180,1942.42,Card,8,1,42561.59,41698.84,Bengaluru,Laptop,185,0,0,4,0.0456,0,7.5722045865945375,862.75,0,0
TX10888,2850.61,E-commerce,14,4,84620.17,9162.54,Mumbai,Mobile,61,0,0,3,0.0337,0,7.955639026040523,75457.63,0,0
TX13128,932.74,Wallet,14,6,64157.63,15131.16,Mumbai,Mobile,17,0,0,4,0.0145,0,6.839198026884994,49026.47,0,1
TX11732,2838.06,UPI,20,6,77135.63,33794.02,Mumbai,Mobile,130,0,0,2,0.0368,0,7.951228290451831,43341.61000000001,0,1
TX12663,266.03,Bank Transfer,17,3,22949.56,9484.12,Delhi,Mobile,129,0,0,1,0.0116,0,5.58736101163895,13465.44,0,0
TX10817,962.72,Wallet,19,5,28088.19,41790.46,Bengaluru,Mobile,161,0,0,2,0.0343,0,6.870800795988371,-13702.27,0,1
TX13277,1983.89,Bank Transfer,12,1,97516.2,9731.45,Delhi,Mobile,33,0,0,4,0.0203,0,7.59331877596866,87784.75,0,0
TX11859,796.4,Card,17,3,18097.9,23087.57,Lucknow,Desktop,155,0,0,3,0.044,0,6.681356434947254,-4989.669999999998,0,0
TX10208,298.26,Wallet,11,1,12224.52,30569.94,Lucknow,Desktop,161,0,0,2,0.0244,0,5.701312760755274,-18345.42,0,0
TX10293,2547.62,UPI,8,0,69082.9,46847.8,Delhi,Mobile,70,0,0,4,0.0369,0,7.843307315193044,22235.09999999999,0,0
TX11119,3329.81,Card,18,5,6860.95,10301.97,Chennai,Laptop,13,0,0,1,0.4853,0,8.110970796638892,-3441.0199999999995,0,1
TX12213,271.19,Card,16,3,57063.05,35763.65,Mumbai,Desktop,86,0,0,2,0.0048,0,5.606500351849647,21299.4,0,0
TX11609,4067.11,Wallet,12,0,50027.47,23807.91,Hyderabad,Mobile,111,0,0,4,0.0813,0,8.310933797117519,26219.56,0,0
TX11264,2833.84,Card,12,0,62383.25,910.55,Mumbai,Mobile,30,0,0,2,0.0454,0,7.949740777179432,61472.7,0,0
TX10990,133.14,Card,11,1,87250.57,31607.8,Delhi,Laptop,113,0,0,1,0.0015,0,4.898884030671591,55642.770000000004,0,0
TX14197,681.57,Card,14,0,96356.08,39474.79,Delhi,Mobile,58,0,0,3,0.0071,0,6.525865085902341,56881.29,0,0
TX11616,775.71,Card,15,6,20447.01,6540.66,Pune,Laptop,173,0,0,3,0.0379,0,6.655067050326626,13906.349999999999,0,1
TX10353,3049.59,Wallet,15,4,64933.82,49061.19,Pune,Mobile,29,0,0,1,0.047,0,8.023090293516796,15872.629999999997,0,0
TXF20057,132937.23,Wallet,18,3,118680.33,245.94,Kolkata,Laptop,6,0,0,2,1.1201,1,11.79763986322982,118434.39,0,0
TX12022,1194.8,Wallet,10,2,94883.54,15486.77,Mumbai,Desktop,47,0,0,3,0.0126,0,7.086570696446804,79396.76999999999,0,0
TX13690,4809.9,Wallet,18,2,97900.82,21474.31,Hyderabad,Mobile,180,0,0,3,0.0491,0,8.47863945578399,76426.51000000001,0,0
TX12555,2669.59,Bank Transfer,16,5,83075.62,21647.07,Bengaluru,Desktop,170,0,0,4,0.0321,0,7.8900547007659565,61428.549999999996,0,1
TX13048,3922.06,UPI,10,3,57347.17,4683.33,Ahmedabad,Tablet,65,0,0,2,0.0684,0,8.274627240510132,52663.84,0,0
TX11228,514.61,UPI,20,2,64844.31,13065.42,Delhi,Laptop,120,0,0,2,0.0079,0,6.245350665756706,51778.89,0,0
TX10259,710.0,E-commerce,15,6,78375.0,22719.11,Delhi,Laptop,146,0,0,2,0.0091,0,6.566672429803241,55655.89,0,1
TX11519,608.25,UPI,8,4,30153.41,37455.57,Ahmedabad,Desktop,168,0,0,1,0.0202,0,6.412228692505316,-7302.16,0,0
TX11777,863.21,Card,11,2,39005.61,4511.01,Mumbai,Mobile,183,0,0,4,0.0221,0,6.761815794826395,34494.6,0,0
TXF20239,50654.35,Wallet,8,3,107787.65,4555.43,Mumbai,Mobile,13,1,1,4,0.4699,1,10.832800130949645,103232.22,0,0
TX11770,490.55,Card,12,3,82879.41,11828.06,Bengaluru,Mobile,55,0,0,4,0.0059,0,6.197563663812933,71051.35,0,0
TX14353,684.49,UPI,10,1,93580.82,48797.08,Hyderabad,Mobile,98,0,0,3,0.0073,0,6.530133911003915,44783.740000000005,0,0
TX10052,586.05,Bank Transfer,19,6,93093.07,43879.23,Chennai,Mobile,176,0,0,2,0.0063,0,6.375109995076221,49213.840000000004,0,1
TX13473,708.3,Bank Transfer,8,3,40863.4,8577.35,Mumbai,Desktop,91,0,0,2,0.0173,0,6.564278568208041,32286.050000000003,0,0
TXF20183,21896.21,Card,11,2,65388.32,2831.02,Ahmedabad,Laptop,16,1,1,1,0.3349,1,9.994114510428599,62557.3,0,0
TX14411,1843.31,Wallet,9,4,67538.94,17081.84,Bengaluru,Desktop,34,0,0,2,0.0273,0,7.519860502785431,50457.100000000006,0,0
TX12409,2211.38,Card,12,0,59259.14,22031.44,Bengaluru,Tablet,20,0,0,3,0.0373,0,7.7018241381230546,37227.7,0,0
TX12787,589.91,Card,13,3,40794.43,48997.73,Mumbai,Mobile,7,0,0,1,0.0145,0,6.381663721545713,-8203.300000000003,0,0
TX12344,8052.58,UPI,20,2,40947.9,49181.51,Hyderabad,Desktop,57,0,0,4,0.1967,0,8.993871992050652,-8233.61,0,0
TX11033,1746.94,E-commerce,18,6,38897.49,21674.08,Kolkata,Laptop,149,0,0,1,0.0449,0,7.466193230683575,17223.409999999996,0,1
TX11097,817.94,UPI,16,4,46489.94,38146.1,Hyderabad,Desktop,51,0,0,4,0.0176,0,6.708010821096159,8343.840000000004,0,0
TX10543,1271.24,UPI,15,5,96943.13,36901.67,Mumbai,Mobile,100,0,0,1,0.0131,0,7.14853440534766,60041.46000000001,0,1
TX11046,1494.35,E-commerce,9,5,58052.19,31268.24,Bengaluru,Desktop,76,0,0,2,0.0257,0,7.310115572136823,26783.95,0,1
TX11894,554.51,Wallet,13,2,25277.05,42125.47,Hyderabad,Mobile,87,0,0,4,0.0219,0,6.319886610717834,-16848.420000000002,0,0
TX14376,585.08,Wallet,18,3,78294.48,35991.5,Mumbai,Laptop,15,0,0,1,0.0075,0,6.373456299030504,42302.979999999996,0,0
TX10030,3577.13,UPI,19,2,26842.55,3941.3,Delhi,Mobile,119,0,0,2,0.1333,0,8.182595596555641,22901.25,0,0
TX10725,2700.96,Bank Transfer,15,0,46038.63,7215.45,Mumbai,Laptop,175,0,0,2,0.0587,0,7.9017327145615655,38823.18,0,0
TXF20461,116263.95,Bank Transfer,1,0,68749.83,3734.24,Chennai,Desktop,25,1,1,11,1.6911,1,11.663626917331593,65015.590000000004,1,0
TXF20218,40512.45,Wallet,13,6,20256.22,3283.97,Kolkata,Desktop,9,1,1,5,2.0,1,10.609389296727473,16972.25,0,1
TX13903,1583.45,Bank Transfer,19,2,23311.43,16336.98,Bengaluru,Tablet,28,0,0,3,0.0679,0,7.3679926229372805,6974.450000000001,0,0
TX11426,1265.16,E-commerce,18,1,20590.14,36047.16,Pune,Tablet,61,0,0,3,0.0614,0,7.143743977025028,-15457.020000000004,0,0
TX12497,1641.58,Bank Transfer,9,6,98746.6,18742.92,Bengaluru,Desktop,122,0,0,1,0.0166,0,7.404023455413142,80003.68000000001,0,1
TX10436,665.8,Card,19,6,87545.95,8939.77,Mumbai,Desktop,184,0,0,1,0.0076,0,6.502490150876639,78606.18,0,1
TX12470,522.85,Card,11,5,71421.37,1655.63,Bengaluru,Mobile,38,0,0,3,0.0073,0,6.261205383798974,69765.73999999999,0,1
TX10912,1909.86,Wallet,13,4,69343.81,39854.4,Delhi,Laptop,152,0,0,2,0.0275,0,7.555308681483362,29489.409999999996,0,0
TX14222,638.03,Wallet,8,3,81311.53,561.19,Ahmedabad,Mobile,131,0,0,3,0.0078,0,6.459951401632303,80750.34,0,0
TX14352,1397.41,Bank Transfer,8,3,22286.56,44746.23,Mumbai,Mobile,107,0,0,4,0.0627,0,7.243091155905451,-22459.670000000002,0,0
TXF20012,197784.97,Bank Transfer,15,1,100539.85,2293.64,Jaipur,Mobile,10,0,1,3,1.9672,1,12.194940765422523,98246.21,0,0
TX14443,1762.42,E-commerce,15,1,35004.17,29949.87,Ahmedabad,Desktop,56,0,0,1,0.0503,0,7.47501038431482,5054.299999999999,0,0
TX12287,500.67,Wallet,13,1,65758.05,5902.06,Hyderabad,Laptop,197,0,0,2,0.0076,0,6.2179425330110645,59855.990000000005,0,0
TXF20097,19668.68,E-commerce,4,0,240046.3,349.72,Jaipur,Mobile,8,1,0,3,0.0819,1,9.886833642821692,239696.58,1,0
TX11238,321.17,UPI,17,4,33684.49,28255.17,Bengaluru,Desktop,199,0,0,2,0.0095,0,5.775079356538235,5429.32,0,0
TX10903,2044.99,Wallet,19,6,96780.51,24863.31,Mumbai,Desktop,193,0,0,2,0.0211,0,7.6236370589140945,71917.2,0,1
TX13620,3338.13,Card,11,5,80619.11,45984.58,Chennai,Laptop,39,0,0,2,0.0414,0,8.113465572998273,34634.53,0,1
TX13231,5060.83,UPI,17,1,61544.91,24004.13,Delhi,Tablet,98,0,0,2,0.0822,0,8.52948335697732,37540.78,0,0
TX12859,2189.12,E-commerce,13,2,64003.43,21493.38,Hyderabad,Mobile,11,0,0,2,0.0342,0,7.69171161582993,42510.05,0,0
TX10507,2425.11,E-commerce,16,3,20190.8,34778.06,Delhi,Mobile,122,0,0,1,0.1201,0,7.79404443060303,-14587.259999999998,0,0
TX13221,2720.3,Wallet,10,1,48293.61,25692.84,Pune,Mobile,63,0,0,4,0.0563,0,7.908864986289008,22600.77,0,0
TX10183,1301.38,E-commerce,20,2,7878.64,13916.19,Delhi,Mobile,148,0,0,1,0.1652,0,7.171948638865011,-6037.55,0,0
TX11564,587.03,Card,11,2,77363.33,48317.09,Pune,Desktop,131,0,0,4,0.0076,0,6.376777967005293,29046.240000000005,0,0
TX12704,817.11,Card,15,4,66021.66,16517.39,Delhi,Mobile,27,0,0,4,0.0124,0,6.706996801889513,49504.270000000004,0,0
TX10321,3386.25,UPI,8,2,90817.12,49205.77,Lucknow,Desktop,189,0,0,4,0.0373,0,8.12777366172654,41611.35,0,0
TX13563,1446.96,Wallet,18,4,63011.32,31218.93,Hyderabad,Tablet,75,0,0,1,0.023,0,7.2779109482547115,31792.39,0,0
TX11538,610.75,Bank Transfer,9,1,95946.2,35990.34,Pune,Desktop,31,0,0,3,0.0064,0,6.4163237023227815,59955.86,0,0
TX11837,1053.73,Bank Transfer,8,0,88356.99,30694.5,Chennai,Desktop,179,0,0,1,0.0119,0,6.961040088985372,57662.490000000005,0,0
TX12380,1681.37,Card,14,3,32294.08,33152.36,Mumbai,Tablet,183,0,0,1,0.0521,0,7.427958792560459,-858.2799999999988,0,0
TX11912,765.99,UPI,20,0,47415.07,8781.47,Jaipur,Desktop,96,0,0,3,0.0162,0,6.642473763472616,38633.6,0,0
TX11840,1098.05,Card,13,1,46866.26,37698.43,Mumbai,Desktop,180,0,0,1,0.0234,0,7.002201449274082,9167.830000000002,0,0
TX12115,671.57,Card,19,0,42570.6,48894.9,Bengaluru,Laptop,40,0,0,2,0.0158,0,6.511106195278418,-6324.300000000003,0,0
TX14437,1721.48,Wallet,16,3,89481.87,10512.51,Pune,Mobile,29,0,0,2,0.0192,0,7.451520391789926,78969.36,0,0
TX11146,513.3,Wallet,12,2,41052.72,44240.89,Pune,Laptop,181,0,0,4,0.0125,0,6.24280675278087,-3188.1699999999983,0,0
TX12486,5688.77,UPI,15,1,87403.44,49414.28,Bengaluru,Laptop,65,0,0,4,0.0651,0,8.646425104510776,37989.16,0,0
TX10044,2736.02,Bank Transfer,16,1,26880.96,36438.0,Delhi,Mobile,92,0,0,2,0.1018,0,7.914625016284716,-9557.04,0,0
TX12154,409.14,UPI,14,3,59194.08,29379.72,Lucknow,Desktop,138,0,0,1,0.0069,0,6.016498564827623,29814.36,0,0
TX11526,2364.32,E-commerce,17,4,57655.04,7741.91,Mumbai,Desktop,44,0,0,2,0.041,0,7.768668598326839,49913.130000000005,0,0
TXF20355,43488.57,Card,1,5,115797.87,4723.55,Delhi,Mobile,24,1,1,11,0.3756,1,10.680276418212383,111074.31999999999,1,1
TX11378,251.62,UPI,17,1,73845.15,1294.92,Hyderabad,Desktop,131,0,0,1,0.0034,0,5.531886383345829,72550.23,0,0
TX11765,5198.66,Card,19,1,81530.56,46815.21,Mumbai,Tablet,35,0,0,1,0.0638,0,8.556348517816467,34715.35,0,0
TX13012,2096.49,E-commerce,14,6,97828.65,34870.1,Pune,Desktop,81,0,0,3,0.0214,0,7.648496670749544,62958.549999999996,0,1
TX10413,310.72,E-commerce,9,1,62795.9,31614.85,Bengaluru,Laptop,59,0,0,4,0.0049,0,5.74210534897536,31181.050000000003,0,0
TX14284,1494.76,Wallet,18,1,84687.66,45595.71,Mumbai,Desktop,109,0,0,4,0.0177,0,7.310389717857019,39091.950000000004,0,0
TX11407,1138.59,Bank Transfer,13,1,75787.46,11688.01,Mumbai,Desktop,179,0,0,2,0.015,0,7.038423827576477,64099.450000000004,0,0
TX11658,447.2,Card,14,0,74226.28,2677.7,Mumbai,Mobile,179,0,0,3,0.006,0,6.105239561366827,71548.58,0,0
TX10801,688.0,UPI,19,5,64142.83,35222.47,Mumbai,Mobile,97,0,0,1,0.0107,0,6.535241271013659,28920.36,0,1
TX11288,1282.93,Wallet,9,1,55945.25,11763.67,Delhi,Desktop,67,0,0,4,0.0229,0,7.1576809656298375,44181.58,0,0
TX12182,1858.69,E-commerce,14,2,92651.28,6211.82,Mumbai,Mobile,81,0,0,2,0.0201,0,7.528165086150148,86439.45999999999,0,0
TX12588,798.16,UPI,17,1,65048.83,20754.91,Bengaluru,Desktop,26,0,0,4,0.0123,0,6.683561176031748,44293.92,0,0
TX12615,1125.43,Wallet,15,0,69290.01,31794.33,Hyderabad,Tablet,102,0,0,3,0.0162,0,7.026808618571839,37495.67999999999,0,0
TX12318,618.16,E-commerce,9,5,83667.72,35226.44,Pune,Mobile,39,0,0,4,0.0074,0,6.4283637207056765,48441.28,0,1
TX10256,1108.92,Bank Transfer,15,5,22494.53,44912.91,Pune,Mobile,146,0,0,2,0.0493,0,7.0120432196369915,-22418.380000000005,0,1
TXF20041,135996.12,Wallet,12,1,67998.06,2896.11,Pune,Mobile,14,0,1,1,2.0,1,11.820388988023376,65101.95,0,0
TX11729,1390.28,E-commerce,19,5,58880.92,40992.83,Delhi,Mobile,132,0,0,4,0.0236,0,7.2379794656995875,17888.089999999997,0,1
TX11151,891.51,Wallet,12,5,54271.27,14468.47,Mumbai,Mobile,155,0,0,4,0.0164,0,6.7940377180728175,39802.799999999996,0,1
TX14144,1755.53,Bank Transfer,14,1,11299.97,25786.89,Delhi,Mobile,104,0,0,3,0.1554,0,7.47109555097933,-14486.92,0,0
TX10647,3146.6,E-commerce,11,5,50527.81,41099.68,Lucknow,Laptop,48,0,0,2,0.0623,0,8.054395536660829,9428.129999999997,0,1
TX12908,1340.1,UPI,15,6,2400.42,9397.21,Mumbai,Mobile,46,0,0,2,0.5583,0,7.201245451716894,-6996.789999999999,0,1
TX11702,633.32,UPI,8,3,94960.11,30557.77,Ahmedabad,Tablet,86,0,0,2,0.0067,0,6.452553558964143,64402.34,0,0
TX11881,1609.19,E-commerce,15,4,64305.8,47314.73,Chennai,Tablet,73,0,0,2,0.025,0,7.38410746343795,16991.07,0,0
TX13768,392.37,E-commerce,19,0,1718.7,48505.86,Lucknow,Tablet,41,0,0,2,0.2283,0,5.974750644785838,-46787.16,0,0
TX11315,1032.22,Wallet,11,3,9553.45,46984.47,Delhi,Mobile,96,0,0,3,0.108,0,6.9404354183707655,-37431.020000000004,0,0
TX12269,287.27,Bank Transfer,8,1,81408.05,26875.25,Mumbai,Mobile,130,0,0,4,0.0035,0,5.6638975409572865,54532.8,0,0
TX11966,1078.74,Wallet,8,3,7373.4,13187.49,Hyderabad,Desktop,46,0,0,2,0.1463,0,6.984475550394821,-5814.09,0,0
TX12465,354.19,UPI,12,2,53035.61,40324.23,Kolkata,Mobile,158,0,0,3,0.0067,0,5.872652857568554,12711.379999999997,0,0
TX13855,4634.22,Wallet,12,0,32733.11,23847.04,Ahmedabad,Desktop,147,0,0,2,0.1416,0,8.4414389418142,8886.07,0,0
TX11350,861.14,E-commerce,18,0,42697.72,1297.85,Delhi,Desktop,151,0,0,4,0.0202,0,6.75941767046917,41399.87,0,0
TX13296,1531.0,Card,11,2,20204.84,37551.15,Pune,Mobile,142,0,0,1,0.0758,0,7.3343293503005365,-17346.31,0,0
TX10112,684.38,Bank Transfer,8,1,12941.78,34867.18,Hyderabad,Desktop,121,0,0,1,0.0529,0,6.529973428973911,-21925.4,0,0
TX13133,427.55,E-commerce,10,3,79388.46,8443.07,Jaipur,Mobile,123,0,0,2,0.0054,0,6.060407417344892,70945.39000000001,0,0
TX10263,588.6,E-commerce,16,0,3614.54,7892.01,Pune,Desktop,153,0,0,2,0.1628,0,6.379444340875127,-4277.47,0,0
TX11393,1778.09,UPI,11,0,17579.57,44319.95,Mumbai,Mobile,89,0,0,1,0.1011,0,7.483857276605417,-26740.379999999997,0,0
TX11878,1897.84,Card,9,1,65819.39,40111.11,Delhi,Desktop,86,0,0,4,0.0288,0,7.54899845239166,25708.28,0,0
TX11186,1017.69,Bank Transfer,13,2,18253.95,43978.58,Bengaluru,Desktop,160,0,0,2,0.0558,0,6.9262727671151305,-25724.63,0,0
TX13071,743.57,Bank Transfer,16,5,18770.88,30402.61,Mumbai,Mobile,75,0,0,3,0.0396,0,6.612806870538311,-11631.73,0,1
TX10056,1350.06,E-commerce,16,4,35583.52,17525.56,Delhi,Mobile,71,0,0,2,0.0379,0,7.208644748521038,18057.959999999995,0,0
TX11309,483.37,Card,11,2,17168.12,36744.85,Chennai,Mobile,109,0,0,4,0.0282,0,6.182849077473688,-19576.73,0,0
TX10695,600.81,Wallet,18,3,52111.25,14745.09,Hyderabad,Mobile,97,0,0,3,0.0115,0,6.399941780874105,37366.16,0,0
TX12952,989.2,E-commerce,13,3,17234.15,34798.18,Delhi,Laptop,117,0,0,2,0.0574,0,6.897906942927323,-17564.03,0,0
TX11726,543.15,Bank Transfer,17,5,76329.48,29163.51,Chennai,Mobile,195,0,0,1,0.0071,0,6.299224944142071,47165.97,0,1
TX12091,667.93,Card,14,6,93856.6,4541.59,Delhi,Mobile,132,0,0,4,0.0071,0,6.505679420871968,89315.01000000001,0,1
TX13869,268.28,Card,16,4,69761.08,45860.57,Delhi,Laptop,21,0,0,3,0.0038,0,5.595751730442496,23900.510000000002,0,0
TX10319,2571.86,Wallet,14,5,102366.3,17600.52,Delhi,Desktop,174,0,0,2,0.0251,0,7.852773399608242,84765.78,0,1
TX14320,379.85,Wallet,9,0,67918.04,36488.85,Bengaluru,Laptop,128,0,0,2,0.0056,0,5.942405596818797,31429.189999999995,0,0
TX10682,649.85,E-commerce,18,3,78150.88,30135.98,Mumbai,Laptop,15,0,0,4,0.0083,0,6.4782792009124694,48014.90000000001,0,0
TX13841,2338.57,Wallet,16,1,51237.94,6809.41,Mumbai,Tablet,20,0,0,1,0.0456,0,7.757722430781923,44428.53,0,0
TX13213,1359.74,Bank Transfer,9,3,31177.31,2595.94,Mumbai,Mobile,81,0,0,4,0.0436,0,7.215783948398825,28581.370000000003,0,0
TX12002,1659.85,Bank Transfer,12,5,98409.0,13503.09,Mumbai,Desktop,156,0,0,2,0.0169,0,7.415084798491419,84905.91,0,1
TXF20282,15583.62,UPI,17,6,58696.25,3609.62,Lucknow,Mobile,19,1,1,12,0.2655,1,9.65403980948519,55086.63,0,1
TX14150,1119.85,Card,16,6,16917.48,6748.01,Delhi,Tablet,191,0,0,3,0.0662,0,7.021842605019905,10169.47,0,1
TX10286,1345.91,UPI,17,5,61597.34,33285.33,Mumbai,Mobile,112,0,0,2,0.0219,0,7.205568359033367,28312.009999999995,0,1
TX11888,1233.42,UPI,17,0,7157.09,41838.34,Chennai,Mobile,185,0,0,4,0.1723,0,7.118356503121197,-34681.25,0,0
TX12337,430.0,UPI,18,1,32091.61,9024.17,Jaipur,Mobile,187,0,0,1,0.0134,0,6.066108090103747,23067.440000000002,0,0
TX12520,555.7,Wallet,13,6,18369.74,38061.89,Mumbai,Tablet,56,0,0,1,0.0303,0,6.322026495189462,-19692.149999999998,0,1
TX12277,494.98,Card,17,1,9543.06,35734.55,Mumbai,Desktop,71,0,0,2,0.0519,0,6.2065356033313055,-26191.490000000005,0,0
TX12127,1211.73,Bank Transfer,11,3,15293.78,11510.67,Bengaluru,Desktop,120,0,0,1,0.0792,0,7.100629295544278,3783.1100000000006,0,0
TX13499,1868.15,Wallet,17,4,72424.67,13079.79,Delhi,Mobile,148,0,0,2,0.0258,0,7.533239061056986,59344.88,0,0
TX14211,1786.1,E-commerce,13,5,42635.45,28481.58,Hyderabad,Desktop,77,0,0,3,0.0419,0,7.488349473302751,14153.869999999995,0,1
TX12083,330.97,Wallet,20,2,74408.7,21373.28,Mumbai,Tablet,188,0,0,4,0.0044,0,5.805044603387864,53035.42,0,0
TX10736,1717.69,Bank Transfer,17,0,13773.52,47800.35,Hyderabad,Desktop,142,0,0,4,0.1247,0,7.449317651714636,-34026.83,0,0
TXF20301,8765.23,Bank Transfer,19,6,257006.5,1190.61,Delhi,Mobile,19,0,0,13,0.0341,1,9.07866211837126,255815.89,0,1
TX10336,1289.92,Wallet,9,0,60787.44,29046.3,Ahmedabad,Desktop,185,0,0,2,0.0212,0,7.1631104214595,31741.140000000003,0,0
TX12596,2135.65,E-commerce,9,4,101698.27,12707.88,Mumbai,Mobile,193,0,0,4,0.021,0,7.666994460904171,88990.39,0,0
TX12771,775.33,Wallet,10,4,11966.93,42321.35,Chennai,Desktop,17,0,0,1,0.0648,0,6.654577687518735,-30354.42,0,0
TX13704,579.08,Bank Transfer,18,1,43521.09,9379.08,Mumbai,Desktop,183,0,0,1,0.0133,0,6.363166025063338,34142.009999999995,0,0
TX14404,375.02,UPI,19,2,61873.7,31451.15,Bengaluru,Desktop,169,0,0,4,0.0061,0,5.929642333464639,30422.549999999996,0,0
TX11071,2113.87,E-commerce,16,2,86928.97,3213.46,Mumbai,Mobile,131,0,0,3,0.0243,0,7.656748623870243,83715.51,0,0
TX12290,335.96,UPI,8,1,23244.07,12929.09,Pune,Desktop,162,0,0,3,0.0145,0,5.819964228945611,10314.98,0,0
TX11672,781.43,Bank Transfer,17,6,71332.56,10950.9,Bengaluru,Tablet,135,0,0,3,0.011,0,6.662404461543794,60381.659999999996,0,1
TX14083,1939.15,Card,12,2,37877.76,18679.66,Mumbai,Laptop,112,0,0,4,0.0512,0,7.570520568655997,19198.100000000002,0,0
TX14250,505.39,Bank Transfer,14,0,96835.3,6231.49,Mumbai,Desktop,107,0,0,1,0.0052,0,6.2273071233996005,90603.81,0,0
TX14113,872.68,Bank Transfer,17,6,99933.92,14091.67,Hyderabad,Desktop,24,0,0,2,0.0087,0,6.772714175889473,85842.25,0,1
TX14408,550.51,Bank Transfer,11,1,100138.22,44875.1,Mumbai,Mobile,124,0,0,4,0.0055,0,6.312659970895441,55263.12,0,0
TX13366,1492.15,E-commerce,16,5,67715.13,30770.68,Pune,Mobile,60,0,0,3,0.022,0,7.308643261347188,36944.450000000004,0,1
TX11488,2822.88,Wallet,20,3,10192.06,16805.97,Lucknow,Mobile,59,0,0,1,0.277,0,7.945867104792436,-6613.910000000002,0,0
TX10498,1220.28,UPI,18,0,79532.07,35466.36,Pune,Mobile,99,0,0,4,0.0153,0,7.1076547680501605,44065.71000000001,0,0
TX14382,1306.94,E-commerce,8,5,38867.4,22935.57,Bengaluru,Laptop,199,0,0,2,0.0336,0,7.176208659405379,15931.830000000002,0,1
TX13479,1390.28,UPI,16,3,76629.54,29530.0,Pune,Desktop,35,0,0,4,0.0181,0,7.2379794656995875,47099.53999999999,0,0
TX12581,1279.37,E-commerce,8,1,36631.47,22663.93,Mumbai,Tablet,94,0,0,4,0.0349,0,7.154904377643148,13967.54,0,0
TX13123,982.8,Card,18,3,52540.38,12196.7,Mumbai,Mobile,124,0,0,1,0.0187,0,6.8914226243612395,40343.67999999999,0,0
TX12921,308.38,E-commerce,13,3,8245.6,23088.18,Mumbai,Tablet,14,0,0,2,0.0374,0,5.734570294808519,-14842.58,0,0
TX14377,5214.35,Bank Transfer,8,0,18303.78,2537.2,Chennai,Mobile,29,0,0,1,0.2849,0,8.559361479276783,15766.579999999998,0,0
TX12644,2395.02,Wallet,17,2,69979.87,11152.53,Mumbai,Tablet,27,0,0,3,0.0342,0,7.781564306445911,58827.34,0,0
TX14286,560.21,Card,8,6,95014.69,1063.29,Pune,Laptop,109,0,0,2,0.0059,0,6.330095167028923,93951.40000000001,0,1
TX14040,1411.51,Card,18,3,79911.2,44870.49,Delhi,Mobile,177,0,0,2,0.0177,0,7.2531235426415535,35040.71,0,0
TX12034,678.68,UPI,10,0,90589.07,44823.21,Hyderabad,Mobile,5,0,0,1,0.0075,0,6.521622099173465,45765.86000000001,0,0
TX11022,556.63,Bank Transfer,19,3,32282.4,12150.88,Mumbai,Mobile,142,0,0,3,0.0172,0,6.323695660007647,20131.520000000004,0,0
TX12282,696.9,Card,9,1,3490.09,44847.65,Mumbai,Mobile,90,0,0,3,0.1997,0,6.548075826023106,-41357.56,0,0
TXF20386,101916.05,Wallet,3,5,143399.56,4617.38,Kolkata,Mobile,27,1,1,8,0.7107,1,11.531914526117081,138782.18,1,1
TX14219,1601.46,Bank Transfer,13,2,91120.89,680.17,Hyderabad,Desktop,16,0,0,4,0.0176,0,7.379295227484854,90440.72,0,0
TX13063,905.96,Bank Transfer,18,0,95991.83,31749.21,Hyderabad,Desktop,136,0,0,1,0.0094,0,6.810098347709343,64242.62,0,0
TX14365,693.01,UPI,14,6,80587.18,28491.6,Mumbai,Desktop,100,0,0,3,0.0086,0,6.5424863696248945,52095.579999999994,0,1
TX10665,995.95,E-commerce,14,4,98687.58,5624.96,Delhi,Laptop,19,0,0,2,0.0101,0,6.9047006182529085,93062.62,0,0
TX13932,455.91,UPI,12,3,80588.23,31263.45,Lucknow,Mobile,27,0,0,3,0.0057,0,6.124486434956988,49324.78,0,0
TX12638,4107.04,Wallet,17,2,90299.65,7818.77,Pune,Desktop,161,0,0,4,0.0455,0,8.320701308099387,82480.87999999999,0,0
TX13176,4432.36,Wallet,10,0,15567.26,41073.42,Mumbai,Desktop,133,0,0,1,0.2847,0,8.39691304056124,-25506.159999999996,0,0
TX14265,608.18,E-commerce,11,4,24861.7,45889.9,Bengaluru,Desktop,131,0,0,1,0.0245,0,6.412113790541186,-21028.2,0,0
TX13121,697.7,Bank Transfer,17,1,42833.16,17293.64,Mumbai,Mobile,74,0,0,3,0.0163,0,6.549221465558405,25539.520000000004,0,0
TX11017,550.67,E-commerce,16,4,17953.83,9829.26,Pune,Desktop,45,0,0,1,0.0307,0,6.312950041420871,8124.5700000000015,0,0
TX10557,227.45,UPI,8,0,94563.5,12110.57,Ahmedabad,Tablet,176,0,0,4,0.0024,0,5.431317368009281,82452.93,0,0
TX12399,1569.93,Card,19,6,24267.39,2920.13,Bengaluru,Mobile,73,0,0,2,0.0647,0,7.359423079656281,21347.26,0,1
TX11207,416.72,Wallet,12,0,9287.42,19715.88,Bengaluru,Desktop,96,0,0,3,0.0449,0,6.0348113516113475,-10428.460000000001,0,0
TX12005,11322.41,Card,11,5,45065.82,26139.36,Delhi,Tablet,53,0,0,4,0.2512,0,9.334627543143611,18926.46,0,1
TX12656,547.66,Wallet,14,6,26143.86,40555.45,Jaipur,Desktop,162,0,0,2,0.0209,0,6.3074789418267985,-14411.589999999997,0,1
TX12135,5802.99,UPI,17,2,12340.96,20725.79,Kolkata,Desktop,7,0,0,3,0.4702,0,8.666300891052904,-8384.830000000002,0,0
TX11510,189.26,Bank Transfer,8,6,91189.33,28490.88,Kolkata,Desktop,194,0,0,3,0.0021,0,5.248391557778311,62698.45,0,1
TX11736,1420.19,Wallet,16,6,63439.55,39094.96,Pune,Mobile,171,0,0,2,0.0224,0,7.259249827814771,24344.590000000004,0,1
TX10245,728.53,Wallet,13,2,46087.05,5750.58,Delhi,Laptop,19,0,0,1,0.0158,0,6.5924004911748435,40336.47,0,0
TX11163,406.1,Wallet,14,6,82370.75,49180.0,Mumbai,Desktop,102,0,0,3,0.0049,0,6.0090588555089335,33190.75,0,1
TX13362,824.89,Wallet,19,4,94608.73,36859.17,Delhi,Mobile,135,0,0,2,0.0087,0,6.716461592739979,57749.56,0,0
TX10266,720.82,Wallet,18,2,66169.06,11985.32,Kolkata,Desktop,169,0,0,3,0.0109,0,6.581775800331326,54183.74,0,0
TX12366,394.38,Card,12,0,100064.37,37564.43,Chennai,Mobile,16,0,0,2,0.0039,0,5.979847327767791,62499.939999999995,0,0
TX11114,518.42,Card,11,2,24714.01,45430.88,Pune,Desktop,159,0,0,4,0.021,0,6.252712804455737,-20716.87,0,0
TX10063,1854.26,UPI,16,3,34731.53,37349.92,Delhi,Mobile,153,0,0,3,0.0534,0,7.525780126944866,-2618.3899999999994,0,0
TX12592,1347.23,E-commerce,14,2,68862.15,5839.05,Ahmedabad,Desktop,99,0,0,4,0.0196,0,7.20654790006318,63023.09999999999,0,0
TX12788,1700.12,Bank Transfer,11,2,45280.94,3644.13,Delhi,Laptop,52,0,0,3,0.0375,0,7.439042136644771,41636.810000000005,0,0
TX12757,967.6,Card,12,2,26559.71,10265.5,Delhi,Laptop,112,0,0,1,0.0364,0,6.875851729969129,16294.21,0,0
TX13011,3339.37,UPI,15,4,15093.39,41430.85,Bengaluru,Desktop,33,0,0,3,0.2212,0,8.11383685827838,-26337.46,0,0
TX13076,880.32,Wallet,17,3,18996.13,1523.15,Kolkata,Desktop,89,0,0,3,0.0463,0,6.781420783595988,17472.98,0,0
TX12998,619.4,Bank Transfer,18,5,18594.23,21126.71,Chennai,Mobile,140,0,0,2,0.0333,0,6.430364431302384,-2532.4799999999996,0,1
TX12815,493.96,Card,13,4,4166.5,3897.39,Hyderabad,Mobile,100,0,0,2,0.1186,0,6.204476951222733,269.1100000000001,0,0
TX12259,906.34,UPI,15,2,55197.13,42495.05,Delhi,Laptop,47,0,0,4,0.0164,0,6.810517242054884,12702.079999999994,0,0
TXF20458,99794.99,Wallet,2,0,49897.5,798.93,Hyderabad,Desktop,25,1,1,15,2.0,1,11.510883281131582,49098.57,1,0
TX13204,2278.48,Card,10,3,42007.17,33886.39,Mumbai,Desktop,64,0,0,3,0.0542,0,7.73170262576109,8120.779999999999,0,0
TX11237,4739.54,Bank Transfer,20,3,51773.82,31007.56,Chennai,Tablet,108,0,0,4,0.0915,0,8.463906332250904,20766.26,0,0
TX10103,404.14,Card,11,1,64095.96,2360.67,Delhi,Mobile,186,0,0,2,0.0063,0,6.00423268638566,61735.29,0,0
TX12643,1104.37,Wallet,12,4,29168.4,43130.51,Mumbai,Laptop,139,0,0,4,0.0379,0,7.007935399533865,-13962.11,0,0
TX10272,1423.55,Wallet,20,3,43855.29,44644.32,Lucknow,Desktop,83,0,0,4,0.0325,0,7.261611253357072,-789.0299999999988,0,0
TX10508,1121.64,E-commerce,19,4,65398.36,41141.78,Bengaluru,Mobile,111,0,0,2,0.0172,0,7.02343833344288,24256.58,0,0
TX12226,593.68,Card,12,1,67754.05,120.04,Delhi,Laptop,71,0,0,4,0.0088,0,6.38802344574515,67634.01000000001,0,0
TXF20433,70547.97,Bank Transfer,23,1,114632.16,4233.5,Bengaluru,Mobile,19,1,1,21,0.6154,1,11.164062357599615,110398.66,1,0
TX12441,2035.69,Wallet,20,2,97081.7,3256.81,Chennai,Desktop,164,0,0,4,0.021,0,7.619081220060383,93824.89,0,0
TX10865,678.35,E-commerce,10,4,58602.05,17920.35,Bengaluru,Tablet,103,0,0,3,0.0116,0,6.521136458670332,40681.700000000004,0,0
TX13326,2934.72,Wallet,19,4,31353.45,27884.24,Bengaluru,Tablet,118,0,0,1,0.0936,0,7.984708017339193,3469.209999999999,0,0
TX10908,1102.85,UPI,17,0,73089.02,43145.76,Mumbai,Mobile,172,0,0,1,0.0151,0,7.006559348040717,29943.260000000002,0,0
TX12114,1901.4,E-commerce,12,4,87124.57,24205.01,Chennai,Mobile,135,0,0,1,0.0218,0,7.550871525936517,62919.56000000001,0,0
TX13896,1607.49,Card,8,4,93963.5,37429.66,Pune,Mobile,31,0,0,2,0.0171,0,7.383051129687421,56533.84,0,0
TX11627,1354.03,E-commerce,13,5,49313.88,19521.51,Kolkata,Laptop,22,0,0,4,0.0275,0,7.2115788732901125,29792.37,0,1
TX12873,252.49,E-commerce,16,3,79492.09,29110.19,Pune,Mobile,27,0,0,4,0.0032,0,5.5353243745214,50381.899999999994,0,0
TX11522,2344.14,UPI,8,0,55086.55,35393.22,Bengaluru,Desktop,58,0,0,4,0.0426,0,7.7601003805908535,19693.33,0,0
TX10835,1318.91,Bank Transfer,20,6,38204.14,11346.53,Mumbai,Tablet,168,0,0,2,0.0345,0,7.1853188314377485,26857.61,0,1
TX10358,767.28,UPI,19,5,31213.15,35437.79,Mumbai,Mobile,24,0,0,3,0.0246,0,6.644154250036651,-4224.639999999999,0,1
TX10138,1419.66,E-commerce,13,1,76151.13,29210.1,Bengaluru,Mobile,188,0,0,4,0.0186,0,7.258876831346876,46941.030000000006,0,0
TX10299,4521.69,UPI,19,4,29538.69,40973.21,Ahmedabad,Mobile,50,0,0,1,0.1531,0,8.416862228548379,-11434.52,0,0
TX11556,742.02,Wallet,14,2,20640.37,25295.08,Mumbai,Mobile,156,0,0,3,0.0359,0,6.610722962255883,-4654.710000000003,0,0
TX11003,1042.3,Bank Transfer,16,3,91268.82,10253.29,Lucknow,Mobile,22,0,0,4,0.0114,0,6.950144045473924,81015.53,0,0
TX10382,2148.48,Wallet,13,5,33529.49,22815.49,Chennai,Desktop,133,0,0,2,0.0641,0,7.672981231403633,10713.999999999996,0,1
TX10941,1059.15,UPI,18,0,46359.45,47883.29,Bengaluru,Desktop,140,0,0,1,0.0228,0,6.9661656865285595,-1523.8400000000038,0,0
TX14446,5083.88,Bank Transfer,12,6,36204.96,6408.67,Delhi,Desktop,119,0,0,3,0.1404,0,8.534026709384145,29796.29,0,1
TXF20354,87228.65,UPI,4,0,43614.32,1028.52,Ahmedabad,Mobile,2,1,1,6,2.0,1,11.376299575038153,42585.8,1,0
TX10761,1378.08,Wallet,8,3,58944.21,47806.75,Lucknow,Tablet,152,0,0,1,0.0234,0,7.229171889163546,11137.46,0,0
TX11705,716.1,Wallet,10,1,35141.82,49883.85,Delhi,Mobile,27,0,0,2,0.0204,0,6.575215300888529,-14742.029999999999,0,0
TX11873,424.51,E-commerce,20,6,1314.39,49973.09,Delhi,Desktop,89,0,0,4,0.323,0,6.053288449499899,-48658.7,0,1
TX12550,1171.4,Card,20,4,41048.01,15003.74,Ahmedabad,Desktop,52,0,0,1,0.0285,0,7.066808208836737,26044.270000000004,0,0
TX12086,456.24,Wallet,12,5,24395.05,46631.95,Delhi,Laptop,53,0,0,2,0.0187,0,6.125208417157578,-22236.899999999998,0,1
TX12197,3845.07,Wallet,13,0,75101.69,2693.11,Lucknow,Desktop,162,0,0,1,0.0512,0,8.254807126711123,72408.58,0,0
TX10898,848.5,Bank Transfer,10,5,92987.45,34760.31,Ahmedabad,Desktop,136,0,0,4,0.0091,0,6.744647941111987,58227.14,0,1
TX13999,383.23,Wallet,11,3,82171.59,32712.68,Delhi,Mobile,157,0,0,4,0.0047,0,5.951241331617111,49458.909999999996,0,0
TX13615,792.44,E-commerce,19,3,57978.05,11157.51,Chennai,Laptop,142,0,0,4,0.0137,0,6.676377922740824,46820.54,0,0
TX11402,1126.9,UPI,10,4,94614.02,15238.94,Pune,Mobile,18,0,0,4,0.0119,0,7.028112775645871,79375.08,0,0
TX13873,1278.14,Wallet,10,5,68333.7,32785.73,Bengaluru,Mobile,199,0,0,3,0.0187,0,7.1539432561045055,35547.969999999994,0,1
TX13785,737.62,E-commerce,15,5,38052.97,14311.54,Delhi,Desktop,110,0,0,3,0.0194,0,6.6047835803080135,23741.43,0,1
TX14386,556.06,UPI,11,4,10440.17,21463.59,Jaipur,Mobile,107,0,0,4,0.0533,0,6.322672954054096,-11023.42,0,0
TX12955,658.53,E-commerce,14,2,44717.37,1179.19,Delhi,Mobile,134,0,0,2,0.0147,0,6.491527460129599,43538.18,0,0
TX11512,578.27,E-commerce,8,6,85501.21,18226.44,Bengaluru,Laptop,104,0,0,2,0.0068,0,6.361768690122557,67274.77,0,1
TX11188,4464.65,E-commerce,16,3,100297.39,11100.26,Hyderabad,Desktop,49,0,0,1,0.0445,0,8.404170059423066,89197.13,0,0
TX12989,355.27,Bank Transfer,10,1,85618.12,34232.84,Hyderabad,Mobile,41,0,0,4,0.0041,0,5.875688870357927,51385.28,0,0
TX12080,258.36,E-commerce,14,0,96438.7,15710.95,Delhi,Mobile,168,0,0,3,0.0027,0,5.558217057987366,80727.75,0,0
TXF20483,52699.83,Card,0,6,38991.65,152.42,Hyderabad,Mobile,15,1,1,14,1.3516,1,10.872386483931049,38839.23,1,1
TX13437,256.75,Bank Transfer,17,3,27329.31,22063.2,Bengaluru,Mobile,196,0,0,4,0.0094,0,5.551990122897069,5266.110000000001,0,0
TX10108,3900.32,E-commerce,20,6,49996.48,27326.28,Pune,Desktop,138,0,0,4,0.078,0,8.269070236391014,22670.200000000004,0,1
TXF20198,48906.28,Bank Transfer,16,1,35544.67,1460.07,Jaipur,Mobile,15,1,1,4,1.3759,1,10.797681539637766,34084.6,0,0
TX12827,562.61,Wallet,8,2,90558.19,46375.58,Bengaluru,Mobile,83,0,0,2,0.0062,0,6.334362522947317,44182.61,0,0
TXF20247,12214.77,UPI,18,5,58148.67,2093.03,Ahmedabad,Tablet,21,1,1,3,0.2101,1,9.410483018954361,56055.64,0,1
TX10058,1339.96,Wallet,16,4,65722.11,4298.58,Kolkata,Mobile,16,0,0,4,0.0204,0,7.201141054350596,61423.53,0,0
TX10076,540.73,UPI,20,4,62233.95,49503.69,Kolkata,Tablet,102,0,0,4,0.0087,0,6.2947677223376814,12730.259999999995,0,0
TX10796,647.75,Bank Transfer,15,1,36991.02,13592.62,Chennai,Mobile,47,0,0,4,0.0175,0,6.475047434480098,23398.399999999994,0,0
TX10368,1332.8,Wallet,9,0,66956.67,13735.65,Delhi,Mobile,24,0,0,3,0.0199,0,7.195787290198206,53221.02,0,0
TXF20405,76020.23,Wallet,1,6,56886.88,2715.06,Ahmedabad,Mobile,20,1,1,5,1.3363,1,11.238767922364989,54171.82,1,1
TX10785,1369.09,Bank Transfer,8,2,14099.7,44444.09,Kolkata,Mobile,110,0,0,3,0.0971,0,7.222631710095109,-30344.389999999996,0,0
TX12088,8583.49,Card,15,5,106120.32,48291.95,Mumbai,Tablet,112,0,0,1,0.0809,0,9.05771236562638,57828.37000000001,0,1
TX12314,1097.61,UPI,17,6,85221.66,35094.54,Lucknow,Desktop,173,0,0,4,0.0129,0,7.001801023361176,50127.12,0,1
TX13384,2660.25,Bank Transfer,14,1,101486.5,17383.54,Hyderabad,Desktop,92,0,0,1,0.0262,0,7.886551216207689,84102.95999999999,0,0
TX13605,621.41,Bank Transfer,13,0,13799.78,27323.57,Pune,Laptop,63,0,0,2,0.045,0,6.433599039573158,-13523.789999999999,0,0
TX14111,241.83,E-commerce,17,4,78800.59,29848.52,Chennai,Mobile,47,0,0,1,0.0031,0,5.492361610036972,48952.06999999999,0,0
TX11902,482.06,Card,13,0,80428.18,35390.69,Pune,Mobile,140,0,0,4,0.006,0,6.180140869539945,45037.48999999999,0,0
TX11703,348.58,UPI,16,4,83928.47,35546.54,Jaipur,Desktop,67,0,0,2,0.0042,0,5.856732433906941,48381.93,0,0
TX10121,1115.22,Card,18,5,40340.79,640.8,Delhi,Desktop,78,0,0,4,0.0276,0,7.017703256129662,39699.99,0,1
TX11844,908.02,Wallet,18,4,88447.24,6532.24,Lucknow,Tablet,123,0,0,1,0.0103,0,6.812367096135654,81915.0,0,0
TX12369,1416.82,Card,18,2,5242.76,18400.93,Hyderabad,Tablet,45,0,0,4,0.2702,0,7.256875759683393,-13158.17,0,0
TX13728,1729.88,UPI,20,4,56953.73,20729.49,Ahmedabad,Mobile,12,0,0,3,0.0304,0,7.456385228683062,36224.240000000005,0,0
TX10910,195.85,UPI,12,1,13801.5,43278.26,Bengaluru,Mobile,156,0,0,1,0.0142,0,5.282442017389746,-29476.760000000002,0,0
TX10124,490.38,E-commerce,8,6,67905.97,37643.49,Delhi,Tablet,165,0,0,4,0.0072,0,6.19721775921811,30262.480000000003,0,1
TX12572,1045.53,Card,18,4,98610.5,16728.76,Mumbai,Mobile,180,0,0,4,0.0106,0,6.953235208460353,81881.74,0,0
TX11586,3130.46,UPI,17,4,91711.73,4426.66,Bengaluru,Mobile,95,0,0,1,0.0341,0,8.049254628452623,87285.06999999999,0,0
TX11257,2322.34,Wallet,17,5,9727.05,4584.85,Hyderabad,Mobile,45,0,0,3,0.2388,0,7.750761084522802,5142.199999999999,0,1
TX13441,1170.84,Wallet,12,2,24651.99,43725.17,Mumbai,Mobile,159,0,0,1,0.0475,0,7.066330442046091,-19073.179999999997,0,0
TX13480,802.06,E-commerce,18,2,76768.41,18652.97,Delhi,Laptop,77,0,0,3,0.0104,0,6.688429430956123,58115.44,0,0
TX14108,3315.98,Wallet,12,6,94649.13,37771.09,Bengaluru,Mobile,28,0,0,2,0.035,0,8.106810009384105,56878.04000000001,0,1
TX11178,507.66,Bank Transfer,19,5,61980.85,46930.26,Delhi,Laptop,92,0,0,2,0.0082,0,6.231779816930511,15050.589999999997,0,1
TX13463,1213.74,Card,18,6,96662.45,7200.08,Mumbai,Tablet,79,0,0,4,0.0126,0,7.1022853411055955,89462.37,0,1
TX13469,1447.97,UPI,13,4,85221.94,1478.83,Bengaluru,Mobile,106,0,0,2,0.017,0,7.278608238172605,83743.11,0,0
TX13467,6586.26,UPI,19,4,67075.69,28995.72,Hyderabad,Mobile,38,0,0,3,0.0982,0,8.792892759548362,38079.97,0,0
TX12103,1102.15,Card,15,4,86766.71,21790.44,Chennai,Mobile,41,0,0,3,0.0127,0,7.005925002754381,64976.270000000004,0,0
TX10442,1397.04,UPI,16,0,101338.71,2505.78,Kolkata,Mobile,16,0,0,4,0.0138,0,7.242826534687722,98832.93000000001,0,0
TX12227,676.5,E-commerce,10,5,81362.67,4054.56,Pune,Desktop,55,0,0,1,0.0083,0,6.518409552753856,77308.11,0,1
TX14416,1608.53,Wallet,16,6,39158.98,18641.5,Mumbai,Mobile,123,0,0,2,0.0411,0,7.3836974898941365,20517.480000000003,0,1
TX10925,509.93,Wallet,20,5,7726.43,25983.18,Bengaluru,Mobile,65,0,0,4,0.066,0,6.236232594518854,-18256.75,0,1
TX14020,955.8,Wallet,9,6,92486.2,7099.33,Pune,Laptop,89,0,0,1,0.0103,0,6.863594383196367,85386.87,0,1
TX12145,325.32,UPI,15,1,83534.28,38361.74,Lucknow,Mobile,149,0,0,4,0.0039,0,5.787878495009303,45172.54,0,0
TXF20270,2883.57,Bank Transfer,18,3,146909.33,658.93,Mumbai,Mobile,3,0,0,14,0.0196,1,7.967131121039862,146250.4,0,0
TX11411,1357.57,UPI,19,4,97008.61,18896.15,Mumbai,Desktop,92,0,0,3,0.014,0,7.214187954958859,78112.45999999999,0,0
TX13466,497.29,E-commerce,13,5,36437.05,47359.67,Delhi,Mobile,64,0,0,1,0.0136,0,6.211182236854,-10922.619999999995,0,1
TX12072,830.69,UPI,9,6,12558.32,43514.24,Hyderabad,Mobile,163,0,0,1,0.0661,0,6.723459775236169,-30955.92,0,1
TX11509,1261.97,Wallet,20,0,97436.27,22298.14,Hyderabad,Mobile,111,0,0,1,0.013,0,7.141221369099264,75138.13,0,0
TX11227,270.03,Wallet,13,3,4219.96,19656.34,Hyderabad,Desktop,73,0,0,4,0.064,0,5.602229515859796,-15436.380000000001,0,0
TX14072,789.18,UPI,14,1,50372.55,14870.03,Jaipur,Desktop,60,0,0,3,0.0157,0,6.672260767608897,35502.520000000004,0,0
TX12585,595.9,Bank Transfer,13,6,31804.85,6603.16,Chennai,Mobile,11,0,0,3,0.0187,0,6.391749595174604,25201.69,0,1
TX14450,903.09,E-commerce,17,1,47997.8,41400.79,Pune,Mobile,108,0,0,3,0.0188,0,6.806928912958779,6597.010000000002,0,0
TX12951,646.34,E-commerce,9,6,60384.23,43623.01,Ahmedabad,Mobile,72,0,0,1,0.0107,0,6.472871658791304,16761.22,0,1
TX13885,894.13,Bank Transfer,14,5,49974.12,13018.55,Mumbai,Desktop,169,0,0,1,0.0179,0,6.79696895912354,36955.57000000001,0,1
TX10324,374.07,UPI,11,2,30356.73,11757.03,Pune,Mobile,177,0,0,1,0.0123,0,5.927112675217023,18599.699999999997,0,0
TX13977,1642.88,Wallet,10,4,99706.64,48284.72,Delhi,Mobile,32,0,0,2,0.0165,0,7.404814580251299,51421.92,0,0
TX13576,2324.28,Card,15,5,55967.4,10991.65,Bengaluru,Mobile,154,0,0,1,0.0415,0,7.75159574087786,44975.75,0,1
TX12211,331.88,E-commerce,8,2,46235.4,8621.34,Mumbai,Mobile,164,0,0,3,0.0072,0,5.807782064674686,37614.06,0,0
TX13298,1001.72,Card,12,5,71652.65,11420.84,Kolkata,Mobile,90,0,0,4,0.014,0,6.9104715864763655,60231.81,0,1
TX13035,4352.3,UPI,15,6,41214.72,46813.7,Bengaluru,Desktop,189,0,0,1,0.1056,0,8.378689457165157,-5598.979999999996,0,1
TX11498,359.02,Card,16,4,39346.34,4120.98,Pune,Mobile,58,0,0,2,0.0091,0,5.886159585462559,35225.36,0,0
TX11502,1416.04,E-commerce,17,4,89921.67,27744.26,Bengaluru,Mobile,173,0,0,4,0.0157,0,7.256325467944341,62177.41,0,0
TX11006,2864.25,Bank Transfer,10,0,46494.74,49859.4,Lucknow,Mobile,157,0,0,4,0.0616,0,7.960410885376809,-3364.6600000000035,0,0
TX14179,736.83,Wallet,17,4,38376.37,44446.93,Mumbai,Laptop,129,0,0,3,0.0192,0,6.603713445761783,-6070.559999999998,0,0
TX13013,614.07,UPI,15,4,60419.07,23073.27,Lucknow,Tablet,43,0,0,4,0.0102,0,6.421736082467595,37345.8,0,0
TX13516,535.25,Wallet,18,0,61717.19,36332.69,Bengaluru,Tablet,134,0,0,2,0.0087,0,6.284600470242227,25384.5,0,0
TX11467,844.41,UPI,20,1,17690.95,39179.76,Mumbai,Mobile,84,0,0,1,0.0477,0,6.739821716782863,-21488.81,0,0
TX11225,1408.88,Wallet,19,4,16759.2,13481.9,Chennai,Desktop,47,0,0,4,0.0841,0,7.251259873367482,3277.300000000001,0,0
TX13167,1446.71,Wallet,11,6,21819.67,12191.3,Mumbai,Mobile,67,0,0,4,0.0663,0,7.277738276644603,9628.369999999999,0,1
TX12267,1359.5,Bank Transfer,17,1,11286.02,48795.96,Mumbai,Mobile,128,0,0,1,0.1205,0,7.215607558223301,-37509.94,0,0
TX13808,458.76,E-commerce,12,2,88206.19,39107.94,Delhi,Laptop,59,0,0,4,0.0052,0,6.130704614199486,49098.25,0,0
TX11216,2347.81,E-commerce,15,0,29861.26,45221.74,Ahmedabad,Mobile,12,0,0,2,0.0786,0,7.7616640959043215,-15360.48,0,0
TX13976,974.01,UPI,19,5,2478.01,34488.95,Hyderabad,Desktop,133,0,0,4,0.3931,0,6.882447727355507,-32010.939999999995,0,1
TXF20084,31035.18,Card,1,1,95841.89,2358.84,Kolkata,Laptop,18,1,0,3,0.3238,1,10.34290889971348,93483.05,1,0
TX10420,389.26,UPI,18,5,77849.84,6630.6,Mumbai,Mobile,35,0,0,4,0.005,0,5.9668131836668525,71219.23999999999,0,1
TX13422,1487.22,E-commerce,8,2,68781.92,49510.57,Pune,Desktop,176,0,0,4,0.0216,0,7.305336053926748,19271.35,0,0
TX10006,487.72,Bank Transfer,18,0,30056.11,18381.46,Pune,Desktop,16,0,0,2,0.0162,0,6.1917897283415115,11674.650000000001,0,0
TX10932,708.15,Card,12,1,60813.09,31220.07,Chennai,Desktop,161,0,0,2,0.0116,0,6.5640670697406165,29593.019999999997,0,0
TX11691,1944.38,E-commerce,13,2,82836.13,38411.45,Bengaluru,Desktop,135,0,0,4,0.0235,0,7.573212609720419,44424.68000000001,0,0
TX10439,1468.46,E-commerce,14,5,88424.51,28573.43,Mumbai,Desktop,152,0,0,1,0.0166,0,7.292650265345592,59851.079999999994,0,1
TX11313,1167.38,UPI,16,4,41100.49,14886.66,Delhi,Desktop,199,0,0,3,0.0284,0,7.063373452941542,26213.829999999998,0,0
TX10678,1159.85,Bank Transfer,18,0,7992.12,41585.54,Mumbai,Laptop,126,0,0,3,0.1451,0,7.056907774384578,-33593.42,0,0
TX11943,979.24,Card,10,5,60806.97,35515.88,Pune,Laptop,62,0,0,2,0.0161,0,6.887797439641191,25291.090000000004,0,1
TXF20110,16671.0,Card,23,5,85288.02,1287.89,Ahmedabad,Mobile,1,1,0,3,0.1955,1,9.721485944553093,84000.13,1,1
TX13303,858.76,UPI,14,0,31304.05,37470.99,Hyderabad,Mobile,100,0,0,2,0.0274,0,6.756653280532898,-6166.939999999999,0,0
TX12268,680.27,UPI,13,6,65841.73,1332.4,Bengaluru,Tablet,44,0,0,4,0.0103,0,6.523958703344687,64509.329999999994,0,1
TXF20133,23095.52,Wallet,2,2,70084.41,165.94,Mumbai,Desktop,4,1,0,2,0.3295,1,10.047437235810483,69918.47,1,0
TX14080,1158.95,Card,12,6,91327.27,13115.67,Jaipur,Tablet,187,0,0,3,0.0127,0,7.056132179723154,78211.6,0,1
TX12518,958.49,Wallet,9,2,67533.87,12828.85,Pune,Mobile,55,0,0,3,0.0142,0,6.866401893298603,54705.02,0,0
TX12439,373.84,UPI,19,0,38824.02,7129.34,Pune,Mobile,99,0,0,1,0.0096,0,5.926499268255623,31694.679999999997,0,0
TX14037,1085.04,Card,10,1,20466.51,46332.38,Pune,Mobile,142,0,0,4,0.053,0,6.990293332228107,-25865.87,0,0
TX11893,2378.58,Bank Transfer,16,6,72273.03,32176.05,Hyderabad,Mobile,22,0,0,3,0.0329,0,7.774679280504519,40096.979999999996,0,1
TX14244,1450.54,Wallet,17,4,50268.57,23362.89,Hyderabad,Desktop,32,0,0,2,0.0289,0,7.2803803407839105,26905.68,0,0
TXF20329,11186.64,UPI,14,5,113595.18,3751.56,Delhi,Mobile,27,0,1,18,0.0985,1,9.322564876471292,109843.62,0,1
TX12640,456.0,Wallet,13,0,64660.97,43886.71,Mumbai,Laptop,96,0,0,2,0.0071,0,6.124683390894205,20774.260000000002,0,0
TX10194,1089.66,Wallet,19,0,10238.23,26901.62,Mumbai,Laptop,85,0,0,4,0.1064,0,6.994538296566409,-16663.39,0,0
TX11474,961.54,Wallet,19,2,29737.88,14519.53,Delhi,Laptop,160,0,0,1,0.0323,0,6.869575623739969,15218.35,0,0
TXF20116,22985.01,Bank Transfer,0,1,20255.43,3873.62,Jaipur,Mobile,9,1,0,1,1.1348,1,10.04264104897603,16381.810000000001,1,0
TX11211,823.51,Wallet,18,3,6360.45,2065.65,Pune,Mobile,153,0,0,3,0.1295,0,6.714789270488868,4294.799999999999,0,0
TX12438,3333.61,Bank Transfer,11,5,93508.9,8279.62,Pune,Mobile,31,0,0,3,0.0357,0,8.112111009982295,85229.28,0,1
TX11657,868.35,Wallet,16,4,33307.56,26352.09,Pune,Desktop,137,0,0,3,0.0261,0,6.7677458059737985,6955.4699999999975,0,0
TX12700,777.66,Bank Transfer,18,6,85429.28,17378.68,Delhi,Desktop,42,0,0,4,0.0091,0,6.657574493599522,68050.6,0,1
TX13082,1409.48,E-commerce,20,6,77936.73,31005.63,Pune,Mobile,31,0,0,4,0.0181,0,7.2516853509725046,46931.09999999999,0,1
TX12705,1923.74,Bank Transfer,12,2,41373.44,13179.44,Mumbai,Mobile,147,0,0,2,0.0465,0,7.56254617266473,28194.0,0,0
TX14226,710.23,Wallet,13,4,98098.18,19917.91,Kolkata,Desktop,44,0,0,4,0.0072,0,6.5669958655372715,78180.26999999999,0,0
TX12842,764.94,UPI,12,1,32086.59,26142.03,Mumbai,Mobile,10,0,0,1,0.0238,0,6.641103837690993,5944.560000000001,0,0
TX12302,2076.17,Card,16,5,88256.97,4009.08,Mumbai,Mobile,89,0,0,2,0.0235,0,7.638761669347095,84247.89,0,1
TX11130,1186.13,UPI,15,4,78822.91,11797.84,Hyderabad,Desktop,22,0,0,1,0.015,0,7.079293908410622,67025.07,0,0
TX11461,704.62,Card,16,0,1264.11,15460.18,Hyderabad,Mobile,19,0,0,2,0.5574,0,6.559076848962081,-14196.07,0,0
TX10276,207.36,UPI,14,2,30006.7,47427.82,Bengaluru,Desktop,54,0,0,3,0.0069,0,5.339267352876991,-17421.12,0,0
TX12222,1503.67,Card,20,2,86916.55,45725.59,Delhi,Mobile,75,0,0,2,0.0173,0,7.316328884037001,41190.96000000001,0,0
TX12331,1501.67,Wallet,20,6,53926.97,3801.39,Delhi,Desktop,48,0,0,2,0.0278,0,7.314998804767713,50125.58,0,1
TX14322,394.69,Bank Transfer,19,3,3760.43,20800.05,Mumbai,Mobile,43,0,0,4,0.105,0,5.980631076401587,-17039.62,0,0
TX11302,435.87,Wallet,20,3,12392.91,44175.35,Bengaluru,Desktop,25,0,0,2,0.0352,0,6.079635668001265,-31782.44,0,0
TX12517,2432.75,E-commerce,11,2,21966.02,20429.52,Mumbai,Desktop,136,0,0,1,0.1108,0,7.797188556686409,1536.5,0,0
TX10222,2866.86,E-commerce,11,6,47060.78,18909.53,Mumbai,Mobile,169,0,0,4,0.0609,0,7.961321386023163,28151.25,0,1
TX12036,506.42,UPI,16,1,24823.72,20956.63,Pune,Laptop,151,0,0,4,0.0204,0,6.229339063022186,3867.09,0,0
TX11924,1052.35,Bank Transfer,9,5,15759.52,19532.79,Kolkata,Mobile,21,0,0,1,0.0668,0,6.95973084057248,-3773.2700000000004,0,1
TX10573,1565.06,Bank Transfer,15,6,57210.6,360.96,Mumbai,Desktop,172,0,0,1,0.0274,0,7.356318189993024,56849.64,0,1
TX11236,2240.3,Card,19,4,88917.4,14543.03,Lucknow,Tablet,194,0,0,3,0.0252,0,7.714811333649865,74374.37,0,0
TX13544,899.32,Bank Transfer,12,3,79157.6,7664.24,Delhi,Tablet,155,0,0,4,0.0114,0,6.802750255684969,71493.36,0,0
TX12133,1544.84,Bank Transfer,19,5,85879.01,18172.86,Bengaluru,Mobile,197,0,0,2,0.018,0,7.343322730906745,67706.15,0,1
TX11334,1003.04,Wallet,8,6,17758.03,9304.51,Delhi,Tablet,80,0,0,2,0.0565,0,6.911787140095508,8453.519999999999,0,1
TX12457,2703.09,Bank Transfer,11,5,59766.07,18249.9,Bengaluru,Mobile,155,0,0,3,0.0452,0,7.902520720632623,41516.17,0,1
TX10418,2749.06,Card,9,6,19519.69,19614.97,Mumbai,Desktop,190,0,0,2,0.1408,0,7.919378008604422,-95.28000000000247,0,1
TXF20414,54232.9,Wallet,2,2,74353.27,441.41,Mumbai,Mobile,27,1,1,9,0.7294,1,10.901061453162981,73911.86,1,0
TX11104,707.25,UPI,9,4,93456.07,48499.33,Hyderabad,Mobile,11,0,0,2,0.0076,0,6.562797138710626,44956.740000000005,0,0
TX10257,1075.67,Bank Transfer,9,6,21987.06,9615.32,Bengaluru,Desktop,127,0,0,4,0.0489,0,6.981628223519032,12371.740000000002,0,1
TX10295,1920.32,E-commerce,17,0,61630.57,2666.15,Delhi,Mobile,140,0,0,2,0.0312,0,7.560767728801963,58964.42,0,0
TX12361,1954.63,Card,13,1,11773.55,38427.66,Pune,Mobile,69,0,0,2,0.166,0,7.578467671147267,-26654.110000000004,0,0
TX10386,505.94,UPI,20,3,25089.42,49334.46,Mumbai,Mobile,32,0,0,2,0.0202,0,6.228392653392809,-24245.04,0,0
TX13308,660.22,UPI,11,2,82683.93,6621.84,Mumbai,Desktop,89,0,0,3,0.008,0,6.494086613523284,76062.09,0,0
TX14013,611.15,Card,14,0,18176.69,28285.97,Ahmedabad,Mobile,185,0,0,2,0.0336,0,6.416977350519924,-10109.280000000002,0,0
TX12231,1135.05,Card,8,3,31629.94,4818.36,Delhi,Desktop,113,0,0,2,0.0359,0,7.035312612397012,26811.579999999998,0,0
TX12554,1005.75,Card,13,1,75570.39,31010.31,Chennai,Laptop,143,0,0,2,0.0133,0,6.9144825997315635,44560.08,0,0
TX14335,476.68,Bank Transfer,12,3,67935.24,40838.25,Bengaluru,Laptop,17,0,0,1,0.007,0,6.168941052238737,27096.990000000005,0,0
TX13515,583.79,Bank Transfer,15,3,6913.58,10852.55,Hyderabad,Mobile,131,0,0,3,0.0844,0,6.3712528084261635,-3938.9699999999993,0,0
TX11839,1126.88,E-commerce,11,2,81594.38,40909.32,Pune,Laptop,158,0,0,4,0.0138,0,7.02809504342021,40685.060000000005,0,0
TX14384,899.95,E-commerce,8,4,19940.13,18257.63,Mumbai,Desktop,79,0,0,4,0.0451,0,6.803449762172823,1682.5,0,0
TX11563,351.09,UPI,12,3,32246.64,5420.52,Mumbai,Mobile,113,0,0,2,0.0109,0,5.863886824735253,26826.12,0,0
TX12015,1301.21,Card,13,3,48635.96,2552.5,Bengaluru,Desktop,161,0,0,1,0.0268,0,7.1718181000852095,46083.46,0,0
TX11400,2050.22,Wallet,14,6,78170.77,15698.64,Hyderabad,Tablet,184,0,0,2,0.0262,0,7.626190017068832,62472.130000000005,0,1
TX10712,2350.8,UPI,15,6,74886.12,6115.86,Chennai,Tablet,157,0,0,2,0.0314,0,7.762936271389315,68770.26,0,1
TX12420,1042.5,Wallet,14,1,56229.92,44402.1,Pune,Desktop,191,0,0,3,0.0185,0,6.950335726517255,11827.82,0,0
TX12619,1027.77,UPI,15,6,81551.75,32991.86,Mumbai,Tablet,72,0,0,2,0.0126,0,6.936119192871563,48559.89,0,1
TX10209,1139.64,Bank Transfer,13,1,30358.38,29103.79,Bengaluru,Tablet,178,0,0,1,0.0375,0,7.039344787369318,1254.5900000000001,0,0
TXF20444,106245.81,Card,1,1,54786.61,485.27,Lucknow,Mobile,30,1,1,14,1.9393,1,11.573520062806537,54301.340000000004,1,0
TX11289,532.05,Bank Transfer,17,5,64490.58,41021.37,Delhi,Mobile,167,0,0,2,0.0083,0,6.278615228396484,23469.21,0,1
TX10449,1212.53,Wallet,8,2,34008.82,18386.43,Mumbai,Desktop,167,0,0,1,0.0357,0,7.101288746739939,15622.39,0,0
TX14091,722.41,Card,8,6,63600.58,8772.56,Chennai,Desktop,197,0,0,3,0.0114,0,6.58397614303318,54828.020000000004,0,1
TX12569,666.6,Bank Transfer,8,5,18157.25,11419.17,Mumbai,Mobile,193,0,0,2,0.0367,0,6.5036891917876805,6738.08,0,1
TX11820,345.54,Bank Transfer,20,3,2800.86,43981.71,Pune,Mobile,116,0,0,3,0.1234,0,5.847998252082701,-41180.85,0,0
TX10958,2587.33,UPI,11,6,29838.25,18485.6,Lucknow,Desktop,117,0,0,3,0.0867,0,7.858768159083842,11352.650000000001,0,1
TX11793,727.85,Card,18,0,3215.16,29371.43,Kolkata,Mobile,25,0,0,2,0.2264,0,6.5914679495200215,-26156.27,0,0
TXF20286,5502.39,Wallet,8,1,106176.4,2940.56,Hyderabad,Laptop,24,0,1,15,0.0518,1,8.613119544982878,103235.84,0,0
TX10654,1514.72,UPI,14,6,65111.86,6400.61,Hyderabad,Mobile,128,0,0,4,0.0233,0,7.323645852573884,58711.25,0,1
TX12407,381.31,Bank Transfer,12,6,16630.79,22837.47,Bengaluru,Laptop,140,0,0,1,0.0229,0,5.946231797828224,-6206.68,0,1
TX13852,1150.47,E-commerce,15,3,89356.41,31971.08,Mumbai,Laptop,89,0,0,1,0.0129,0,7.048794665946974,57385.33,0,0
TX11995,1141.6,Bank Transfer,9,5,99227.34,7869.06,Bengaluru,Mobile,170,0,0,1,0.0115,0,7.041061646290362,91358.28,0,1
TX11760,1637.07,UPI,10,5,69229.28,48999.78,Mumbai,Mobile,54,0,0,1,0.0236,0,7.401273998542634,20229.5,0,1
TX12354,1197.1,Bank Transfer,19,6,79095.93,25067.88,Pune,Desktop,176,0,0,3,0.0151,0,7.088492247645854,54028.04999999999,0,1
TX12741,520.14,Bank Transfer,19,1,86946.05,46470.12,Bengaluru,Laptop,122,0,0,2,0.006,0,6.25601871966774,40475.93,0,0
TX12617,1377.19,E-commerce,15,5,15434.12,44389.4,Delhi,Mobile,49,0,0,3,0.0892,0,7.228526323055832,-28955.28,0,1
TX10411,759.68,Bank Transfer,16,2,90879.52,21143.87,Hyderabad,Laptop,121,0,0,4,0.0084,0,6.634212770084075,69735.65000000001,0,0
TX11774,2168.9,Bank Transfer,8,5,98731.04,45799.14,Bengaluru,Laptop,68,0,0,3,0.022,0,7.682436362523345,52931.899999999994,0,1
TX13978,817.61,Wallet,14,1,57588.73,31901.51,Ahmedabad,Mobile,61,0,0,1,0.0142,0,6.7076077799621885,25687.220000000005,0,0
TX12186,848.69,Card,11,3,68143.48,8192.95,Bengaluru,Desktop,143,0,0,1,0.0125,0,6.744871577080644,59950.53,0,0
TX12379,1450.9,UPI,16,5,48058.31,30011.58,Delhi,Mobile,39,0,0,2,0.0302,0,7.280628322489642,18046.729999999996,0,1
TX13963,945.86,Bank Transfer,8,6,43311.5,35364.05,Mumbai,Mobile,101,0,0,1,0.0218,0,6.853151246988096,7947.449999999997,0,1
TX14311,1032.75,Wallet,12,2,57521.6,48733.0,Delhi,Desktop,40,0,0,1,0.018,0,6.940948246337901,8788.599999999999,0,0
TXF20274,13753.68,Bank Transfer,9,1,155791.27,1864.05,Bengaluru,Mobile,27,0,0,28,0.0883,1,9.529134408820518,153927.22,0,0
TX13702,323.59,Bank Transfer,8,2,98278.94,39882.25,Ahmedabad,Desktop,6,0,0,2,0.0033,0,5.782562847458682,58396.69,0,0
TX13972,1132.57,Wallet,10,5,9089.5,5602.81,Mumbai,Mobile,200,0,0,1,0.1246,0,7.033127223664956,3486.6899999999996,0,1
TXF20265,19936.87,Bank Transfer,18,6,181631.45,165.98,Hyderabad,Mobile,26,1,1,23,0.1098,1,9.900376217348734,181465.47,0,1
TX13558,956.29,E-commerce,16,2,92777.64,7068.15,Kolkata,Mobile,53,0,0,3,0.0103,0,6.864106375851575,85709.49,0,0
TX14110,3056.75,Wallet,12,5,86284.59,9500.9,Chennai,Desktop,25,0,0,3,0.0354,0,8.025434630367473,76783.69,0,1
TX13497,501.92,UPI,10,1,42385.62,15338.54,Pune,Mobile,66,0,0,2,0.0118,0,6.220431111724981,27047.08,0,0
TX13765,1567.7,UPI,17,4,19221.12,36011.23,Mumbai,Mobile,186,0,0,3,0.0816,0,7.358002529862195,-16790.110000000004,0,0
TX10430,1970.64,Card,16,1,33928.17,25411.02,Chennai,Laptop,23,0,0,1,0.0581,0,7.586620962716313,8517.149999999998,0,0
TX14484,1257.59,Card,20,1,66305.42,19570.78,Mumbai,Mobile,159,0,0,1,0.019,0,7.137747325725181,46734.64,0,0
TX12321,5670.63,Bank Transfer,10,6,24939.54,25444.08,Chennai,Laptop,76,0,0,3,0.2274,0,8.643231833362073,-504.5400000000009,0,1
TX11366,506.47,UPI,14,4,14240.94,8020.96,Jaipur,Mobile,74,0,0,1,0.0356,0,6.22943759586819,6219.9800000000005,0,0
TX11992,1554.34,Wallet,10,2,7261.46,39164.15,Hyderabad,Mobile,29,0,0,4,0.2141,0,7.349449450230697,-31902.690000000002,0,0
TX12851,3348.77,Bank Transfer,16,3,90982.62,40090.7,Ahmedabad,Mobile,35,0,0,1,0.0368,0,8.116646965745714,50891.92,0,0
TX11176,1576.25,UPI,9,4,98705.77,28153.22,Kolkata,Desktop,76,0,0,4,0.016,0,7.363438103250919,70552.55,0,0
TX13528,1971.49,E-commerce,11,4,39848.54,7138.88,Lucknow,Desktop,82,0,0,4,0.0495,0,7.587051982998687,32709.66,0,0
TX11476,414.13,Bank Transfer,9,4,69693.17,8461.57,Mumbai,Mobile,22,0,0,3,0.0059,0,6.0285917241892655,61231.6,0,0
TX13740,1038.4,E-commerce,13,3,79623.44,24326.24,Delhi,Tablet,144,0,0,3,0.013,0,6.946398902574342,55297.2,0,0
TX12045,1957.28,Wallet,15,6,67673.16,11736.06,Delhi,Mobile,105,0,0,2,0.0289,0,7.579821815930844,55937.100000000006,0,1
TX10102,896.0,E-commerce,15,6,41047.22,30830.92,Lucknow,Desktop,77,0,0,1,0.0218,0,6.799055862058796,10216.300000000003,0,1
TX14331,845.74,Bank Transfer,11,3,88963.69,30380.89,Mumbai,Laptop,82,0,0,4,0.0095,0,6.74139368176691,58582.8,0,0
TX12992,596.21,E-commerce,15,4,50035.97,38446.54,Chennai,Desktop,33,0,0,1,0.0119,0,6.392268810333952,11589.43,0,0
TX11263,1234.56,UPI,15,6,28794.04,10972.78,Pune,Mobile,117,0,0,2,0.0429,0,7.119279587584186,17821.260000000002,0,1
TX12881,267.58,Wallet,8,3,24190.6,36376.3,Hyderabad,Desktop,31,0,0,2,0.0111,0,5.593148821153029,-12185.700000000004,0,0
TX13138,2783.68,UPI,10,4,99304.33,13093.83,Bengaluru,Mobile,70,0,0,3,0.028,0,7.931888244502996,86210.5,0,0
TX13622,3352.32,Wallet,11,6,13138.47,8715.6,Lucknow,Desktop,112,0,0,4,0.2552,0,8.117706178834574,4422.869999999999,0,1
TX13203,690.08,E-commerce,18,4,86061.98,48645.54,Bengaluru,Mobile,145,0,0,1,0.008,0,6.538255591306581,37416.439999999995,0,0
TX14278,1250.3,Bank Transfer,17,2,20590.4,18126.02,Chennai,Mobile,35,0,0,1,0.0607,0,7.131938289871009,2464.380000000001,0,0
TX13299,703.3,E-commerce,17,2,80334.36,31575.91,Mumbai,Mobile,41,0,0,2,0.0088,0,6.557204401751364,48758.45,0,0
TXF20493,91149.91,UPI,3,5,100488.21,3587.68,Jaipur,Mobile,8,1,1,20,0.9071,1,11.420271763600583,96900.53000000001,1,1
TX13633,1225.93,E-commerce,16,4,83873.99,46845.02,Mumbai,Desktop,66,0,0,2,0.0146,0,7.112270393368763,37028.97000000001,0,0
TX11643,2815.26,UPI,8,0,57422.07,34779.01,Mumbai,Mobile,16,0,0,3,0.049,0,7.943165042561278,22643.059999999998,0,0
TXF20005,122872.51,Wallet,12,2,91496.58,4344.35,Bengaluru,Mobile,1,1,0,2,1.3429,1,11.718910731231489,87152.23,0,0
TX10000,1631.69,Bank Transfer,9,3,74965.09,29973.06,Delhi,Mobile,31,0,0,1,0.0218,0,7.397984240289451,44992.03,0,0
TX11580,423.53,E-commerce,9,3,19235.98,37846.91,Kolkata,Mobile,139,0,0,2,0.022,0,6.050982674632389,-18610.930000000004,0,0
TX14422,1669.26,E-commerce,14,6,93193.45,48671.62,Mumbai,Mobile,129,0,0,4,0.0179,0,7.420734581915339,44521.829999999994,0,1
TX14116,840.99,E-commerce,16,1,16808.49,29837.49,Mumbai,Laptop,200,0,0,1,0.05,0,6.7357681376872405,-13029.0,0,0
TX11356,947.17,Bank Transfer,15,5,36265.99,39143.05,Mumbai,Mobile,57,0,0,2,0.0261,0,6.854533811072749,-2877.060000000005,0,1
TX14201,929.15,Bank Transfer,15,1,10874.88,16010.71,Bengaluru,Mobile,92,0,0,3,0.0854,0,6.8353458634639965,-5135.83,0,0
TXF20074,181850.3,Card,15,3,139080.43,4336.73,Lucknow,Desktop,19,0,1,1,1.3075,1,12.110944599138552,134743.69999999998,0,0
TX13733,1823.62,Card,19,3,82489.26,8164.64,Delhi,Desktop,199,0,0,2,0.0221,0,7.509127025157887,74324.62,0,0
TX12025,730.99,UPI,10,0,51150.06,36300.86,Bengaluru,Mobile,63,0,0,1,0.0143,0,6.595766852665811,14849.199999999997,0,0
TX12218,833.33,UPI,11,5,62343.78,43453.17,Bengaluru,Mobile,43,0,0,4,0.0134,0,6.72662900754993,18890.61,0,1
TX10396,1917.12,Card,16,1,73468.77,40106.23,Pune,Desktop,40,0,0,2,0.0261,0,7.559100818658319,33362.54,0,0
TXF20441,106129.78,E-commerce,2,2,132891.25,196.6,Chennai,Mobile,26,1,1,19,0.7986,1,11.572427386205918,132694.65,1,0
TX11064,4466.59,Wallet,19,6,40281.59,2694.27,Mumbai,Laptop,158,0,0,2,0.1109,0,8.40460439232591,37587.32,0,1
TX13080,401.32,E-commerce,14,5,89819.36,14646.69,Mumbai,Mobile,67,0,0,4,0.0045,0,5.9972477918637095,75172.67,0,1
TX12153,8108.92,Card,18,6,46765.29,7696.19,Kolkata,Desktop,57,0,0,4,0.1734,0,9.000843282695824,39069.1,0,1
TX10818,913.35,UPI,12,2,50453.38,20274.06,Mumbai,Desktop,35,0,0,2,0.0181,0,6.818213430320642,30179.319999999996,0,0
TX11812,552.84,Bank Transfer,12,0,99018.14,33353.72,Delhi,Mobile,88,0,0,3,0.0056,0,6.31687583636977,65664.42,0,0
TX12552,1082.49,Card,14,0,14610.15,34841.45,Jaipur,Desktop,88,0,0,1,0.0741,0,6.987942591584492,-20231.299999999996,0,0
TX11552,4083.47,Wallet,17,5,52842.76,4361.61,Pune,Desktop,138,0,0,2,0.0773,0,8.314947255914701,48481.15,0,1
TX14047,915.46,Wallet,12,5,73628.47,33744.4,Kolkata,Laptop,68,0,0,4,0.0124,0,6.820518422028356,39884.07,0,1
TX10816,709.61,E-commerce,13,5,12305.08,25841.51,Pune,Desktop,38,0,0,4,0.0577,0,6.5661237561026,-13536.429999999998,0,1
TX11572,1920.92,UPI,9,4,12329.1,899.81,Pune,Laptop,154,0,0,1,0.1558,0,7.561079965354911,11429.29,0,0
TXF20052,134950.3,UPI,17,3,67475.15,4679.0,Kolkata,Mobile,14,0,0,4,2.0,1,11.812669251597232,62796.149999999994,0,0
TX11800,636.9,Card,9,5,21460.42,31377.45,Mumbai,Mobile,59,0,0,3,0.0297,0,6.458181531247909,-9917.030000000002,0,1
TX14287,638.51,Wallet,11,6,97194.69,7548.17,Pune,Laptop,199,0,0,4,0.0066,0,6.460702258113213,89646.52,0,1
TX10381,4632.04,Wallet,13,5,11520.83,29140.37,Mumbai,Mobile,61,0,0,2,0.4021,0,8.440968519094033,-17619.54,0,1
TX12874,662.41,Wallet,20,6,6143.83,43694.33,Ahmedabad,Tablet,141,0,0,3,0.1078,0,6.497393200261266,-37550.5,0,1
TX14347,807.16,Wallet,10,5,9311.26,7909.74,Chennai,Mobile,82,0,0,4,0.0867,0,6.6947600587197424,1401.5200000000004,0,1
TXF20126,38571.77,E-commerce,23,4,255219.68,4963.62,Jaipur,Mobile,4,1,0,5,0.1511,1,10.560301866098243,250256.06,1,0
TX13503,905.38,Bank Transfer,17,1,98857.66,23273.71,Hyderabad,Mobile,113,0,0,2,0.0092,0,6.809458644157027,75583.95000000001,0,0
TX12311,172.22,Card,10,0,35979.37,30672.95,Bengaluru,Desktop,54,0,0,4,0.0048,0,5.1545624629028985,5306.420000000002,0,0
TX11780,1296.7,Wallet,17,5,94208.66,24887.5,Delhi,Tablet,78,0,0,2,0.0138,0,7.1683487457431845,69321.16,0,1
TX12726,2055.24,E-commerce,16,6,10027.06,47173.53,Mumbai,Desktop,179,0,0,4,0.205,0,7.628634351279972,-37146.47,0,1
TX12437,823.64,E-commerce,15,1,37077.87,23820.42,Hyderabad,Desktop,109,0,0,1,0.0222,0,6.714946927464,13257.450000000004,0,0
TX12333,800.16,UPI,16,2,12997.11,49512.1,Bengaluru,Desktop,104,0,0,2,0.0616,0,6.686060677433032,-36514.99,0,0
TX10864,3414.15,Wallet,10,4,95297.58,47551.34,Kolkata,Laptop,183,0,0,4,0.0358,0,8.135976694905565,47746.240000000005,0,0
TX13638,796.47,Wallet,15,3,13628.42,25010.65,Bengaluru,Desktop,18,0,0,3,0.0584,0,6.681444216396582,-11382.230000000001,0,0
TX13164,1373.27,UPI,19,0,49422.04,11252.37,Bengaluru,Desktop,192,0,0,3,0.0278,0,7.22567796002763,38169.67,0,0
TX10554,1686.88,E-commerce,9,0,14932.41,16979.55,Mumbai,Mobile,32,0,0,4,0.113,0,7.431228582581492,-2047.1399999999994,0,0
TX11159,1181.69,E-commerce,17,4,13493.25,49030.35,Chennai,Laptop,138,0,0,2,0.0876,0,7.075546783991766,-35537.1,0,0
TX11213,3148.38,Card,8,1,4772.98,39389.86,Hyderabad,Desktop,59,0,0,2,0.6596,0,8.054960887050193,-34616.880000000005,0,0
TX13760,1080.84,Card,9,1,27094.47,44572.35,Pune,Laptop,102,0,0,2,0.0399,0,6.986418574165104,-17477.879999999997,0,0
TX14213,2409.05,Wallet,8,4,38244.8,14123.29,Delhi,Desktop,173,0,0,1,0.063,0,7.787402773157454,24121.510000000002,0,0
TX10048,1187.64,Card,19,6,69105.29,927.73,Pune,Tablet,154,0,0,2,0.0172,0,7.080565075403496,68177.56,0,1
TX12367,535.74,Card,11,6,65185.38,17828.95,Delhi,Mobile,120,0,0,2,0.0082,0,6.2855138059379225,47356.42999999999,0,1
TX10700,622.21,Card,9,0,43094.11,20609.95,Delhi,Mobile,172,0,0,3,0.0144,0,6.434883540640893,22484.16,0,0
TX10652,3993.01,E-commerce,20,4,69282.19,31084.34,Chennai,Mobile,173,0,0,2,0.0576,0,8.29255101772826,38197.850000000006,0,0
TX13933,666.38,Wallet,15,0,47738.89,10952.47,Hyderabad,Tablet,196,0,0,2,0.014,0,6.5033595988319925,36786.42,0,0
TX14409,1185.58,Bank Transfer,9,2,3783.11,42946.61,Mumbai,Mobile,149,0,0,1,0.3134,0,7.07883049880301,-39163.5,0,0
TX13311,471.42,Wallet,10,2,35917.51,41878.28,Pune,Mobile,182,0,0,3,0.0131,0,6.157868420429562,-5960.769999999997,0,0
TX10748,2645.9,Bank Transfer,17,4,64901.62,10145.47,Ahmedabad,Desktop,88,0,0,3,0.0408,0,7.881144422896169,54756.15,0,0
TX11455,766.18,Card,17,3,68487.06,25493.81,Mumbai,Mobile,25,0,0,2,0.0112,0,6.6427214544077415,42993.25,0,0
TX14195,633.97,E-commerce,20,2,99685.31,40402.21,Bengaluru,Desktop,91,0,0,4,0.0064,0,6.453577753682166,59283.1,0,0
TX12389,1127.6,UPI,14,2,34882.03,1384.55,Bengaluru,Desktop,16,0,0,1,0.0323,0,7.0287332055350396,33497.479999999996,0,0
TX13494,1399.85,E-commerce,18,4,20991.58,29097.2,Bengaluru,Desktop,6,0,0,3,0.0667,0,7.244834474223836,-8105.619999999999,0,0
TX10866,634.16,E-commerce,10,3,57259.53,17993.07,Mumbai,Desktop,192,0,0,2,0.0111,0,6.453876935657896,39266.46,0,0
TX10752,2613.98,Bank Transfer,11,4,16113.89,39546.44,Mumbai,Tablet,181,0,0,3,0.1622,0,7.869011728286219,-23432.550000000003,0,0
TX11644,1368.22,Card,17,2,62696.71,18611.59,Lucknow,Mobile,106,0,0,4,0.0218,0,7.22199651361917,44085.119999999995,0,0
TX10092,217.0,E-commerce,10,1,79838.03,13614.53,Jaipur,Mobile,142,0,0,4,0.0027,0,5.384495062789089,66223.5,0,0
TXF20324,11123.2,Bank Transfer,17,3,170467.03,1039.43,Mumbai,Tablet,0,1,1,30,0.0653,1,9.316878194336425,169427.6,0,0
TX13101,1417.63,Wallet,9,1,71869.28,11207.92,Mumbai,Laptop,164,0,0,4,0.0197,0,7.257446896154699,60661.36,0,0
TX12432,922.22,UPI,18,3,65882.01,35632.39,Delhi,Desktop,30,0,0,2,0.014,0,6.827867559297342,30249.619999999995,0,0
TX12629,332.3,Wallet,15,1,86508.06,3586.11,Hyderabad,Tablet,51,0,0,2,0.0038,0,5.8090429853136945,82921.95,0,0
TX11490,504.67,Bank Transfer,14,1,60353.14,40737.76,Kolkata,Desktop,112,0,0,2,0.0084,0,6.225884282616507,19615.379999999997,0,0
TX12895,2483.19,Wallet,15,2,75177.23,11568.32,Hyderabad,Mobile,91,0,0,4,0.033,0,7.817701929661205,63608.909999999996,0,0
TX12177,878.89,Wallet,15,2,96801.8,30708.75,Mumbai,Desktop,182,0,0,3,0.0091,0,6.779796899659101,66093.05,0,0
TX10729,927.62,UPI,17,0,68801.12,30328.38,Mumbai,Desktop,184,0,0,1,0.0135,0,6.8336996131527235,38472.73999999999,0,0
TXF20259,16819.62,E-commerce,11,4,59893.56,4547.39,Pune,Mobile,7,0,0,22,0.2808,1,9.730360793727499,55346.17,0,0
TX12471,1001.31,Card,19,5,88085.88,7018.76,Delhi,Laptop,107,0,0,1,0.0114,0,6.910062615033828,81067.12000000001,0,1
TX12242,1122.76,Bank Transfer,9,3,31799.22,18192.9,Kolkata,Mobile,110,0,0,4,0.0353,0,7.024435484522654,13606.32,0,0
TX11936,1000.4,Bank Transfer,10,3,47935.37,2730.22,Chennai,Desktop,145,0,0,4,0.0209,0,6.909154299895844,45205.15,0,0
TX11745,759.83,Card,8,5,76365.16,15542.18,Mumbai,Mobile,122,0,0,3,0.0099,0,6.634409942630409,60822.98,0,1
TXF20246,11425.92,Bank Transfer,10,6,18299.59,2045.38,Jaipur,Mobile,13,1,1,4,0.6244,1,9.343727254159575,16254.21,0,1
TX14373,500.54,UPI,13,1,48342.32,32712.9,Kolkata,Mobile,116,0,0,1,0.0104,0,6.21768336493912,15629.419999999998,0,0
TX13491,3907.91,Wallet,8,2,80389.29,34430.4,Mumbai,Laptop,25,0,0,4,0.0486,0,8.271013841736652,45958.88999999999,0,0
TX11110,560.67,E-commerce,14,0,1125.68,43546.38,Pune,Desktop,178,0,0,4,0.4981,0,6.330914488818843,-42420.7,0,0
TX13337,935.94,UPI,14,4,86556.79,4685.61,Pune,Tablet,71,0,0,3,0.0108,0,6.842619246036601,81871.18,0,0
TX14032,1099.2,UPI,16,3,35947.0,9376.5,Kolkata,Desktop,86,0,0,3,0.0306,0,7.003247260441357,26570.5,0,0
TX14471,107.03,Wallet,18,2,65873.93,6080.05,Jaipur,Mobile,110,0,0,3,0.0016,0,4.682408966328894,59793.87999999999,0,0
TX14157,82.59,E-commerce,10,6,38208.99,34218.16,Hyderabad,Laptop,45,0,0,2,0.0022,0,4.4259238957110645,3990.8299999999945,0,1
TX10346,1892.23,Wallet,11,3,28961.54,43943.64,Delhi,Desktop,175,0,0,4,0.0653,0,7.546039644092895,-14982.099999999999,0,0
TX11185,1291.44,E-commerce,9,4,17394.3,41382.38,Pune,Tablet,61,0,0,2,0.0742,0,7.164287183641623,-23988.079999999998,0,0
TX14006,2231.08,E-commerce,17,0,41259.26,45461.14,Delhi,Desktop,198,0,0,1,0.0541,0,7.710689165152789,-4201.879999999997,0,0
TX11515,1936.12,UPI,11,6,41743.93,2658.05,Mumbai,Mobile,156,0,0,2,0.0464,0,7.56895761295943,39085.88,0,1
TXF20169,31374.69,E-commerce,19,6,122256.01,4601.36,Kolkata,Mobile,15,1,1,4,0.2566,1,10.353788668224137,117654.65,0,1
TX10578,1312.58,Bank Transfer,13,6,40769.39,20689.83,Pune,Mobile,32,0,0,1,0.0322,0,7.1805115132473,20079.559999999998,0,1
TX11964,838.66,UPI,18,2,39701.13,45779.27,Delhi,Mobile,12,0,0,4,0.0211,0,6.732997047994386,-6078.139999999999,0,0
TX10075,2175.73,Bank Transfer,14,3,95823.13,34831.89,Pune,Mobile,57,0,0,4,0.0227,0,7.685579029656868,60991.240000000005,0,0
TX11429,971.29,Card,17,3,11958.73,41958.81,Pune,Mobile,46,0,0,2,0.0812,0,6.8796541138712275,-30000.079999999998,0,0
TX13712,337.69,UPI,12,0,28117.99,5766.37,Mumbai,Desktop,77,0,0,4,0.012,0,5.82508523473478,22351.620000000003,0,0
TX14430,1512.86,Wallet,20,6,6964.7,26253.17,Delhi,Laptop,158,0,0,3,0.2172,0,7.322417959444343,-19288.469999999998,0,1
TX12751,1204.35,Card,12,5,29064.78,4074.29,Chennai,Desktop,110,0,0,2,0.0414,0,7.094525260181988,24990.489999999998,0,1
TXF20452,138425.89,Wallet,1,0,130490.26,2195.58,Ahmedabad,Desktop,29,1,1,24,1.0608,1,11.838097595200992,128294.68,1,0
TX11846,331.02,UPI,9,0,79327.96,11761.15,Hyderabad,Mobile,138,0,0,4,0.0042,0,5.80519520806593,67566.81000000001,0,0
TX10131,731.02,E-commerce,19,4,71502.12,4159.3,Pune,Desktop,43,0,0,4,0.0102,0,6.595807835992433,67342.81999999999,0,0
TX10178,498.41,Bank Transfer,18,2,20131.17,2139.34,Jaipur,Desktop,126,0,0,1,0.0248,0,6.213427401674029,17991.829999999998,0,0
TX12899,436.44,E-commerce,10,3,15500.56,9527.6,Mumbai,Tablet,94,0,0,4,0.0282,0,6.080939553535584,5972.959999999999,0,0
TX14466,2829.93,UPI,9,3,56655.56,44272.93,Kolkata,Desktop,148,0,0,3,0.0499,0,7.948360558561058,12382.629999999997,0,0
TX14194,631.8,E-commerce,12,0,95380.89,47712.27,Delhi,Tablet,58,0,0,3,0.0066,0,6.450154416453444,47668.62,0,0
TX12522,1216.21,Card,16,2,57717.82,15737.05,Chennai,Mobile,86,0,0,1,0.0211,0,7.1043166335658015,41980.770000000004,0,0
TX11842,547.52,Bank Transfer,10,1,42636.94,42678.91,Hyderabad,Mobile,125,0,0,2,0.0128,0,6.3072237421316535,-41.970000000001164,0,0
TX12098,1328.36,Card,13,5,8983.08,45459.38,Delhi,Mobile,64,0,0,3,0.1479,0,7.192452902392958,-36476.299999999996,0,1
TX13949,1401.93,Card,15,2,56900.3,48385.59,Bengaluru,Tablet,91,0,0,1,0.0246,0,7.246318185771516,8514.710000000006,0,0
TX12373,1061.81,E-commerce,15,1,2094.03,37437.12,Pune,Desktop,119,0,0,4,0.5071,0,6.96867162294941,-35343.090000000004,0,0
TX10604,1012.2,Wallet,16,0,27551.92,12424.24,Mumbai,Mobile,59,0,0,3,0.0367,0,6.92086891812752,15127.679999999998,0,0
TX12627,481.86,Card,16,6,45573.87,13793.19,Pune,Mobile,134,0,0,3,0.0106,0,6.179726756564008,31780.68,0,1
TX10025,3245.39,UPI,9,3,15645.02,35690.91,Pune,Mobile,61,0,0,1,0.2074,0,8.085298888731666,-20045.890000000003,0,0
TX10658,2201.82,Bank Transfer,11,2,71769.8,25681.47,Bengaluru,Mobile,114,0,0,3,0.0307,0,7.69749363670066,46088.33,0,0
TXF20477,145326.18,E-commerce,0,3,109951.31,2458.97,Chennai,Desktop,21,1,1,23,1.3217,1,11.88674289331718,107492.34,1,0
TX13317,1088.63,E-commerce,12,0,70986.03,25360.93,Delhi,Desktop,96,0,0,2,0.0153,0,6.9935934680558685,45625.1,0,0
TX13868,487.77,E-commerce,16,4,17466.97,10283.25,Mumbai,Mobile,84,0,0,1,0.0279,0,6.191892031178458,7183.720000000001,0,0
TX10173,1048.97,Wallet,19,1,50564.47,16504.71,Mumbai,Mobile,160,0,0,2,0.0207,0,6.956516871314826,34059.76,0,0
TX11611,1016.52,E-commerce,18,6,87381.0,24079.94,Bengaluru,Laptop,95,0,0,2,0.0116,0,6.925123573143229,63301.06,0,1
TX10437,5070.65,E-commerce,15,0,74486.93,41921.95,Bengaluru,Tablet,71,0,0,2,0.0681,0,8.531421487426869,32564.979999999996,0,0
TX10331,1626.13,Card,11,2,25077.78,8908.75,Chennai,Laptop,148,0,0,4,0.0648,0,7.394573005686566,16169.029999999999,0,0
TX13100,1169.03,Card,13,1,99319.89,16954.02,Delhi,Desktop,101,0,0,3,0.0118,0,7.064784668488717,82365.87,0,0
TX11454,2987.74,Wallet,8,4,37441.56,22264.75,Delhi,Desktop,174,0,0,1,0.0798,0,8.002607172886552,15176.809999999998,0,0
TX10342,1067.95,Bank Transfer,18,3,9632.05,11087.14,Delhi,Tablet,190,0,0,4,0.1109,0,6.974432137246417,-1455.0900000000001,0,0
TX13209,1884.1,Card,19,3,18474.52,18507.24,Kolkata,Mobile,107,0,0,1,0.102,0,7.541736148872866,-32.720000000001164,0,0
TXF20076,172776.64,Bank Transfer,20,3,122496.97,418.62,Delhi,Mobile,0,1,0,4,1.4105,1,12.059760728831282,122078.35,0,0
TX11088,1028.15,Card,14,1,32021.27,41136.82,Mumbai,Desktop,115,0,0,3,0.0321,0,6.936488497805009,-9115.55,0,0
TX10479,6428.0,Bank Transfer,20,6,66078.4,24888.67,Mumbai,Mobile,185,0,0,2,0.0973,0,8.768574284141687,41189.729999999996,0,1
TX10727,2046.18,UPI,20,6,66805.51,31881.43,Jaipur,Desktop,181,0,0,4,0.0306,0,7.62421851535667,34924.079999999994,0,1
TX13783,1229.96,UPI,11,3,84373.0,17836.93,Delhi,Mobile,93,0,0,4,0.0146,0,7.115549631749123,66536.07,0,0
TX10976,1261.64,Wallet,18,4,21051.02,42954.96,Mumbai,Desktop,78,0,0,4,0.0599,0,7.140960046090662,-21903.94,0,0
TX13784,2036.21,Card,17,0,7525.54,19890.78,Lucknow,Tablet,142,0,0,3,0.2706,0,7.619336503696615,-12365.239999999998,0,0
TX12977,1832.64,Wallet,14,6,2594.54,22600.09,Hyderabad,Tablet,170,0,0,4,0.7063,0,7.514058341291203,-20005.55,0,1
TX11928,3725.66,UPI,18,3,42270.81,22212.05,Hyderabad,Mobile,162,0,0,1,0.0881,0,8.223267669130614,20058.76,0,0
TX11468,1412.46,Wallet,20,5,14235.14,3619.73,Bengaluru,Mobile,105,0,0,3,0.0992,0,7.253795878183534,10615.41,0,1
TX11224,3174.52,Bank Transfer,11,1,79310.53,7779.61,Kolkata,Laptop,154,0,0,4,0.04,0,8.063226677443948,71530.92,0,0
TX12856,533.6,Wallet,15,2,56282.3,5086.6,Mumbai,Mobile,179,0,0,3,0.0095,0,6.281518803704818,51195.700000000004,0,0
TX11952,1968.05,Wallet,19,0,98770.57,44502.84,Mumbai,Laptop,198,0,0,3,0.0199,0,7.5853064719175265,54267.73000000001,0,0
TXF20330,8115.96,Bank Transfer,15,5,137854.37,2922.35,Kolkata,Laptop,10,1,0,27,0.0589,1,9.001710978819995,134932.02,0,1
TXF20000,121213.31,Bank Transfer,10,4,255711.5,949.98,Hyderabad,Desktop,4,1,0,4,0.474,1,11.705315414954649,254761.52,0,0
TX11892,635.81,UPI,11,5,14630.66,7366.87,Bengaluru,Mobile,144,0,0,3,0.0435,0,6.456471337924462,7263.79,0,1
TX11299,982.8,Wallet,8,4,59644.84,48469.16,Ahmedabad,Desktop,67,0,0,4,0.0165,0,6.8914226243612395,11175.679999999993,0,0
TX12990,2238.34,UPI,10,6,81587.78,15409.03,Mumbai,Mobile,181,0,0,1,0.0274,0,7.713936458576208,66178.75,0,1
TXF20099,33951.53,Bank Transfer,1,4,16975.76,1083.42,Mumbai,Desktop,18,1,0,3,2.0,1,10.432718651565198,15892.339999999998,1,0
TX10660,1654.29,E-commerce,11,6,88839.14,38326.63,Chennai,Desktop,99,0,0,4,0.0186,0,7.411731499046881,50512.51,0,1
TXF20077,158527.2,UPI,11,6,97812.22,1521.02,Chennai,Mobile,22,1,0,4,1.6207,1,11.973687774455017,96291.2,0,1
TX14073,1232.12,Card,18,6,34187.53,48049.78,Pune,Mobile,135,0,0,4,0.036,0,7.117302822029683,-13862.25,0,1
TX12784,1899.33,Card,12,3,74299.2,10304.77,Lucknow,Desktop,182,0,0,2,0.0256,0,7.549782834283702,63994.42999999999,0,0
TXF20437,72007.21,Wallet,0,4,36003.61,2407.47,Pune,Laptop,0,1,1,11,2.0,1,11.184535419275297,33596.14,1,0
TX13827,464.73,Bank Transfer,8,3,67172.51,47831.79,Kolkata,Mobile,142,0,0,2,0.0069,0,6.143606067067469,19340.719999999994,0,0
TX12714,467.39,Card,13,3,22287.44,3318.08,Pune,Mobile,135,0,0,1,0.021,0,6.149301282221539,18969.36,0,0
TXF20157,24747.63,Bank Transfer,4,1,201101.71,1975.2,Bengaluru,Tablet,1,1,0,3,0.1231,1,10.11652541292942,199126.50999999998,1,0
TX10267,1622.14,Wallet,11,5,12016.56,12234.29,Delhi,Mobile,20,0,0,2,0.135,0,7.392117823806733,-217.73000000000138,0,1
TX14442,362.02,Wallet,15,6,87168.73,16422.27,Mumbai,Mobile,129,0,0,2,0.0042,0,5.8944579291658314,70746.45999999999,0,1
TXF20459,93694.25,Card,0,2,118212.79,4733.95,Ahmedabad,Mobile,15,1,1,13,0.7926,1,11.447802773238235,113478.84,1,0
TX13372,2202.27,Card,14,4,69969.84,17913.49,Mumbai,Mobile,22,0,0,4,0.0315,0,7.697697899437719,52056.34999999999,0,0
TX13595,3049.55,Card,10,5,35621.71,21956.09,Lucknow,Tablet,17,0,0,2,0.0856,0,8.023077181213194,13665.619999999999,0,1
TX14316,1465.62,E-commerce,17,5,20563.12,27147.57,Jaipur,Mobile,65,0,0,2,0.0713,0,7.290715712550216,-6584.450000000001,0,1
TX13722,3544.51,E-commerce,14,2,58494.63,11635.68,Pune,Desktop,199,0,0,1,0.0606,0,8.173437293216734,46858.95,0,0
TX13406,833.25,E-commerce,13,4,45903.52,42578.98,Bengaluru,Desktop,137,0,0,3,0.0182,0,6.726533117631483,3324.5399999999936,0,0
TX11278,417.54,UPI,18,1,40986.56,33658.11,Delhi,Desktop,154,0,0,4,0.0102,0,6.036772464812524,7328.449999999997,0,0
TXF20140,38731.87,E-commerce,2,2,114202.91,1780.7,Pune,Laptop,25,1,0,3,0.3391,1,10.56444387252604,112422.21,1,0
TX13917,3136.24,Wallet,8,3,59229.22,2996.51,Bengaluru,Laptop,130,0,0,2,0.053,0,8.051098711480357,56232.71,0,0
TX12678,1273.59,E-commerce,9,6,40687.27,4091.13,Pune,Laptop,118,0,0,1,0.0313,0,7.150379837250798,36596.14,0,1
TX11621,1401.9,E-commerce,20,3,47707.26,35512.6,Pune,Mobile,49,0,0,3,0.0294,0,7.246296801724727,12194.660000000003,0,0
TX14103,2225.09,Card,15,0,37201.35,38742.49,Delhi,Desktop,28,0,0,3,0.0598,0,7.708001962285015,-1541.1399999999994,0,0
TX12857,3413.74,Wallet,11,3,84013.0,18557.44,Mumbai,Mobile,20,0,0,1,0.0406,0,8.135856634406643,65455.56,0,0
TX11896,591.45,UPI,19,3,92635.44,32547.73,Mumbai,Desktop,114,0,0,4,0.0064,0,6.384266481262749,60087.71000000001,0,0
TX13924,553.14,UPI,20,2,36124.45,8759.49,Mumbai,Mobile,95,0,0,1,0.0153,0,6.3174173624033285,27364.96,0,0
TX13014,355.73,Wallet,13,6,64174.81,37588.53,Pune,Tablet,161,0,0,3,0.0055,0,5.876979193117597,26586.28,0,1
TX14438,191.75,UPI,11,6,40477.69,18104.26,Bengaluru,Mobile,20,0,0,3,0.0047,0,5.261394012443439,22373.430000000004,0,1
TX10067,570.98,E-commerce,14,1,89829.61,31593.82,Mumbai,Desktop,131,0,0,4,0.0064,0,6.349104025733542,58235.79,0,0
TX12042,2627.23,Wallet,14,3,27638.88,3256.35,Bengaluru,Desktop,104,0,0,4,0.0951,0,7.87406589480081,24382.530000000002,0,0
TX12580,163.57,Bank Transfer,8,4,45287.85,49034.35,Lucknow,Mobile,78,0,0,4,0.0036,0,5.103336011607292,-3746.5,0,0
TX13782,744.19,Card,8,1,61808.72,7717.38,Bengaluru,Mobile,67,0,0,2,0.012,0,6.613639219421077,54091.340000000004,0,0
TX13790,861.2,Bank Transfer,11,5,96733.57,13114.34,Hyderabad,Mobile,197,0,0,4,0.0089,0,6.759487262313034,83619.23000000001,0,1
TX10820,1079.87,Bank Transfer,18,4,97448.04,25999.71,Delhi,Mobile,81,0,0,3,0.0111,0,6.985521551388086,71448.32999999999,0,0
TX11226,435.51,E-commerce,18,4,68565.38,2928.35,Delhi,Desktop,50,0,0,3,0.0064,0,6.078811284524684,65637.03,0,0
TX12991,450.05,E-commerce,12,3,4535.77,46645.68,Delhi,Mobile,33,0,0,3,0.0992,0,6.111578198102648,-42109.91,0,0
TX13132,462.05,Wallet,13,3,16845.23,10338.62,Pune,Mobile,29,0,0,4,0.0274,0,6.137835039616278,6506.609999999999,0,0
TX12743,787.52,Bank Transfer,19,1,25739.68,28890.26,Mumbai,Mobile,138,0,0,2,0.0306,0,6.670157770697776,-3150.579999999998,0,0
TX14457,1076.3,Wallet,17,6,79120.26,17811.6,Ahmedabad,Mobile,98,0,0,3,0.0136,0,6.982213189900147,61308.659999999996,0,1
TX14269,603.08,Wallet,11,4,28304.78,28912.22,Pune,Mobile,147,0,0,4,0.0213,0,6.40370663949517,-607.4400000000023,0,0
TX13349,1908.84,Wallet,11,4,59828.05,43660.14,Hyderabad,Mobile,172,0,0,1,0.0319,0,7.554774747898296,16167.910000000003,0,0
TX11143,100.19,E-commerce,13,5,66460.6,37583.74,Mumbai,Tablet,121,0,0,1,0.0015,0,4.616999937741668,28876.860000000008,0,1
TX10397,1502.35,UPI,15,3,35777.64,40759.77,Kolkata,Laptop,129,0,0,2,0.042,0,7.315451230241661,-4982.129999999997,0,0
TX12906,701.32,Wallet,10,1,12369.31,14632.04,Mumbai,Laptop,149,0,0,3,0.0567,0,6.554389140617953,-2262.7300000000014,0,0
TX14301,3959.16,Card,14,1,100391.67,16295.14,Mumbai,Desktop,38,0,0,2,0.0394,0,8.28403970747271,84096.53,0,0
TX12759,203.64,Bank Transfer,12,5,17158.0,48887.87,Ahmedabad,Desktop,145,0,0,3,0.0119,0,5.321252337830533,-31729.870000000003,0,1
TX11398,567.28,Wallet,12,4,14810.75,42969.68,Mumbai,Mobile,163,0,0,2,0.0383,0,6.342614255003876,-28158.93,0,0
TX11659,2306.6,E-commerce,11,5,7711.4,19375.76,Delhi,Desktop,14,0,0,3,0.2991,0,7.743963302382734,-11664.359999999999,0,1
TX10979,1781.98,E-commerce,9,3,18238.34,33714.91,Hyderabad,Mobile,71,0,0,2,0.0977,0,7.486041400750313,-15476.570000000003,0,0
TX11298,1887.76,Bank Transfer,20,1,27350.23,6110.32,Bengaluru,Desktop,181,0,0,3,0.069,0,7.5436758080798825,21239.91,0,0
TX13555,715.68,Card,13,5,4538.3,19347.26,Pune,Desktop,91,0,0,1,0.1577,0,6.574629436931697,-14808.96,0,1
TX10082,1731.45,Wallet,20,5,72077.15,39810.05,Delhi,Laptop,112,0,0,3,0.024,0,7.457291870618739,32267.09999999999,0,1
TXF20007,146113.3,Bank Transfer,18,2,73056.65,2286.5,Bengaluru,Laptop,20,0,0,2,2.0,1,11.892144471114676,70770.15,0,0
TX12458,573.4,UPI,16,1,70077.63,2081.59,Kolkata,Tablet,47,0,0,4,0.0082,0,6.353326017734014,67996.04000000001,0,0
TX13739,5608.88,Bank Transfer,17,0,16215.55,16484.77,Chennai,Desktop,93,0,0,4,0.3459,0,8.632284607913633,-269.22000000000116,0,0
TX13781,1845.99,UPI,15,1,79441.35,16932.74,Delhi,Mobile,84,0,0,2,0.0232,0,7.521312565999418,62508.61,0,0
TX12288,160.3,Bank Transfer,20,2,27313.72,30239.85,Bengaluru,Desktop,90,0,0,2,0.0059,0,5.083265985131163,-2926.1299999999974,0,0
TX10423,392.92,UPI,18,4,43766.23,12510.84,Pune,Mobile,171,0,0,2,0.009,0,5.976147842996089,31255.390000000003,0,0
TX14339,2164.0,E-commerce,14,1,48326.19,48481.65,Delhi,Desktop,26,0,0,3,0.0448,0,7.68017564043659,-155.45999999999913,0,0
TX11904,1358.69,Wallet,11,3,13935.2,49298.12,Mumbai,Laptop,154,0,0,3,0.0975,0,7.215012011571089,-35362.92,0,0
TXF20038,129867.14,UPI,15,4,64933.57,971.16,Hyderabad,Mobile,18,1,0,4,2.0,1,11.774274906987253,63962.409999999996,0,0
TX13352,3686.13,E-commerce,20,2,35134.78,16068.55,Chennai,Desktop,24,0,0,3,0.1049,0,8.212603656630732,19066.23,0,0
TX13102,1174.28,Card,18,6,33476.28,8464.32,Delhi,Laptop,167,0,0,3,0.0351,0,7.0692616960621715,25011.96,0,1
TX11565,890.84,Card,18,0,97913.25,43267.05,Jaipur,Mobile,18,0,0,1,0.0091,0,6.793286744293583,54646.2,0,0
TX13355,669.91,Wallet,8,2,88225.78,42951.69,Mumbai,Tablet,171,0,0,3,0.0076,0,6.50863499980878,45274.09,0,0
TX10839,2730.17,UPI,11,5,29090.72,17325.09,Delhi,Laptop,143,0,0,4,0.0939,0,7.912485367797073,11765.630000000001,0,1
TX10500,584.76,UPI,8,2,9805.21,46854.2,Mumbai,Mobile,143,0,0,4,0.0596,0,6.3729101493719265,-37048.99,0,0
TX10141,795.54,UPI,19,1,2504.91,48496.95,Mumbai,Tablet,80,0,0,3,0.3176,0,6.680277347800373,-45992.03999999999,0,0
TX11377,1065.65,UPI,13,5,61195.93,25734.02,Pune,Mobile,66,0,0,1,0.0174,0,6.972278174997637,35461.91,0,1
TX13697,2842.46,Bank Transfer,20,6,10738.38,14516.82,Bengaluru,Desktop,89,0,0,3,0.2647,0,7.95277689947717,-3778.4400000000005,0,1
TX12144,2853.85,Bank Transfer,15,6,7214.4,9419.95,Mumbai,Mobile,53,0,0,2,0.3956,0,7.956774581305314,-2205.550000000001,0,1
TX11138,295.42,E-commerce,20,2,34962.4,41745.13,Delhi,Tablet,82,0,0,4,0.0084,0,5.691777367528769,-6782.729999999996,0,0
TX12927,855.13,Bank Transfer,13,1,48144.91,47726.94,Mumbai,Desktop,106,0,0,4,0.0178,0,6.752422233769668,417.97000000000116,0,0
TX11787,3128.01,Card,14,3,63756.3,31537.93,Delhi,Mobile,91,0,0,4,0.0491,0,8.04847193957301,32218.370000000003,0,0
TX13484,857.66,Wallet,8,5,92651.37,22561.2,Kolkata,Mobile,112,0,0,4,0.0093,0,6.755373034550839,70090.17,0,1
TX10550,3173.39,E-commerce,18,5,67741.86,26562.08,Pune,Desktop,17,0,0,1,0.0468,0,8.062870766883979,41179.78,0,1
TXF20406,119636.95,E-commerce,4,4,66105.4,3758.59,Kolkata,Mobile,7,1,1,9,1.8098,1,11.692225377859536,62346.81,1,0
TX12019,2299.71,Bank Transfer,18,2,94414.98,29121.28,Bengaluru,Mobile,110,0,0,4,0.0244,0,7.740973049932715,65293.7,0,0
TX10948,390.02,Bank Transfer,8,2,71938.27,4660.44,Delhi,Desktop,139,0,0,1,0.0054,0,5.968758709572344,67277.83,0,0
TX12600,1329.69,E-commerce,9,4,66868.51,47815.44,Mumbai,Desktop,68,0,0,1,0.0199,0,7.193452883679647,19053.069999999992,0,0
TX10532,1072.94,Card,19,2,16502.78,16301.33,Delhi,Desktop,180,0,0,4,0.065,0,6.979089407586463,201.4499999999989,0,0
TX11829,1761.68,E-commerce,11,4,31032.14,47617.78,Delhi,Mobile,85,0,0,4,0.0568,0,7.474590657131324,-16585.64,0,0
TX12917,735.69,E-commerce,11,0,8784.92,34940.95,Pune,Laptop,154,0,0,3,0.0837,0,6.602167179550216,-26156.03,0,0
TX14418,2166.32,Wallet,10,4,99083.11,38693.57,Pune,Tablet,72,0,0,1,0.0219,0,7.6812466602235725,60389.54,0,0
TX13871,800.97,Card,12,5,30220.68,11755.6,Pune,Mobile,27,0,0,2,0.0265,0,6.687071200683084,18465.08,0,1
TX11602,2359.57,UPI,12,5,17957.99,29930.62,Chennai,Desktop,56,0,0,1,0.1314,0,7.766658394280815,-11972.629999999997,0,1
TX10639,466.83,Card,16,0,80925.38,25309.82,Delhi,Mobile,155,0,0,1,0.0058,0,6.148104982063913,55615.560000000005,0,0
TXF20332,3458.28,Card,10,3,105905.4,4611.0,Hyderabad,Desktop,4,1,1,12,0.0327,1,8.148815753911975,101294.4,0,0
TX10967,3480.41,Wallet,14,2,19849.89,8107.08,Delhi,Desktop,19,0,0,3,0.1753,0,8.155192663122136,11742.81,0,0
TX14237,797.39,Wallet,11,5,53463.85,20472.51,Mumbai,Laptop,180,0,0,3,0.0149,0,6.682597199868715,32991.34,0,1
TX12697,464.18,Card,14,5,48802.4,49601.6,Delhi,Mobile,176,0,0,3,0.0095,0,6.142424427458923,-799.1999999999971,0,1
TX11683,435.74,Wallet,20,4,16493.77,37614.73,Hyderabad,Mobile,13,0,0,4,0.0264,0,6.079338052358222,-21120.960000000003,0,0
TX14470,3143.45,Card,10,3,36753.44,13905.83,Mumbai,Mobile,72,0,0,1,0.0855,0,8.053394273078002,22847.61,0,0
TX12342,6265.73,Card,11,5,95289.63,22077.69,Delhi,Mobile,175,0,0,2,0.0658,0,8.743009966481841,73211.94,0,1
TX10155,753.45,Card,10,1,60369.46,19106.45,Kolkata,Desktop,106,0,0,3,0.0125,0,6.62598900695966,41263.009999999995,0,0
TX12487,346.98,Card,20,5,39537.7,2466.04,Kolkata,Mobile,200,0,0,1,0.0088,0,5.85214500685857,37071.659999999996,0,1
TXF20141,20719.89,Wallet,23,1,243052.25,4601.5,Ahmedabad,Laptop,17,1,0,1,0.0852,1,9.938897649118891,238450.75,1,0
TX11089,563.16,Card,18,0,6732.54,20988.5,Delhi,Mobile,99,0,0,2,0.0836,0,6.335337899209505,-14255.96,0,0
TX12655,335.32,UPI,16,6,55975.21,27986.16,Chennai,Tablet,164,0,0,2,0.006,0,5.818063087688587,27989.05,0,1
TX14240,654.62,Wallet,9,0,62649.88,23057.31,Hyderabad,Mobile,24,0,0,3,0.0104,0,6.485581352810709,39592.56999999999,0,0
TX10288,251.46,Card,10,1,52383.77,2443.6,Pune,Laptop,127,0,0,4,0.0048,0,5.531252820324716,49940.17,0,0
TX10930,1294.41,Card,13,0,61856.31,3941.28,Delhi,Mobile,150,0,0,1,0.0209,0,7.166582526342303,57915.03,0,0
TX12535,892.09,Wallet,13,2,62456.03,39697.52,Mumbai,Mobile,167,0,0,4,0.0143,0,6.794687359672726,22758.510000000002,0,0
TX14028,1042.48,Card,18,0,51708.07,42471.92,Hyderabad,Mobile,198,0,0,3,0.0202,0,6.950316560066211,9236.150000000001,0,0
TX13371,1190.39,UPI,19,3,6899.09,47437.94,Pune,Mobile,190,0,0,4,0.1725,0,7.082875971672707,-40538.850000000006,0,0
TXF20121,11719.14,Wallet,4,5,116806.08,2170.38,Delhi,Desktop,20,1,0,2,0.1003,1,9.369064008452149,114635.7,1,1
TX13291,697.32,Card,10,4,23559.95,9839.21,Delhi,Mobile,47,0,0,2,0.0296,0,6.548677450427094,13720.740000000002,0,0
TX10942,2695.89,Bank Transfer,14,3,21955.68,33655.78,Hyderabad,Desktop,152,0,0,2,0.1228,0,7.899854536249372,-11700.099999999999,0,0
TX13859,508.45,Card,11,4,9137.99,6855.39,Mumbai,Mobile,131,0,0,2,0.0556,0,6.233331712420294,2282.5999999999995,0,0
TXF20162,20794.37,UPI,4,3,10397.18,4308.29,Bengaluru,Desktop,9,1,0,2,2.0,1,9.942485644757362,6088.89,1,0
TX11698,164.46,Card,15,4,11282.29,32512.84,Kolkata,Mobile,33,0,0,1,0.0146,0,5.108729473762037,-21230.55,0,0
TXF20208,25341.91,Bank Transfer,11,3,76598.36,2455.69,Chennai,Tablet,11,1,1,3,0.3308,1,10.140254285482202,74142.67,0,0
TX13200,775.8,Card,10,2,91610.91,18223.14,Mumbai,Tablet,115,0,0,3,0.0085,0,6.6551829169771155,73387.77,0,0
TXF20101,26333.21,UPI,23,0,13166.6,2567.61,Jaipur,Mobile,22,1,0,1,2.0,1,10.178624133366151,10598.99,1,0
TXF20108,34778.21,Bank Transfer,4,5,32712.99,3523.92,Ahmedabad,Mobile,0,1,0,3,1.0631,1,10.456775073446737,29189.07,1,1
TX10985,400.69,Bank Transfer,16,4,52563.53,30426.86,Chennai,Mobile,46,0,0,1,0.0076,0,5.995680646855719,22136.67,0,0
TX13318,1170.31,Card,19,0,24450.07,6168.98,Lucknow,Mobile,116,0,0,4,0.0479,0,7.065878059561795,18281.09,0,0
TX12867,1506.64,Card,19,4,13188.75,17452.12,Kolkata,Desktop,49,0,0,1,0.1142,0,7.3183007932776745,-4263.369999999999,0,0
TX14056,5016.66,UPI,19,6,47439.97,42715.37,Hyderabad,Mobile,191,0,0,4,0.1057,0,8.520718968552702,4724.5999999999985,0,1
TXF20277,11434.49,E-commerce,13,0,29472.69,1488.6,Lucknow,Mobile,25,1,0,18,0.388,1,9.344476956435178,27984.09,0,0
TX10981,525.87,Wallet,12,6,17471.68,199.41,Pune,Laptop,17,0,0,3,0.0301,0,6.2669538387941275,17272.27,0,1
TX12492,532.59,E-commerce,10,4,18117.73,26538.71,Bengaluru,Desktop,157,0,0,1,0.0294,0,6.279627753796121,-8420.98,0,0
TX13792,2142.21,E-commerce,10,6,84976.57,18069.87,Delhi,Mobile,35,0,0,1,0.0252,0,7.670059984139633,66906.70000000001,0,1
TX13548,3355.23,Bank Transfer,17,3,45068.19,2323.38,Mumbai,Mobile,169,0,0,4,0.0744,0,8.118573599207762,42744.810000000005,0,0
TX12942,699.56,UPI,19,5,3107.26,38647.64,Hyderabad,Mobile,121,0,0,3,0.2251,0,6.551880015213969,-35540.38,0,1
TX13527,410.09,UPI,8,6,85964.69,19140.56,Mumbai,Desktop,194,0,0,2,0.0048,0,6.018812168626219,66824.13,0,1
TX13845,2378.79,E-commerce,9,5,70357.96,45119.49,Pune,Desktop,101,0,0,3,0.0338,0,7.77476752747844,25238.47000000001,0,1
TX11457,1077.26,Bank Transfer,16,3,76656.91,12505.38,Bengaluru,Desktop,118,0,0,1,0.0141,0,6.983103909771986,64151.530000000006,0,0
TX11395,335.78,Card,16,0,93543.95,49847.78,Delhi,Tablet,107,0,0,4,0.0036,0,5.819429898182163,43696.17,0,0
TX10264,2318.19,E-commerce,18,3,5514.24,11176.41,Delhi,Laptop,15,0,0,1,0.4204,0,7.748973265766484,-5662.17,0,0
TX14095,10312.36,UPI,15,0,109125.12,32975.85,Bengaluru,Tablet,109,0,0,4,0.0945,0,9.24119542110525,76149.26999999999,0,0
TX10929,651.96,Card,17,6,27871.07,14444.34,Bengaluru,Mobile,189,0,0,2,0.0234,0,6.481515871657495,13426.73,0,1
TXF20371,147047.82,E-commerce,4,4,195237.05,1131.41,Bengaluru,Mobile,26,1,1,7,0.7532,1,11.898519919468477,194105.63999999998,1,0
TX12692,459.1,Wallet,9,3,50293.14,36638.67,Jaipur,Tablet,70,0,0,3,0.0091,0,6.131443857161423,13654.470000000001,0,0
TX10246,1146.63,Bank Transfer,18,1,60478.54,20010.23,Bengaluru,Desktop,45,0,0,1,0.019,0,7.045454225278249,40468.31,0,0
TX13589,383.02,Wallet,13,4,26030.92,15639.14,Mumbai,Desktop,65,0,0,1,0.0147,0,5.95069463456477,10391.779999999999,0,0
TX11758,361.3,Bank Transfer,14,6,4742.44,22832.78,Mumbai,Laptop,124,0,0,3,0.0762,0,5.8924725979010315,-18090.34,0,1
TXF20365,48894.35,Card,2,0,95078.77,2819.09,Jaipur,Mobile,28,1,1,9,0.5143,1,10.79743757891689,92259.68000000001,1,0
TX12810,1247.03,UPI,18,3,67366.29,20149.5,Delhi,Mobile,129,0,0,3,0.0185,0,7.129321587101992,47216.78999999999,0,0
TX10923,3493.99,UPI,10,5,78712.5,5158.51,Mumbai,Mobile,58,0,0,4,0.0444,0,8.159085793433489,73553.99,0,1
TX12880,6843.35,Wallet,14,6,101780.04,49931.0,Kolkata,Mobile,170,0,0,1,0.0672,0,8.83117877338889,51849.03999999999,0,1
TX10268,1936.75,Wallet,14,2,85043.63,19919.46,Delhi,Desktop,85,0,0,3,0.0228,0,7.5692827851616205,65124.170000000006,0,0
TX10669,891.02,Wallet,14,1,3182.67,48144.24,Bengaluru,Mobile,8,0,0,1,0.28,0,6.793488553853314,-44961.57,0,0
TX14475,312.19,Card,8,6,53769.56,38443.69,Bengaluru,Tablet,181,0,0,4,0.0058,0,5.746810035126719,15325.869999999995,0,1
TX11910,4150.51,Card,15,2,79964.73,30375.14,Bengaluru,Mobile,107,0,0,2,0.0519,0,8.3312274024671,49589.59,0,0
TX12985,1693.29,UPI,16,3,15961.96,37433.27,Bengaluru,Laptop,197,0,0,2,0.1061,0,7.435019053004165,-21471.309999999998,0,0
TX11152,237.51,Bank Transfer,12,4,60047.66,21748.81,Delhi,Tablet,130,0,0,1,0.004,0,5.474411238170585,38298.850000000006,0,0
TXF20317,6734.07,UPI,10,3,66462.37,4900.0,Bengaluru,Mobile,18,0,0,18,0.1013,1,8.815083482257416,61562.369999999995,0,0
TX13455,1896.17,E-commerce,16,2,98492.43,510.99,Pune,Laptop,15,0,0,2,0.0193,0,7.54811858110168,97981.43999999999,0,0
TX14241,2068.56,Card,16,5,80421.5,15531.88,Delhi,Mobile,20,0,0,1,0.0257,0,7.635091303278781,64889.62,0,1
TXF20049,94198.89,Bank Transfer,13,6,148450.22,1960.64,Chennai,Mobile,14,0,0,3,0.6345,1,11.453174292835534,146489.58,0,1
TX12172,2832.5,E-commerce,17,0,34162.29,4381.13,Bengaluru,Laptop,80,0,0,2,0.0829,0,7.949267975609674,29781.16,0,0
TXF20015,183069.48,Card,8,2,91534.74,2398.5,Delhi,Mobile,5,1,1,1,2.0,1,12.117626494289512,89136.24,0,0
TX11915,189.99,UPI,12,6,83900.98,10851.6,Bengaluru,Tablet,81,0,0,2,0.0023,0,5.252221070655064,73049.37999999999,0,1
TX10612,2070.22,Card,9,6,22280.93,28309.98,Mumbai,Desktop,14,0,0,1,0.0929,0,7.635893084628636,-6029.049999999999,0,1
TX12406,808.2,UPI,11,2,21825.37,43840.37,Hyderabad,Desktop,83,0,0,4,0.037,0,6.696046105293591,-22015.000000000004,0,0
TX14205,382.85,Bank Transfer,19,6,19185.62,23284.89,Kolkata,Mobile,133,0,0,1,0.02,0,5.950251851273908,-4099.27,0,1
TX11898,568.12,UPI,17,6,41093.03,2656.09,Jaipur,Laptop,88,0,0,4,0.0138,0,6.344091308200145,38436.94,0,1
TX11649,2238.71,Card,9,3,25064.82,25274.7,Kolkata,Desktop,83,0,0,2,0.0893,0,7.714101672182148,-209.88000000000102,0,0
TX12607,1229.85,Bank Transfer,10,4,43966.89,15535.28,Pune,Desktop,40,0,0,4,0.028,0,7.115460266607156,28431.61,0,0
TX10258,1068.27,E-commerce,14,4,57769.96,3378.86,Mumbai,Laptop,169,0,0,1,0.0185,0,6.974731451631643,54391.1,0,0
TX10847,3739.65,E-commerce,13,4,48571.04,10538.35,Mumbai,Mobile,187,0,0,1,0.077,0,8.22701467209911,38032.69,0,0
TX14251,1337.62,Card,19,6,27198.37,40700.03,Pune,Mobile,69,0,0,1,0.0492,0,7.199394511538043,-13501.66,0,1
TX11233,1665.22,UPI,9,5,75591.34,18087.68,Delhi,Desktop,144,0,0,1,0.022,0,7.4183128668297105,57503.659999999996,0,1
TX11127,2998.06,Bank Transfer,20,2,80388.82,11922.97,Delhi,Mobile,73,0,0,3,0.0373,0,8.006054185217767,68465.85,0,0
TX11967,1382.08,E-commerce,20,6,45271.09,7929.44,Pune,Desktop,197,0,0,3,0.0305,0,7.232068175255704,37341.649999999994,0,1
TX10558,918.73,E-commerce,9,1,89667.76,32325.96,Mumbai,Desktop,70,0,0,2,0.0102,0,6.824080148709044,57341.799999999996,0,0
TX13905,477.31,E-commerce,19,5,76763.96,27330.58,Ahmedabad,Tablet,97,0,0,3,0.0062,0,6.170259057848,49433.380000000005,0,1
TX10484,688.6,E-commerce,19,6,23740.91,17814.32,Bengaluru,Laptop,150,0,0,1,0.029,0,6.536111719349483,5926.59,0,1
TX11320,1554.3,Wallet,17,6,59828.5,46803.27,Hyderabad,Tablet,94,0,0,4,0.026,0,7.349423732050514,13025.230000000003,0,1
TX13404,812.33,Wallet,16,5,75547.5,10319.6,Chennai,Tablet,76,0,0,1,0.0108,0,6.701136931250084,65227.9,0,1
TX10007,1410.07,Card,12,6,47289.03,39280.28,Kolkata,Mobile,121,0,0,3,0.0298,0,7.252103560827797,8008.75,0,1
TX13279,1281.73,UPI,11,6,74157.76,18598.46,Hyderabad,Tablet,88,0,0,3,0.0173,0,7.156745898197895,55559.299999999996,0,1
TX13189,2437.12,Bank Transfer,11,3,8032.15,37300.6,Bengaluru,Desktop,165,0,0,2,0.3034,0,7.798982529502601,-29268.449999999997,0,0
TX11450,494.67,Bank Transfer,9,0,51977.76,17506.71,Mumbai,Laptop,9,0,0,3,0.0095,0,6.205910382718996,34471.05,0,0
TX13980,1205.54,UPI,12,3,85986.71,27049.28,Mumbai,Mobile,180,0,0,3,0.014,0,7.095512038266031,58937.43000000001,0,0
TX11814,1610.35,E-commerce,10,5,26533.07,35906.31,Mumbai,Desktop,167,0,0,4,0.0607,0,7.384827615942736,-9373.239999999998,0,1
TX10773,1549.27,Bank Transfer,10,1,67574.05,38329.19,Delhi,Desktop,74,0,0,1,0.0229,0,7.346184388291745,29244.86,0,0
TX11011,3040.87,Bank Transfer,14,6,25198.78,33118.05,Mumbai,Desktop,29,0,0,1,0.1207,0,8.020227736863335,-7919.270000000004,0,1
TX12818,236.54,Wallet,15,6,12074.09,33839.48,Delhi,Laptop,29,0,0,2,0.0196,0,5.470336030346094,-21765.390000000003,0,1
TX13275,531.32,UPI,11,0,46394.96,3653.22,Bengaluru,Mobile,15,0,0,3,0.0115,0,6.277244812270166,42741.74,0,0
TX11991,1084.18,Wallet,9,0,78345.78,45765.43,Hyderabad,Desktop,68,0,0,2,0.0138,0,6.989501150832417,32580.35,0,0
TX11277,149.87,Card,19,0,58629.96,40642.44,Delhi,Desktop,181,0,0,3,0.0026,0,5.016418538851983,17987.519999999997,0,0
TX11783,2287.31,E-commerce,10,2,66198.87,3627.76,Delhi,Desktop,173,0,0,1,0.0346,0,7.735568832832303,62571.10999999999,0,0
TX13105,4971.23,UPI,16,3,15673.42,30668.38,Delhi,Mobile,74,0,0,4,0.3172,0,8.511623710611369,-14994.960000000001,0,0
TX10446,2840.05,Bank Transfer,15,5,83720.72,38138.03,Chennai,Mobile,27,0,0,4,0.0339,0,7.951928981136137,45582.69,0,1
TX10880,1889.7,Card,18,1,17473.41,43806.57,Delhi,Desktop,93,0,0,1,0.1081,0,7.544702409853883,-26333.16,0,0
TX14459,1266.96,Wallet,19,3,83271.25,27829.61,Mumbai,Mobile,183,0,0,2,0.0152,0,7.145164588758269,55441.64,0,0
TX10781,595.75,Card,11,1,81042.28,46468.48,Bengaluru,Mobile,159,0,0,3,0.0074,0,6.39149826521894,34573.799999999996,0,0
TX11749,1525.99,UPI,17,2,91159.66,5263.41,Hyderabad,Mobile,72,0,0,1,0.0167,0,7.331053756408715,85896.25,0,0
TX13388,981.75,UPI,8,5,52156.0,26664.15,Bengaluru,Desktop,137,0,0,1,0.0188,0,6.89035476430197,25491.85,0,1
TXF20381,54043.24,UPI,1,5,118019.58,1513.87,Lucknow,Mobile,18,1,1,10,0.4579,1,10.897558249395983,116505.71,1,1
TX10883,1027.4,Wallet,10,3,1528.56,20886.63,Mumbai,Laptop,119,0,0,4,0.6721,0,6.935759475391735,-19358.07,0,0
TX12944,2839.49,UPI,13,4,84315.49,24726.11,Mumbai,Desktop,58,0,0,1,0.0337,0,7.951731851484031,59589.380000000005,0,0
TX11091,848.11,Bank Transfer,14,6,78664.51,43123.93,Pune,Mobile,114,0,0,1,0.0108,0,6.744188742111801,35540.579999999994,0,1
TXF20283,13411.48,Wallet,12,4,54003.78,884.32,Pune,Laptop,23,1,1,12,0.2483,1,9.503940895791523,53119.46,0,0
TX10531,1743.12,Bank Transfer,15,2,47453.66,42233.42,Ahmedabad,Mobile,193,0,0,1,0.0367,0,7.464005409441258,5220.240000000005,0,0
TX14022,524.55,UPI,14,4,32744.99,2658.39,Bengaluru,Mobile,127,0,0,2,0.016,0,6.2644453332693635,30086.600000000002,0,0
TX14421,876.36,E-commerce,9,0,89841.44,49668.71,Chennai,Desktop,192,0,0,3,0.0098,0,6.776917398451953,40172.73,0,0
TX14098,1508.65,E-commerce,13,2,14103.53,10828.11,Delhi,Desktop,163,0,0,1,0.107,0,7.319633114862492,3275.42,0,0
TX11727,1187.86,Card,12,5,20253.57,9492.79,Mumbai,Laptop,152,0,0,4,0.0586,0,7.08075014375313,10760.779999999999,0,1
TX10610,1157.01,UPI,16,6,94870.84,2707.67,Pune,Mobile,166,0,0,2,0.0122,0,7.054458293674238,92163.17,0,1
TX10570,927.77,Card,18,4,81034.83,10281.38,Bengaluru,Desktop,131,0,0,2,0.0114,0,6.8338611301204315,70753.45,0,0
TX12671,867.7,Bank Transfer,14,5,67448.21,21386.94,Mumbai,Mobile,90,0,0,3,0.0129,0,6.766997841265875,46061.270000000004,0,1
TX13718,811.77,Bank Transfer,14,4,44051.91,24423.28,Bengaluru,Mobile,102,0,0,1,0.0184,0,6.700448166694228,19628.630000000005,0,0
TX10343,4608.45,Bank Transfer,10,3,73092.7,3898.93,Mumbai,Desktop,130,0,0,2,0.063,0,8.435863823016351,69193.77,0,0
TX13000,1251.62,E-commerce,20,4,41463.0,30808.5,Mumbai,Desktop,141,0,0,4,0.0302,0,7.132992636752923,10654.5,0,0
TX13139,2299.72,Card,14,4,4636.13,27325.86,Chennai,Tablet,80,0,0,2,0.496,0,7.740977396407615,-22689.73,0,0
TX10434,2661.24,UPI,17,4,23245.66,33704.28,Delhi,Mobile,66,0,0,1,0.1145,0,7.8869231526671975,-10458.619999999999,0,0
TX11903,813.53,E-commerce,8,2,20256.52,18399.42,Delhi,Desktop,104,0,0,1,0.0402,0,6.702611259776326,1857.1000000000022,0,0
TX13804,208.99,Wallet,9,3,18768.0,12298.17,Bengaluru,Tablet,118,0,0,1,0.0111,0,5.347059910536027,6469.83,0,0
TXF20276,11705.52,Wallet,18,2,90623.49,3962.94,Pune,Desktop,8,1,0,30,0.1292,1,9.367901230528657,86660.55,0,0
TX12069,2848.79,UPI,12,0,31254.07,8071.5,Ahmedabad,Laptop,26,0,0,3,0.0911,0,7.955000586337355,23182.57,0,0
TX11537,672.43,Bank Transfer,19,4,56867.02,42910.95,Delhi,Desktop,87,0,0,2,0.0118,0,6.5123840557792,13956.07,0,0
TX12252,981.94,Bank Transfer,15,2,70521.34,24517.21,Chennai,Desktop,164,0,0,3,0.0139,0,6.890548080644416,46004.13,0,0
TX12346,2584.31,UPI,20,4,8689.47,1291.82,Pune,Mobile,169,0,0,2,0.2974,0,7.857600702382946,7397.65,0,0
TX11517,515.92,Wallet,19,1,36535.67,31773.73,Pune,Tablet,52,0,0,2,0.0141,0,6.247888123656991,4761.939999999999,0,0
TX10965,1057.51,UPI,9,5,7147.03,24605.68,Pune,Mobile,139,0,0,2,0.148,0,6.9646175378614235,-17458.65,0,1
TX14406,1144.48,E-commerce,9,6,68504.12,5063.13,Chennai,Mobile,91,0,0,2,0.0167,0,7.043579042116511,63440.99,0,1
TX10528,335.92,UPI,9,6,2041.94,12135.95,Delhi,Mobile,88,0,0,3,0.1645,0,5.819845513447163,-10094.01,0,1
TX10176,1470.38,E-commerce,18,2,20067.45,17348.8,Hyderabad,Mobile,120,0,0,2,0.0733,0,7.293956014908844,2718.6500000000015,0,0
TX13482,1401.97,UPI,17,2,36675.75,46094.2,Delhi,Mobile,8,0,0,2,0.0382,0,7.2463466971226,-9418.449999999997,0,0
TX12543,1375.32,UPI,8,6,9289.11,25568.6,Bengaluru,Mobile,130,0,0,2,0.1481,0,7.227168549595372,-16279.489999999998,0,1
TXF20435,137602.5,E-commerce,0,6,174604.42,1229.02,Bengaluru,Laptop,11,1,1,22,0.7881,1,11.832131640204402,173375.40000000002,1,1
TX10572,421.28,Wallet,18,3,36282.04,39211.21,Chennai,Mobile,118,0,0,4,0.0116,0,6.045668601121494,-2929.1699999999983,0,0
TX12299,804.02,UPI,16,4,41466.87,33965.14,Bengaluru,Laptop,168,0,0,3,0.0194,0,6.690867121830435,7501.730000000003,0,0
TX13508,939.48,E-commerce,19,3,3201.07,43102.51,Mumbai,Desktop,61,0,0,1,0.2935,0,6.846390383230553,-39901.44,0,0
TX12459,2176.73,UPI,11,5,86197.83,22463.73,Hyderabad,Desktop,158,0,0,4,0.0253,0,7.68603832886622,63734.100000000006,0,1
TX13609,1477.75,UPI,10,3,44748.46,32114.36,Delhi,Desktop,96,0,0,3,0.033,0,7.298952415292597,12634.099999999999,0,0
TXF20054,193220.42,E-commerce,13,3,96610.21,358.25,Chennai,Mobile,0,1,1,4,2.0,1,12.171592064180196,96251.96,0,0
TX12208,512.37,Wallet,12,0,52593.13,5719.2,Pune,Desktop,32,0,0,4,0.0097,0,6.240996832760095,46873.93,0,0
TXF20220,20076.35,UPI,8,5,98812.57,3734.52,Ahmedabad,Mobile,9,0,1,4,0.2032,1,9.907347592985026,95078.05,0,1
TX12755,2991.75,UPI,12,6,4625.02,34855.71,Mumbai,Tablet,174,0,0,4,0.6469,0,8.00394797613148,-30230.69,0,1
TX10383,650.6,UPI,8,0,2306.84,3715.1,Delhi,Laptop,26,0,0,1,0.282,0,6.47943087672789,-1408.2599999999998,0,0
TX10852,1541.81,Bank Transfer,17,5,77394.18,8167.4,Pune,Tablet,50,0,0,3,0.0199,0,7.341360708034611,69226.78,0,1
TX11880,699.61,Card,20,4,52169.54,24420.0,Kolkata,Desktop,45,0,0,3,0.0134,0,6.551951384141396,27749.54,0,0
TX10370,1844.86,Bank Transfer,8,6,44107.73,31962.44,Kolkata,Mobile,89,0,0,4,0.0418,0,7.520700572533521,12145.290000000005,0,1
TX12378,442.86,E-commerce,8,2,74170.24,15131.44,Pune,Mobile,142,0,0,1,0.006,0,6.095509197394583,59038.8,0,0
TX14323,2272.7,Bank Transfer,8,4,45910.24,23411.99,Pune,Laptop,198,0,0,4,0.0495,0,7.7291637394860935,22498.249999999996,0,0
TX11105,2135.95,Card,18,4,59476.37,7235.76,Bengaluru,Desktop,142,0,0,2,0.0359,0,7.667134857759512,52240.61,0,0
TX13413,879.48,E-commerce,19,4,84167.53,15561.0,Delhi,Mobile,146,0,0,4,0.0104,0,6.780467213311448,68606.53,0,0
TX13946,839.09,Card,9,4,5216.84,42404.73,Pune,Mobile,162,0,0,3,0.1608,0,6.733509028955116,-37187.89,0,0
TX11336,990.17,E-commerce,13,1,52405.06,24216.38,Lucknow,Mobile,185,0,0,4,0.0189,0,6.898886063513072,28188.679999999997,0,0
TX12189,2349.56,Wallet,8,3,96954.32,6715.45,Mumbai,Mobile,106,0,0,1,0.0242,0,7.762408876622117,90238.87000000001,0,0
TXF20094,22194.37,Wallet,0,4,74475.23,2964.26,Kolkata,Tablet,12,1,0,5,0.298,1,10.007638987550452,71510.97,1,0
TX12319,2095.77,Bank Transfer,16,2,96690.29,20505.47,Mumbai,Tablet,168,0,0,3,0.0217,0,7.648153344390628,76184.81999999999,0,0
TXF20205,39816.38,Bank Transfer,10,4,97937.97,2674.09,Chennai,Desktop,8,0,1,3,0.4065,1,10.59205877937116,95263.88,0,0
TX13710,1710.7,Wallet,17,5,29011.71,49454.82,Jaipur,Mobile,22,0,0,4,0.059,0,7.445242307701618,-20443.11,0,1
TXF20348,57591.02,Card,0,0,28795.51,1989.8,Hyderabad,Desktop,30,1,1,10,2.0,1,10.961139295419533,26805.71,1,0
TX11171,113.78,UPI,14,3,38522.41,40439.45,Kolkata,Desktop,41,0,0,3,0.003,0,4.743017252680216,-1917.0399999999936,0,0
TX14325,2671.08,UPI,13,5,71509.79,28434.52,Mumbai,Tablet,159,0,0,4,0.0374,0,7.8906124743281,43075.26999999999,0,1
TX12694,1549.8,Card,16,6,45559.32,20237.08,Delhi,Laptop,89,0,0,2,0.034,0,7.346526205796774,25322.239999999998,0,1
TX11422,2498.8,UPI,11,4,70432.26,12690.51,Mumbai,Mobile,159,0,0,3,0.0355,0,7.8239660076561215,57741.74999999999,0,0
TX12341,1567.49,Wallet,13,1,17712.44,34562.07,Delhi,Desktop,75,0,0,4,0.0885,0,7.357868652092399,-16849.63,0,0
TX12651,991.06,Bank Transfer,11,3,21087.95,20696.64,Delhi,Tablet,111,0,0,4,0.047,0,6.8997835893267645,391.3100000000013,0,0
TX14155,1435.65,Wallet,18,6,20512.2,10000.2,Bengaluru,Tablet,70,0,0,4,0.07,0,7.270069293434318,10512.0,0,1
TX11464,253.43,UPI,12,5,87905.97,45274.42,Mumbai,Desktop,90,0,0,1,0.0029,0,5.539025749041718,42631.55,0,1
TX10874,942.66,E-commerce,18,2,79089.03,23869.15,Mumbai,Mobile,79,0,0,1,0.0119,0,6.849765931777366,55219.88,0,0
TX13339,2536.38,Bank Transfer,12,2,9620.17,10875.32,Mumbai,Desktop,122,0,0,2,0.2637,0,7.838887331591411,-1255.1499999999996,0,0
TX14340,2265.31,UPI,18,1,44561.55,3151.19,Hyderabad,Mobile,66,0,0,1,0.0508,0,7.725908237173639,41410.36,0,0
TX11251,497.55,Wallet,14,1,74045.6,17131.8,Mumbai,Desktop,84,0,0,2,0.0067,0,6.211703885274802,56913.8,0,0
TX12348,296.74,Card,11,4,17186.16,34488.25,Mumbai,Mobile,129,0,0,4,0.0173,0,5.696220622448911,-17302.09,0,0
TX10840,909.4,Wallet,10,5,48173.23,44518.04,Ahmedabad,Mobile,103,0,0,1,0.0189,0,6.8138840633720665,3655.1900000000023,0,1
TXF20068,149598.0,UPI,16,5,196809.08,4696.09,Kolkata,Mobile,5,1,0,2,0.7601,1,11.915713660008194,192112.99,0,1
TX10581,3011.12,Bank Transfer,20,5,62037.25,24100.55,Mumbai,Mobile,167,0,0,1,0.0485,0,8.010399428763618,37936.7,0,1
TX10204,691.31,Bank Transfer,16,3,18194.62,33465.3,Bengaluru,Mobile,99,0,0,3,0.038,0,6.540033832184597,-15270.680000000004,0,0
TX11641,259.02,Wallet,11,3,17590.63,48875.08,Ahmedabad,Mobile,28,0,0,1,0.0147,0,5.560758551134023,-31284.45,0,0
TX12014,816.35,UPI,13,1,67897.19,20574.16,Ahmedabad,Mobile,52,0,0,2,0.012,0,6.706067399697217,47323.03,0,0
TX10905,804.58,Bank Transfer,20,3,39547.91,1357.15,Bengaluru,Laptop,120,0,0,1,0.0203,0,6.691562514879692,38190.76,0,0
TX10631,2748.35,UPI,17,4,23523.11,26214.15,Pune,Desktop,143,0,0,4,0.1168,0,7.9191197990859665,-2691.040000000001,0,0
TX13364,2073.81,UPI,19,0,90004.22,17908.74,Pune,Mobile,193,0,0,2,0.023,0,7.637624862207292,72095.48,0,0
TX11974,255.54,Bank Transfer,12,1,90967.54,9642.98,Pune,Mobile,103,0,0,1,0.0028,0,5.5472845978717045,81324.56,0,0
TX10162,321.41,Bank Transfer,12,0,12120.39,33611.5,Delhi,Mobile,65,0,0,3,0.0265,0,5.775824027521172,-21491.11,0,0
TX13172,2300.79,E-commerce,17,5,15391.96,28325.68,Delhi,Desktop,185,0,0,3,0.1495,0,7.741442360098852,-12933.720000000001,0,1
TX13612,756.66,Wallet,18,3,38416.35,49659.22,Pune,Mobile,78,0,0,1,0.0197,0,6.630234736201595,-11242.870000000003,0,0
TXF20175,27784.37,E-commerce,11,1,48856.23,2414.09,Pune,Mobile,30,1,1,4,0.5687,1,10.232264902163058,46442.14,0,0
TX10617,2748.77,Wallet,15,3,88832.67,36168.43,Chennai,Mobile,45,0,0,2,0.0309,0,7.919272550799265,52664.24,0,0
TX14068,1625.55,UPI,8,1,51884.74,5254.69,Mumbai,Mobile,200,0,0,2,0.0313,0,7.3942164862955115,46630.049999999996,0,0
TX11431,2555.22,UPI,18,1,75229.69,5718.26,Hyderabad,Mobile,197,0,0,1,0.034,0,7.846284883780925,69511.43000000001,0,0
TX10547,1949.18,Bank Transfer,18,0,10625.26,48396.22,Lucknow,Desktop,197,0,0,2,0.1834,0,7.575676954990008,-37770.96,0,0
TX13334,626.61,Bank Transfer,10,1,39662.08,30050.11,Delhi,Desktop,95,0,0,1,0.0158,0,6.441918954447679,9611.970000000001,0,0
TXF20046,104611.25,Card,18,4,52305.62,384.55,Ahmedabad,Mobile,22,1,1,2,2.0,1,11.558015936566497,51921.07,0,0
TX14223,812.8,Wallet,11,0,32407.09,8803.09,Kolkata,Laptop,85,0,0,4,0.0251,0,6.70171463556759,23604.0,0,0
TX12387,3635.41,Card,12,5,14378.55,35979.24,Mumbai,Tablet,158,0,0,4,0.2528,0,8.198752210216423,-21600.69,0,1
TX14243,1412.15,Wallet,16,0,53259.21,17364.03,Ahmedabad,Desktop,128,0,0,1,0.0265,0,7.253576534162787,35895.18,0,0
TX13995,2280.89,Bank Transfer,17,1,38764.6,30108.67,Pune,Mobile,158,0,0,1,0.0588,0,7.732759325929791,8655.93,0,0
TX14065,1175.87,Wallet,10,2,62947.23,31726.04,Kolkata,Mobile,23,0,0,4,0.0187,0,7.0706136508628274,31221.190000000002,0,0
TX11861,230.56,UPI,14,5,45237.18,48279.34,Delhi,Mobile,62,0,0,2,0.0051,0,5.444839019210804,-3042.159999999996,0,1
TX10640,1028.94,Card,12,4,99447.92,33429.21,Bengaluru,Mobile,93,0,0,4,0.0103,0,6.937255827099759,66018.70999999999,0,0
TX13902,2417.02,E-commerce,12,4,40061.9,43741.37,Bengaluru,Mobile,193,0,0,3,0.0603,0,7.790704302439125,-3679.470000000001,0,0
TX10637,794.0,Wallet,20,5,66396.11,7690.0,Bengaluru,Desktop,16,0,0,1,0.012,0,6.678342114654332,58706.11,0,1
TX14262,427.29,Bank Transfer,11,5,68494.67,38192.72,Mumbai,Laptop,193,0,0,1,0.0062,0,6.059800536228278,30301.949999999997,0,1
TX13910,1001.32,Bank Transfer,12,5,69167.39,44874.41,Delhi,Mobile,174,0,0,4,0.0145,0,6.910072591937297,24292.979999999996,0,1
TX12986,3620.63,UPI,18,3,78372.99,30270.17,Chennai,Mobile,133,0,0,4,0.0462,0,8.194679479718983,48102.82000000001,0,0
TX12096,1190.69,E-commerce,12,6,3621.11,16417.64,Bengaluru,Mobile,38,0,0,3,0.3288,0,7.083127746687885,-12796.529999999999,0,1
TXF20111,22261.84,Wallet,0,3,96740.13,2246.83,Kolkata,Desktop,16,1,0,2,0.2301,1,10.010674199800219,94493.3,1,0
TX13075,1723.02,UPI,16,3,52292.36,802.58,Chennai,Mobile,143,0,0,2,0.0329,0,7.452414052084422,51489.78,0,0
TX13674,1684.87,E-commerce,18,5,9416.76,41851.86,Pune,Laptop,144,0,0,1,0.1789,0,7.430037030013687,-32435.1,0,1
TX12841,3460.24,E-commerce,19,3,33456.09,14078.69,Bengaluru,Tablet,115,0,0,2,0.1034,0,8.149382185351348,19377.399999999994,0,0
TX10921,2947.31,E-commerce,20,6,97419.94,32122.55,Delhi,Tablet,173,0,0,2,0.0303,0,7.988987403818711,65297.39,0,1
TX10546,2831.5,UPI,9,1,29703.62,1145.15,Delhi,Mobile,191,0,0,3,0.0953,0,7.948914992902162,28558.469999999998,0,0
TX13666,503.85,Wallet,12,5,39980.76,29504.66,Chennai,Laptop,200,0,0,4,0.0126,0,6.22426135545033,10476.100000000002,0,1
TX11900,284.06,E-commerce,10,3,77681.65,40178.21,Kolkata,Mobile,124,0,0,2,0.0037,0,5.652699684426885,37503.439999999995,0,0
TX12028,1772.54,Bank Transfer,11,4,57581.69,35006.44,Mumbai,Mobile,44,0,0,3,0.0308,0,7.480732828230548,22575.25,0,0
TX12301,1023.15,Card,9,1,12404.06,19924.84,Ahmedabad,Mobile,190,0,0,3,0.0825,0,6.931618279246665,-7520.780000000001,0,0
TX11885,2342.68,Card,12,3,18243.89,15128.66,Delhi,Desktop,80,0,0,3,0.1284,0,7.7594776226060365,3115.2299999999996,0,0
TX11642,1091.77,E-commerce,14,4,61614.69,11440.33,Pune,Laptop,8,0,0,2,0.0177,0,6.996471036023888,50174.36,0,0
TX13509,2247.19,Wallet,8,4,20087.92,31131.91,Chennai,Laptop,59,0,0,2,0.1119,0,7.717880727014958,-11043.990000000002,0,0
TXF20309,16300.91,Bank Transfer,10,6,51285.26,755.91,Mumbai,Desktop,29,0,0,29,0.3178,1,9.699037557844168,50529.35,0,1
TX12097,1235.8,Card,19,6,64217.69,13831.99,Delhi,Laptop,21,0,0,1,0.0192,0,7.120282677833157,50385.700000000004,0,1
TX14357,2725.17,E-commerce,11,2,7229.52,37686.5,Mumbai,Mobile,10,0,0,4,0.377,0,7.910652972747825,-30456.98,0,0
TX13788,1924.85,Wallet,19,0,52250.0,24529.09,Delhi,Mobile,61,0,0,3,0.0368,0,7.563122707705202,27720.91,0,0
TX14494,857.43,UPI,18,6,21620.47,32235.5,Mumbai,Desktop,105,0,0,4,0.0397,0,6.7551051394476405,-10615.029999999999,0,1
TXF20467,85215.19,Wallet,23,2,143109.82,814.58,Mumbai,Desktop,30,1,1,17,0.5955,1,11.352946718239412,142295.24000000002,1,0
TX10836,812.28,Bank Transfer,11,5,63242.44,39087.96,Delhi,Mobile,117,0,0,1,0.0128,0,6.701075453698592,24154.480000000003,0,1
TX10601,4526.94,Card,13,2,81195.47,8029.52,Mumbai,Laptop,157,0,0,1,0.0558,0,8.418022368911833,73165.95,0,0
TX12184,728.66,E-commerce,18,0,8239.5,13979.37,Pune,Mobile,40,0,0,3,0.0884,0,6.592578672220963,-5739.870000000001,0,0
TX13865,1087.72,Card,9,3,73107.23,10844.99,Hyderabad,Laptop,183,0,0,2,0.0149,0,6.992757973252062,62262.24,0,0
TX12481,173.96,Bank Transfer,18,4,21947.18,5365.13,Bengaluru,Laptop,48,0,0,3,0.0079,0,5.164557376368513,16582.05,0,0
TX14307,710.12,Wallet,12,1,19807.86,22801.26,Mumbai,Mobile,51,0,0,1,0.0359,0,6.5668411919334195,-2993.399999999998,0,0
TX11582,767.58,E-commerce,8,4,33721.52,23480.99,Hyderabad,Tablet,36,0,0,4,0.0228,0,6.644544656454686,10240.529999999995,0,0
TX14266,985.45,UPI,15,3,54459.12,44944.78,Mumbai,Mobile,133,0,0,4,0.0181,0,6.894112639940978,9514.340000000004,0,0
TX12533,416.49,Bank Transfer,10,2,91780.48,39910.34,Delhi,Mobile,170,0,0,2,0.0045,0,6.034260591908246,51870.14,0,0
TX12725,864.12,Wallet,14,5,98920.96,24742.97,Chennai,Desktop,143,0,0,4,0.0087,0,6.762868225633695,74177.99,0,1
TX11070,1342.83,E-commerce,12,2,98694.4,23303.97,Bengaluru,Laptop,176,0,0,3,0.0136,0,7.203279024987563,75390.43,0,0
TX11775,410.2,Card,18,3,50946.31,39776.0,Hyderabad,Desktop,84,0,0,1,0.0081,0,6.019079714140955,11170.309999999998,0,0
TXF20308,2758.2,UPI,20,0,149181.26,4741.22,Jaipur,Mobile,9,1,0,27,0.0185,1,7.922696061622631,144440.04,0,0
TX11283,1464.59,UPI,12,3,63572.28,9413.33,Bengaluru,Laptop,170,0,0,3,0.023,0,7.290013170752483,54158.95,0,0
TX13050,651.63,Bank Transfer,13,1,48194.57,33888.66,Hyderabad,Mobile,88,0,0,2,0.0135,0,6.481010353068922,14305.909999999996,0,0
TXF20253,15793.75,E-commerce,13,2,37568.81,3795.45,Mumbai,Laptop,14,0,0,12,0.4204,1,9.66743288531732,33773.36,0,0
TX11836,423.62,Bank Transfer,20,3,65425.19,8702.08,Chennai,Mobile,50,0,0,4,0.0065,0,6.051194651315749,56723.11,0,0
TX14242,2153.89,Card,10,1,42667.86,3424.44,Pune,Laptop,7,0,0,2,0.0505,0,7.675494957151528,39243.42,0,0
TX11019,1588.5,E-commerce,8,5,61505.45,32741.22,Mumbai,Tablet,94,0,0,1,0.0258,0,7.371174780350858,28764.229999999996,0,1
TX14133,525.25,Wallet,17,2,13879.05,42885.0,Jaipur,Mobile,54,0,0,3,0.0378,0,6.265776384996591,-29005.95,0,0
TX11326,1541.75,Wallet,13,3,60547.8,17719.83,Chennai,Mobile,70,0,0,4,0.0255,0,7.341321817201176,42827.97,0,0
TX10475,1370.86,Bank Transfer,17,0,60238.4,8483.91,Ahmedabad,Mobile,184,0,0,3,0.0228,0,7.223922762262986,51754.490000000005,0,0
TX14271,2293.85,Bank Transfer,12,3,78635.99,26068.4,Delhi,Laptop,187,0,0,4,0.0292,0,7.738422760881497,52567.590000000004,0,0
TX11651,6354.88,UPI,8,2,63689.2,43185.24,Delhi,Desktop,81,0,0,1,0.0998,0,8.757135647679766,20503.96,0,0
TX13998,1268.8,UPI,8,3,96348.56,31307.34,Bengaluru,Desktop,180,0,0,3,0.0132,0,7.146614686736349,65041.22,0,0
TX14467,2563.7,E-commerce,12,4,28139.17,19119.27,Pune,Mobile,27,0,0,2,0.0911,0,7.849596791700297,9019.899999999998,0,0
TX12610,1663.29,Bank Transfer,15,6,73067.13,34432.72,Mumbai,Desktop,72,0,0,2,0.0228,0,7.417153885042514,38634.41,0,1
TX12476,208.16,UPI,12,0,45395.94,28576.16,Hyderabad,Mobile,153,0,0,3,0.0046,0,5.34309950931993,16819.780000000002,0,0
TX12583,3513.43,E-commerce,20,0,60910.39,12756.76,Bengaluru,Mobile,29,0,0,2,0.0577,0,8.164632628932898,48153.63,0,0
TX11373,572.54,Bank Transfer,17,3,78703.7,28238.26,Mumbai,Desktop,44,0,0,2,0.0073,0,6.351827681303726,50465.44,0,0
TX10739,1473.97,UPI,8,6,97606.95,19535.15,Bengaluru,Mobile,151,0,0,4,0.0151,0,7.296392929584029,78071.79999999999,0,1
TX13618,692.57,Card,16,3,34994.17,46804.16,Bengaluru,Desktop,36,0,0,4,0.0198,0,6.541852171935756,-11809.990000000005,0,0
TX12440,3405.44,E-commerce,12,3,96630.76,14015.71,Mumbai,Mobile,120,0,0,3,0.0352,0,8.133423036672433,82615.04999999999,0,0
TX10867,2064.21,Wallet,16,3,67899.0,12095.91,Ahmedabad,Desktop,13,0,0,1,0.0304,0,7.63298719513981,55803.09,0,0
TX11140,1830.57,UPI,8,6,8480.51,4708.79,Bengaluru,Desktop,6,0,0,4,0.2159,0,7.512928801526722,3771.7200000000003,0,1
TX10997,450.53,Card,11,4,26151.13,597.94,Ahmedabad,Desktop,190,0,0,1,0.0172,0,6.112641815832381,25553.190000000002,0,0
TX11337,700.3,Bank Transfer,11,0,39287.32,41973.42,Hyderabad,Mobile,90,0,0,2,0.0178,0,6.5529357555428644,-2686.0999999999985,0,0
TX10541,600.2,Wallet,8,1,52066.28,34043.37,Delhi,Tablet,48,0,0,2,0.0115,0,6.3989276578788195,18022.909999999996,0,0
TX11099,862.75,Bank Transfer,20,4,57851.62,29007.79,Jaipur,Laptop,52,0,0,2,0.0149,0,6.76128337508188,28843.83,0,0
TX11132,1180.16,E-commerce,17,0,94534.07,13348.27,Lucknow,Mobile,179,0,0,3,0.0125,0,7.074252285429121,81185.8,0,0
TX14064,333.65,Card,18,0,54208.39,41784.58,Pune,Laptop,130,0,0,4,0.0062,0,5.813085209546651,12423.809999999998,0,0
TX12715,1052.33,Wallet,15,4,58694.54,31139.27,Chennai,Tablet,145,0,0,2,0.0179,0,6.959711853350878,27555.27,0,0
TX12258,1388.79,Card,17,2,71985.91,22746.94,Mumbai,Mobile,14,0,0,3,0.0193,0,7.236907935574444,49238.97,0,0
TXF20250,46910.84,E-commerce,17,5,71365.51,1808.45,Chennai,Mobile,29,1,1,4,0.6573,1,10.756025374599307,69557.06,0,1
TX10059,1446.87,E-commerce,16,0,18028.93,44937.85,Hyderabad,Laptop,193,0,0,2,0.0803,0,7.27784878990976,-26908.92,0,0
TX12883,899.37,Card,16,1,69748.65,14770.77,Mumbai,Desktop,61,0,0,4,0.0129,0,6.802805789952403,54977.87999999999,0,0
TX11938,1937.45,Card,8,4,26628.34,37263.06,Mumbai,Laptop,33,0,0,1,0.0728,0,7.56964396363931,-10634.719999999998,0,0
TX12576,411.19,E-commerce,11,5,86319.34,47846.1,Hyderabad,Mobile,80,0,0,2,0.0048,0,6.0214844080941505,38473.24,0,1
TXF20436,140656.55,Wallet,0,1,83024.79,848.12,Lucknow,Desktop,3,1,1,18,1.6942,1,11.854083491823213,82176.67,1,0
TX11078,1043.76,Wallet,19,5,29241.42,39934.83,Bengaluru,Mobile,189,0,0,2,0.0357,0,6.95154247295008,-10693.410000000003,0,1
TX13249,2355.63,UPI,16,6,22128.81,10498.35,Delhi,Tablet,198,0,0,4,0.1065,0,7.764987911402744,11630.460000000001,0,1
TX13127,356.79,UPI,14,3,85345.45,43747.63,Pune,Desktop,14,0,0,2,0.0042,0,5.879946222109427,41597.82,0,0
TX12488,1558.63,UPI,16,6,21813.64,24791.94,Hyderabad,Mobile,62,0,0,3,0.0715,0,7.3522038926249005,-2978.2999999999993,0,1
TX10940,912.77,Card,15,1,59413.91,12729.77,Kolkata,Mobile,99,0,0,4,0.0154,0,6.817578898649351,46684.14,0,0
TX11080,742.66,Card,18,1,26760.73,17830.46,Pune,Laptop,139,0,0,2,0.0278,0,6.611583941134371,8930.27,0,0
TX10187,3273.12,Bank Transfer,13,1,7423.1,12696.6,Delhi,Mobile,150,0,0,1,0.4409,0,8.093804409672348,-5273.5,0,0
TX12634,5718.01,E-commerce,20,2,90529.84,575.99,Bengaluru,Mobile,16,0,0,4,0.0632,0,8.651550992471227,89953.84999999999,0,0
TX12085,445.65,Bank Transfer,12,4,2221.4,39797.67,Bengaluru,Desktop,127,0,0,3,0.2006,0,6.101775290147848,-37576.27,0,0
TX12249,386.73,E-commerce,12,1,94634.18,25972.8,Pune,Mobile,127,0,0,1,0.0041,0,5.960309221100326,68661.37999999999,0,0
TXF20390,106199.41,Bank Transfer,3,0,71611.53,882.77,Lucknow,Desktop,2,1,1,12,1.483,1,11.573083248422824,70728.76,1,0
TX12023,462.75,Wallet,19,5,87482.1,38228.37,Delhi,Mobile,150,0,0,3,0.0053,0,6.139345613921645,49253.73,0,1
TX13539,5490.88,Bank Transfer,16,6,18158.61,42444.52,Delhi,Desktop,138,0,0,4,0.3024,0,8.611025916685564,-24285.909999999996,0,1
TX14048,497.16,Wallet,17,5,58782.89,24235.65,Delhi,Mobile,158,0,0,1,0.0085,0,6.2109213105641965,34547.24,0,1
TX13606,1536.09,Wallet,12,4,31496.26,28124.65,Kolkata,Desktop,22,0,0,3,0.0488,0,7.337646297452128,3371.609999999997,0,0
TX10226,1324.1,Card,16,6,13455.46,46997.62,Bengaluru,Mobile,62,0,0,1,0.0984,0,7.18924320727059,-33542.16,0,1
TXF20347,125841.37,Card,2,6,83291.84,2360.04,Chennai,Mobile,15,1,1,14,1.5108,1,11.7427853709941,80931.8,1,1
TX11929,1027.79,Card,11,6,38958.74,18430.29,Hyderabad,Mobile,186,0,0,4,0.0264,0,6.936138633373907,20528.449999999997,0,1
TX13055,1234.3,Card,11,3,18271.25,17538.76,Delhi,Laptop,192,0,0,3,0.0676,0,7.119069134542768,732.4900000000016,0,0
TX14489,895.63,Wallet,14,3,72708.63,5600.62,Bengaluru,Mobile,42,0,0,2,0.0123,0,6.798643290898358,67108.01000000001,0,0
TX11404,498.38,UPI,8,5,67833.41,36492.56,Delhi,Mobile,94,0,0,4,0.0073,0,6.213367328986059,31340.850000000006,0,1
TX12179,1009.42,Bank Transfer,9,4,89217.26,20854.09,Kolkata,Desktop,126,0,0,4,0.0113,0,6.918121364981314,68363.17,0,0
TX10697,1876.33,E-commerce,17,0,13703.25,17326.63,Mumbai,Tablet,95,0,0,3,0.1369,0,7.5376058336000105,-3623.380000000001,0,0
TX11124,695.15,UPI,9,1,61722.94,14124.38,Kolkata,Laptop,45,0,0,3,0.0113,0,6.545565154355295,47598.560000000005,0,0
TX13361,1718.45,Wallet,11,0,26756.88,33451.2,Chennai,Mobile,91,0,0,1,0.0642,0,7.449759751229128,-6694.319999999996,0,0
TX14135,1264.29,Bank Transfer,18,5,56264.17,4252.56,Bengaluru,Tablet,146,0,0,4,0.0225,0,7.143056623899939,52011.61,0,1
TX11778,427.7,Bank Transfer,9,4,17498.28,49310.22,Pune,Mobile,169,0,0,4,0.0244,0,6.0607573736039315,-31811.940000000002,0,0
TX12858,3130.44,Bank Transfer,20,2,24491.7,44245.28,Chennai,Tablet,142,0,0,1,0.1278,0,8.049248241635015,-19753.579999999998,0,0
TX11037,1969.42,Card,11,3,84598.28,42259.08,Mumbai,Mobile,84,0,0,4,0.0233,0,7.58600199697812,42339.2,0,0
TX14456,682.5,E-commerce,11,2,47204.63,21005.15,Delhi,Mobile,200,0,0,4,0.0145,0,6.527226656164005,26199.479999999996,0,0
TX12256,13077.38,E-commerce,11,1,30337.21,38047.18,Bengaluru,Mobile,15,0,0,1,0.4311,0,9.478715764129738,-7709.970000000001,0,0
TX10313,856.34,UPI,17,6,35173.9,36265.86,Chennai,Laptop,56,0,0,2,0.0243,0,6.753834572708934,-1091.9599999999991,0,1
TX12281,661.73,Card,11,4,29641.05,23059.12,Hyderabad,Mobile,20,0,0,1,0.0223,0,6.496367667422203,6581.93,0,0
TX11416,1565.28,E-commerce,14,0,96095.17,34158.77,Kolkata,Laptop,47,0,0,4,0.0163,0,7.356458660057169,61936.4,0,0
TX11036,842.56,Bank Transfer,14,6,90988.17,49808.27,Pune,Mobile,158,0,0,2,0.0093,0,6.737631031643564,41179.9,0,1
TX12159,1518.23,UPI,10,3,74605.61,1115.02,Hyderabad,Mobile,198,0,0,4,0.0204,0,7.325958906538489,73490.59,0,0
TX14163,964.85,Wallet,11,2,46631.18,20455.98,Delhi,Mobile,186,0,0,3,0.0207,0,6.873008542652302,26175.2,0,0
TX11754,951.14,Bank Transfer,18,4,80611.19,7155.04,Delhi,Tablet,66,0,0,4,0.0118,0,6.858712082802806,73456.15000000001,0,0
TX13112,4114.74,Wallet,9,5,7784.49,23518.22,Kolkata,Tablet,189,0,0,1,0.5286,0,8.322573926834357,-15733.730000000001,0,1
TX12813,3069.0,UPI,18,5,88536.87,8692.49,Mumbai,Desktop,17,0,0,3,0.0347,0,8.029432840581244,79844.37999999999,0,1
TX12698,2215.36,UPI,12,3,43992.7,38416.26,Chennai,Mobile,141,0,0,3,0.0504,0,7.703621489546457,5576.439999999995,0,0
TX13207,3199.9,UPI,14,3,5713.41,26247.26,Delhi,Mobile,30,0,0,1,0.5601,0,8.071187299244452,-20533.85,0,0
TX14350,9622.44,UPI,15,4,61637.64,537.86,Kolkata,Desktop,82,0,0,2,0.1561,0,9.17195706809786,61099.78,0,0
TX13431,1950.19,Bank Transfer,18,5,16534.3,35548.34,Kolkata,Mobile,18,0,0,4,0.1179,0,7.576194721837327,-19014.039999999997,0,1
TX11506,2344.93,E-commerce,20,2,7780.72,12927.43,Bengaluru,Mobile,125,0,0,1,0.3014,0,7.760437190746092,-5146.71,0,0
TX11923,2381.9,E-commerce,14,4,89220.35,21662.6,Delhi,Desktop,139,0,0,2,0.0267,0,7.776073512307196,67557.75,0,0
TX10448,972.58,Wallet,13,5,55649.25,387.36,Lucknow,Tablet,192,0,0,2,0.0175,0,6.880979999145148,55261.89,0,1
TX14128,3372.65,Wallet,10,6,36971.77,29673.67,Delhi,Mobile,163,0,0,1,0.0912,0,8.12375052328529,7298.0999999999985,0,1
TX12528,1512.95,E-commerce,13,1,11656.22,27446.27,Bengaluru,Tablet,120,0,0,4,0.1298,0,7.322477408352978,-15790.050000000001,0,0
TXF20469,56861.84,Card,23,1,99261.1,3260.57,Bengaluru,Mobile,12,1,1,12,0.5729,1,10.948397331196501,96000.53,1,0
TX12789,375.56,Bank Transfer,15,6,49419.28,35138.0,Mumbai,Mobile,52,0,0,2,0.0076,0,5.931077397092887,14281.279999999999,0,1
TX10361,324.23,Wallet,17,4,97686.38,48447.0,Mumbai,Desktop,68,0,0,1,0.0033,0,5.78453262434131,49239.380000000005,0,0
TX12183,4506.2,UPI,19,2,58142.79,43985.19,Delhi,Desktop,8,0,0,1,0.0775,0,8.413431397122109,14157.599999999999,0,0
TX11134,2198.05,Card,14,5,96940.62,44254.27,Kolkata,Desktop,163,0,0,4,0.0227,0,7.695780727904269,52686.35,0,1
TX13880,2118.35,Card,14,3,66260.21,8728.83,Hyderabad,Desktop,60,0,0,4,0.032,0,7.658864716879926,57531.380000000005,0,0
TX12155,2349.53,E-commerce,8,6,47199.65,41822.32,Hyderabad,Mobile,63,0,0,3,0.0498,0,7.762396113624599,5377.330000000002,0,1
TX11830,7410.83,Card,15,2,72103.26,946.76,Pune,Mobile,95,0,0,4,0.1028,0,8.910832651362405,71156.5,0,0
TX11053,2226.5,Bank Transfer,19,0,47975.55,33771.84,Hyderabad,Laptop,30,0,0,2,0.0464,0,7.708635159344964,14203.710000000006,0,0
TX10022,1429.4,Card,16,1,34853.75,3271.56,Mumbai,Desktop,145,0,0,2,0.041,0,7.265709404419249,31582.19,0,0
TX12066,1604.34,E-commerce,17,2,32382.95,4414.23,Mumbai,Mobile,125,0,0,4,0.0495,0,7.381090851135845,27968.72,0,0
TX11653,457.92,Card,8,4,72400.33,18664.97,Delhi,Desktop,141,0,0,1,0.0063,0,6.128875902930942,53735.36,0,0
TX12587,383.86,Card,13,5,96553.08,12412.7,Bengaluru,Desktop,76,0,0,1,0.004,0,5.952879631792413,84140.38,0,1
TX13210,243.66,E-commerce,17,1,80194.01,26249.48,Bengaluru,Tablet,66,0,0,4,0.003,0,5.49986949161877,53944.53,0,0
TX14302,680.06,UPI,11,5,55464.71,9074.42,Ahmedabad,Mobile,28,0,0,3,0.0123,0,6.523650407995303,46390.29,0,1
TX14036,1108.47,Card,18,6,68785.28,8594.63,Bengaluru,Desktop,115,0,0,4,0.0161,0,7.011637702800233,60190.65,0,1
TX12325,1097.3,UPI,11,6,83251.14,1981.1,Delhi,Mobile,199,0,0,1,0.0132,0,7.0015188087943,81270.04,0,1
TX10460,599.94,Bank Transfer,19,0,49444.18,12913.15,Bengaluru,Mobile,81,0,0,3,0.0121,0,6.398495095940852,36531.03,0,0
TX11067,597.87,Card,8,5,66672.89,10640.47,Kolkata,Laptop,106,0,0,2,0.009,0,6.395044546180748,56032.42,0,1
TX10087,301.82,UPI,10,1,82650.58,18073.51,Pune,Laptop,152,0,0,4,0.0037,0,5.713138569580226,64577.07000000001,0,0
TX11430,2906.07,E-commerce,14,2,39522.86,43976.05,Mumbai,Mobile,114,0,0,2,0.0735,0,7.974900980076324,-4453.190000000002,0,0
TX12647,674.65,Wallet,11,6,61522.62,30252.55,Hyderabad,Laptop,92,0,0,2,0.011,0,6.515675190484095,31270.070000000003,0,1
TX10282,1112.93,Wallet,16,1,18695.02,13688.14,Hyderabad,Mobile,9,0,0,3,0.0595,0,7.015649581888151,5006.880000000001,0,0
TX10462,1266.38,Card,15,1,32741.5,30555.66,Mumbai,Mobile,61,0,0,2,0.0387,0,7.144707056427206,2185.84,0,0
TX10212,2452.92,Wallet,13,6,28289.67,34106.99,Mumbai,Desktop,26,0,0,3,0.0867,0,7.80544202490247,-5817.32,0,1
TX12499,1268.5,Card,14,5,55397.1,14465.19,Pune,Laptop,52,0,0,1,0.0229,0,7.146378401144733,40931.909999999996,0,1
TX11368,688.54,Bank Transfer,13,3,67775.83,24241.75,Mumbai,Tablet,75,0,0,1,0.0102,0,6.536024708603601,43534.08,0,0
TX10234,883.68,Wallet,15,4,80714.57,7580.88,Lucknow,Mobile,9,0,0,3,0.0109,0,6.785225997700521,73133.69,0,0
TX12770,2563.18,Bank Transfer,15,0,48263.12,36005.96,Chennai,Laptop,96,0,0,1,0.0531,0,7.849394018384571,12257.160000000003,0,0
TX10597,266.47,Wallet,17,1,26566.5,21539.87,Chennai,Laptop,185,0,0,3,0.01,0,5.589007410514122,5026.630000000001,0,0
TX14420,1779.53,UPI,20,1,60496.97,10822.07,Kolkata,Desktop,195,0,0,1,0.0294,0,7.484666351775549,49674.9,0,0
TX12250,409.1,Bank Transfer,13,3,5862.31,13498.15,Ahmedabad,Mobile,30,0,0,2,0.0698,0,6.016401032398013,-7635.839999999999,0,0
TX14031,2530.18,E-commerce,17,3,58618.98,42513.79,Delhi,Mobile,94,0,0,2,0.0432,0,7.836440876151474,16105.190000000002,0,0
TX12283,678.68,Wallet,11,0,22143.99,11453.94,Bengaluru,Mobile,169,0,0,3,0.0306,0,6.521622099173465,10690.050000000001,0,0
TX10662,1522.11,Card,11,3,68759.98,28065.99,Mumbai,Desktop,91,0,0,1,0.0221,0,7.328509576156993,40693.98999999999,0,0
TXF20463,73760.61,Wallet,4,4,89497.94,1623.09,Kolkata,Desktop,17,1,1,16,0.8242,1,11.208593685541064,87874.85,1,0
TX12285,804.94,UPI,9,1,14658.08,32273.36,Kolkata,Tablet,104,0,0,2,0.0549,0,6.692009298048363,-17615.28,0,0
TXF20216,37545.63,Wallet,16,6,114708.17,1031.93,Mumbai,Mobile,13,0,1,4,0.3273,1,10.533338906160782,113676.24,0,1
TX13193,767.15,Wallet,14,0,28059.56,29570.42,Ahmedabad,Laptop,107,0,0,2,0.0273,0,6.643985026576669,-1510.859999999997,0,0
TX12503,913.0,Card,16,5,54567.93,41207.71,Bengaluru,Desktop,169,0,0,3,0.0167,0,6.81783057145415,13360.220000000001,0,1
TX14043,647.13,UPI,17,1,5787.4,21674.15,Bengaluru,Tablet,97,0,0,3,0.1118,0,6.4740912935152695,-15886.750000000002,0,0
TX10779,1300.67,UPI,16,0,80854.97,35383.62,Pune,Laptop,12,0,0,3,0.0161,0,7.17140333442186,45471.35,0,0
TX14019,2065.65,UPI,12,6,2751.99,17597.4,Pune,Desktop,159,0,0,2,0.7506,0,7.633684217816426,-14845.410000000002,0,1
TX13426,807.34,E-commerce,17,6,84414.27,16421.87,Ahmedabad,Laptop,13,0,0,3,0.0096,0,6.6949827620921445,67992.40000000001,0,1
TX14306,1665.06,E-commerce,14,1,98894.63,10816.49,Chennai,Desktop,175,0,0,4,0.0168,0,7.4182168364840475,88078.14,0,0
TX13196,731.2,UPI,15,1,42848.48,28009.16,Hyderabad,Desktop,168,0,0,2,0.0171,0,6.596053700686136,14839.320000000003,0,0
TXF20335,32935.76,Bank Transfer,4,5,163803.38,2172.51,Bengaluru,Mobile,30,1,1,8,0.2011,1,10.402344638238167,161630.87,1,1
TX10685,3139.85,Wallet,16,0,27264.48,25666.95,Bengaluru,Desktop,133,0,0,3,0.1152,0,8.052248742906436,1597.5299999999988,0,0
TX13169,755.92,E-commerce,12,3,72106.23,29040.1,Mumbai,Desktop,84,0,0,2,0.0105,0,6.629257567535849,43066.13,0,0
TX13926,2475.92,Wallet,14,4,94401.7,20089.71,Ahmedabad,Tablet,93,0,0,1,0.0262,0,7.814771131834166,74311.98999999999,0,0
TX13434,289.43,E-commerce,13,3,7319.42,20132.03,Hyderabad,Desktop,189,0,0,1,0.0395,0,5.67136258340009,-12812.609999999999,0,0
TX12171,1499.52,E-commerce,12,4,45059.84,24260.81,Bengaluru,Laptop,172,0,0,1,0.0333,0,7.313566993681963,20799.029999999995,0,0
TX13689,3159.48,UPI,17,4,98413.47,39670.38,Mumbai,Mobile,74,0,0,2,0.0321,0,8.058479193779691,58743.090000000004,0,0
TX11850,425.62,UPI,20,5,70610.23,37967.52,Mumbai,Mobile,153,0,0,1,0.006,0,6.055893687263672,32642.71,0,1
TX10487,315.86,Bank Transfer,19,4,53845.16,16284.25,Bengaluru,Mobile,68,0,0,1,0.0059,0,5.7584600359468965,37560.91,0,0
TX11688,516.81,Card,10,5,51178.03,16208.21,Hyderabad,Desktop,135,0,0,1,0.0101,0,6.249608379606813,34969.82,0,1
TX12230,976.62,Wallet,10,2,44279.12,43762.93,Delhi,Desktop,64,0,0,1,0.0221,0,6.885121046473203,516.1900000000023,0,0
TX13264,1322.25,Wallet,15,5,39867.53,46734.45,Bengaluru,Laptop,132,0,0,3,0.0332,0,7.187846110738097,-6866.919999999998,0,1
TX12320,767.76,Wallet,12,4,64011.34,22534.99,Delhi,Laptop,19,0,0,3,0.012,0,6.644778827166204,41476.34999999999,0,0
TX10782,2129.37,Card,16,6,34618.19,23874.21,Hyderabad,Desktop,180,0,0,2,0.0615,0,7.664050952538011,10743.980000000003,0,1
TX10521,860.94,E-commerce,15,2,52048.44,49835.17,Delhi,Mobile,71,0,0,1,0.0165,0,6.759185662672667,2213.270000000004,0,0
TX10522,1555.5,UPI,8,5,32527.74,31232.4,Mumbai,Desktop,59,0,0,2,0.0478,0,7.350194989881663,1295.3400000000001,0,1
TX12837,784.33,Wallet,18,0,77980.37,16428.34,Bengaluru,Mobile,189,0,0,3,0.0101,0,6.666104011612187,61552.03,0,0
TXF20039,152843.44,E-commerce,16,1,126077.88,3871.08,Lucknow,Laptop,11,1,0,4,1.2123,1,11.937175951125807,122206.8,0,0
TX12398,1957.99,E-commerce,18,3,28024.74,1143.38,Jaipur,Desktop,68,0,0,2,0.0699,0,7.580184313286285,26881.36,0,0
TX12207,1114.42,E-commerce,15,3,14656.87,38331.24,Pune,Mobile,150,0,0,4,0.076,0,7.01698629458186,-23674.369999999995,0,0
TX13477,913.44,Bank Transfer,13,4,28663.69,29921.69,Lucknow,Desktop,40,0,0,1,0.0319,0,6.818311856055771,-1258.0,0,0
TX13552,455.35,Card,12,3,22354.96,32845.78,Pune,Mobile,97,0,0,4,0.0204,0,6.123260058962886,-10490.82,0,0
TX14087,1788.77,E-commerce,14,4,47850.76,28401.51,Mumbai,Desktop,189,0,0,3,0.0374,0,7.489842398958934,19449.250000000004,0,0
TX12822,5361.01,Bank Transfer,19,5,84655.71,29192.63,Mumbai,Mobile,46,0,0,2,0.0633,0,8.58709418376992,55463.08,0,1
TX11511,963.24,Wallet,10,4,77299.61,40609.16,Delhi,Laptop,54,0,0,4,0.0125,0,6.871340226280088,36690.45,0,0
TX11882,2822.15,Bank Transfer,12,5,8329.28,3239.08,Delhi,Mobile,191,0,0,3,0.3388,0,7.945608561804683,5090.200000000001,0,1
TX10651,1698.31,UPI,10,5,16324.52,17462.28,Mumbai,Laptop,158,0,0,1,0.104,0,7.437977565298829,-1137.7599999999984,0,1
TXF20430,101065.0,Wallet,3,5,166248.43,3413.49,Hyderabad,Mobile,30,1,1,24,0.6079,1,11.523529047754419,162834.94,1,1
TX13089,1565.38,E-commerce,8,5,69845.7,37632.53,Delhi,Desktop,30,0,0,1,0.0224,0,7.356522503563987,32213.17,0,1
TX10369,698.36,Wallet,11,6,95809.28,7637.79,Pune,Mobile,32,0,0,2,0.0073,0,6.5501656311150045,88171.49,0,1
TXF20497,176568.99,Bank Transfer,4,3,88284.49,4603.82,Lucknow,Tablet,13,1,1,21,2.0,1,12.08147262066208,83680.67000000001,1,0
TX10118,921.36,E-commerce,9,3,76133.03,37751.69,Pune,Mobile,200,0,0,3,0.0121,0,6.8269356028801225,38381.34,0,0
TX13320,1671.68,Card,18,6,59379.55,44507.56,Delhi,Laptop,168,0,0,3,0.0282,0,7.422182409529795,14871.990000000005,0,1
TX13034,1544.37,Bank Transfer,9,1,44120.58,28331.0,Chennai,Mobile,117,0,0,3,0.035,0,7.3430186428612085,15789.580000000002,0,0
TX12216,1008.3,E-commerce,11,1,2434.67,22175.45,Mumbai,Mobile,61,0,0,3,0.4141,0,6.917012300244814,-19740.78,0,0
TX13542,1095.21,Wallet,20,6,11567.92,37743.36,Chennai,Laptop,79,0,0,1,0.0947,0,6.999614054993322,-26175.440000000002,0,1
TX11613,603.33,Wallet,19,2,21400.79,41340.58,Bengaluru,Mobile,43,0,0,3,0.0282,0,6.404120406351728,-19939.79,0,0
TX13151,2779.59,UPI,18,2,85176.8,2194.44,Lucknow,Mobile,13,0,0,4,0.0326,0,7.9304184143828635,82982.36,0,0
TX10962,5399.23,Bank Transfer,16,6,99059.15,3293.92,Pune,Mobile,79,0,0,2,0.0545,0,8.594196824237919,95765.23,0,1
TX12510,362.61,Card,14,5,24345.4,36552.68,Kolkata,Mobile,151,0,0,1,0.0149,0,5.896081864675405,-12207.279999999999,0,1
TX13831,3336.46,Wallet,15,1,46154.62,30243.2,Delhi,Mobile,179,0,0,3,0.0723,0,8.112965317617958,15911.420000000002,0,0
TX12823,1107.11,Card,9,3,92044.43,47105.37,Ahmedabad,Mobile,8,0,0,1,0.012,0,7.010411140357836,44939.05999999999,0,0
TX14343,684.26,Bank Transfer,9,1,47772.79,44427.46,Mumbai,Desktop,62,0,0,2,0.0143,0,6.52979832829057,3345.3300000000017,0,0
TX13032,562.91,UPI,8,4,60673.29,4537.58,Hyderabad,Desktop,199,0,0,4,0.0093,0,6.3348946642966135,56135.71,0,0
TX12415,749.01,Bank Transfer,14,3,6754.58,9986.72,Lucknow,Mobile,109,0,0,1,0.1109,0,6.620086539774801,-3232.1399999999994,0,0
TXF20154,34215.83,Wallet,1,0,149039.51,2625.88,Chennai,Desktop,19,1,0,5,0.2296,1,10.440472907269768,146413.63,1,0
TX14236,1899.72,E-commerce,20,1,9590.79,43806.7,Hyderabad,Tablet,183,0,0,3,0.1981,0,7.549988040740533,-34215.909999999996,0,0
TX12185,142.19,Wallet,11,0,32930.6,47261.61,Chennai,Mobile,126,0,0,4,0.0043,0,4.964172419685915,-14331.010000000002,0,0
TX13669,1982.47,Wallet,11,0,67585.95,4093.63,Bengaluru,Desktop,81,0,0,1,0.0293,0,7.592603115060574,63492.32,0,0
TX12037,712.76,Wallet,18,4,26206.36,16096.32,Bengaluru,Desktop,179,0,0,4,0.0272,0,6.570546771379955,10110.04,0,0
TX14362,859.43,Card,11,6,51124.16,21175.36,Delhi,Tablet,129,0,0,1,0.0168,0,6.757432264289204,29948.800000000003,0,1
TX10772,656.43,Card,15,3,76122.51,38469.25,Hyderabad,Desktop,101,0,0,1,0.0086,0,6.488338294505912,37653.259999999995,0,0
TX11284,5818.73,Bank Transfer,8,4,90889.68,9892.66,Delhi,Mobile,18,0,0,2,0.064,0,8.669009147896775,80997.01999999999,0,0
TXF20103,39470.31,E-commerce,0,1,92571.45,1333.3,Kolkata,Mobile,21,1,0,2,0.4264,1,10.583329357870502,91238.15,1,0
TXF20294,8254.78,E-commerce,16,3,158458.41,1384.35,Bengaluru,Mobile,7,1,1,24,0.0521,1,9.018668840079478,157074.06,0,0
TX11414,1348.74,UPI,13,4,31944.14,42949.04,Ahmedabad,Mobile,112,0,0,1,0.0422,0,7.207667260291547,-11004.900000000001,0,0
TX11234,420.97,Card,12,4,9003.32,49629.83,Mumbai,Mobile,14,0,0,2,0.0468,0,6.0449342214616015,-40626.51,0,0
TX12699,1610.8,E-commerce,9,1,6141.46,6233.27,Pune,Desktop,146,0,0,1,0.2623,0,7.3851068458904106,-91.8100000000004,0,0
TX10435,477.27,Wallet,9,3,97483.52,4785.65,Mumbai,Desktop,19,0,0,3,0.0049,0,6.170175426578219,92697.87000000001,0,0
TX11674,662.47,E-commerce,11,2,7932.18,15913.52,Lucknow,Desktop,192,0,0,4,0.0835,0,6.497483637979886,-7981.34,0,0
TX10365,1040.44,Bank Transfer,8,5,28766.29,49856.51,Pune,Desktop,88,0,0,4,0.0362,0,6.948359649824077,-21090.22,0,1
TX12649,2935.29,Card,19,1,56786.42,22512.5,Delhi,Laptop,197,0,0,3,0.0517,0,7.984902158698553,34273.92,0,0
TX10231,555.64,Wallet,9,3,4392.12,28537.5,Pune,Mobile,136,0,0,2,0.1265,0,6.321918711403632,-24145.38,0,0
TX14267,589.13,E-commerce,8,2,100359.9,37694.07,Delhi,Mobile,183,0,0,4,0.0059,0,6.380342851611747,62665.829999999994,0,0
TX14041,1055.44,Bank Transfer,19,2,45212.28,11780.4,Bengaluru,Mobile,81,0,0,2,0.0233,0,6.9626600441514235,33431.88,0,0
TX14399,1656.69,UPI,8,5,79109.22,2697.41,Hyderabad,Desktop,145,0,0,2,0.0209,0,7.413180345958019,76411.81,0,1
TX10407,288.63,E-commerce,12,5,74687.93,21332.12,Lucknow,Desktop,29,0,0,2,0.0039,0,5.668604246306589,53355.81,0,1
TX12090,685.99,Card,8,2,68457.25,20309.55,Mumbai,Laptop,60,0,0,1,0.01,0,6.532319736075652,48147.7,0,0
TX10086,1898.86,Bank Transfer,12,5,5433.63,1963.67,Mumbai,Desktop,196,0,0,1,0.3495,0,7.549535478229191,3469.96,0,1
TX10844,5535.21,Wallet,15,2,13621.01,13807.72,Bengaluru,Laptop,41,0,0,3,0.4064,0,8.61906543010406,-186.70999999999913,0,0
TX11031,367.34,Bank Transfer,14,0,81953.84,38923.46,Pune,Desktop,200,0,0,2,0.0045,0,5.90900642466746,43030.38,0,0
TX12855,529.67,UPI,18,1,27383.86,17558.1,Hyderabad,Mobile,92,0,0,2,0.0193,0,6.274140359123526,9825.760000000002,0,0
TX14109,636.43,E-commerce,13,6,23735.5,44426.56,Hyderabad,Mobile,95,0,0,3,0.0268,0,6.45744446708212,-20691.059999999998,0,1
TX14396,350.73,Card,17,0,1701.93,41697.02,Kolkata,Mobile,77,0,0,4,0.2061,0,5.862863835813668,-39995.09,0,0
TX13893,1296.92,Wallet,12,4,58482.85,15372.35,Mumbai,Laptop,97,0,0,1,0.0222,0,7.168518262082654,43110.5,0,0
TX12658,331.48,UPI,12,3,6808.76,16342.62,Delhi,Desktop,85,0,0,1,0.0487,0,5.8065797079108625,-9533.86,0,0
TX10855,389.7,Card,10,0,57115.69,38604.18,Bengaluru,Mobile,162,0,0,4,0.0068,0,5.967940002061025,18511.510000000002,0,0
TX10078,1460.06,Wallet,11,0,71313.13,35153.96,Bengaluru,Mobile,176,0,0,4,0.0205,0,7.286917478669249,36159.170000000006,0,0
TX12247,961.61,Card,14,1,22810.81,36933.72,Jaipur,Laptop,30,0,0,3,0.0422,0,6.869648345346111,-14122.91,0,0
TXF20070,110129.48,Card,12,1,55064.74,3414.81,Hyderabad,Desktop,0,1,1,3,2.0,1,11.609421123634919,51649.93,0,0
TX13656,4390.65,Bank Transfer,19,3,103731.24,6665.38,Delhi,Laptop,178,0,0,3,0.0423,0,8.387460289667839,97065.86,0,0
TX14151,1160.99,Bank Transfer,16,3,21985.33,38358.91,Hyderabad,Desktop,188,0,0,3,0.0528,0,7.057889331522847,-16373.580000000002,0,0
TX13378,3919.11,Card,9,0,83896.91,47264.97,Jaipur,Mobile,168,0,0,1,0.0467,0,8.273874993615289,36631.94,0,0
TX12279,501.26,Bank Transfer,14,5,47684.42,18448.65,Hyderabad,Desktop,120,0,0,3,0.0105,0,6.21911791390002,29235.769999999997,0,1
TX12598,616.47,UPI,14,6,45254.64,8638.01,Pune,Desktop,191,0,0,3,0.0136,0,6.425630484325989,36616.63,0,1
TX14159,342.44,UPI,13,4,33286.45,6764.56,Bengaluru,Desktop,92,0,0,4,0.0103,0,5.839012423916305,26521.889999999996,0,0
TX13870,422.26,Card,17,1,29289.66,22807.08,Pune,Mobile,194,0,0,2,0.0144,0,6.047986647432308,6482.579999999998,0,0
TX13428,708.56,Wallet,17,6,61551.11,37791.41,Mumbai,Desktop,151,0,0,3,0.0115,0,6.564645059620739,23759.699999999997,0,1
TX12176,1521.65,UPI,19,4,2933.62,10149.82,Mumbai,Mobile,194,0,0,1,0.5187,0,7.32820751689855,-7216.2,0,0
TX10424,3643.16,Card,13,2,20763.83,8464.2,Pune,Mobile,110,0,0,4,0.1755,0,8.200881165209564,12299.630000000001,0,0
TX10392,4620.0,E-commerce,18,1,84778.38,10087.5,Bengaluru,Mobile,34,0,0,3,0.0545,0,8.438366410870266,74690.88,0,0
TXF20226,46553.79,Card,19,6,151596.97,4027.52,Chennai,Desktop,24,1,1,2,0.3071,1,10.748385177518772,147569.45,0,1
TX13693,2128.81,E-commerce,12,0,17463.83,47895.18,Mumbai,Mobile,77,0,0,1,0.1219,0,7.6637880528468125,-30431.35,0,0
TX10104,3473.85,E-commerce,8,1,54035.91,42838.84,Delhi,Laptop,168,0,0,4,0.0643,0,8.15330659159961,11197.070000000007,0,0
TX13994,650.02,Wallet,8,1,20485.49,48699.39,Delhi,Mobile,161,0,0,3,0.0317,0,6.478540363702865,-28213.899999999998,0,0
TX14412,594.74,Wallet,17,0,15578.73,41573.83,Bengaluru,Mobile,75,0,0,4,0.0382,0,6.389804330273558,-25995.100000000002,0,0
TX11948,945.07,Wallet,20,4,46763.89,29149.03,Bengaluru,Mobile,94,0,0,1,0.0202,0,6.8523165620859965,17614.86,0,0
TX11459,1112.19,Wallet,10,6,71896.2,17344.42,Kolkata,Desktop,121,0,0,3,0.0155,0,7.014985046499637,54551.78,0,1
TX13257,521.85,E-commerce,11,5,96769.86,32714.79,Jaipur,Mobile,111,0,0,2,0.0054,0,6.259294616044598,64055.07,0,1
TX12803,1243.22,Bank Transfer,16,5,67510.12,16212.76,Pune,Mobile,155,0,0,3,0.0184,0,7.126264106537804,51297.35999999999,0,1
TX12706,493.5,E-commerce,15,6,72674.9,25625.66,Delhi,Desktop,31,0,0,2,0.0068,0,6.203547151062767,47049.23999999999,0,1
TXF20289,18198.8,Card,19,5,121359.75,2296.73,Jaipur,Laptop,0,1,0,22,0.15,1,9.809165883993519,119063.02,0,1
TX11587,916.48,Bank Transfer,12,5,54983.61,45670.16,Kolkata,Tablet,133,0,0,2,0.0167,0,6.821630781326015,9313.449999999997,0,1
TX13659,1372.22,UPI,10,5,52717.19,45699.36,Hyderabad,Desktop,96,0,0,2,0.026,0,7.224913625998303,7017.830000000002,0,1
TX11731,377.47,Bank Transfer,11,5,3525.0,36787.9,Bengaluru,Mobile,84,0,0,3,0.1071,0,5.936136809498464,-33262.9,0,1
TXF20264,13129.36,Wallet,20,0,123495.62,4898.46,Lucknow,Desktop,17,1,0,27,0.1063,1,9.4826823850474,118597.15999999999,0,0
TX14224,326.51,E-commerce,20,3,26596.86,24468.07,Bengaluru,Tablet,21,0,0,3,0.0123,0,5.791518588960288,2128.790000000001,0,0
TX13681,3915.26,Bank Transfer,13,1,28122.37,42569.48,Kolkata,Desktop,167,0,0,2,0.1392,0,8.272892395726275,-14447.110000000004,0,0
TX11791,560.53,Card,20,3,17230.38,47991.31,Hyderabad,Tablet,18,0,0,1,0.0325,0,6.330665201068264,-30760.929999999997,0,0
TX12355,785.92,E-commerce,14,2,36858.5,13943.59,Mumbai,Mobile,16,0,0,3,0.0213,0,6.668126591408065,22914.91,0,0
TX11940,260.73,Wallet,16,0,25383.3,32297.36,Chennai,Laptop,135,0,0,2,0.0103,0,5.567313438044335,-6914.060000000001,0,0
TX10702,309.53,UPI,10,6,82776.67,47757.52,Mumbai,Mobile,69,0,0,1,0.0037,0,5.738280515063768,35019.15,0,1
TX12442,678.37,Wallet,17,3,90108.9,26537.47,Kolkata,Desktop,146,0,0,4,0.0075,0,6.52116589814278,63571.42999999999,0,0
TX14375,830.98,Wallet,20,5,23873.09,19817.94,Pune,Desktop,24,0,0,3,0.0348,0,6.723808402070742,4055.1500000000015,0,1
TX10496,2894.24,E-commerce,9,5,55229.56,31216.93,Bengaluru,Mobile,57,0,0,2,0.0524,0,7.970823288125356,24012.629999999997,0,1
TX10464,499.7,Wallet,11,4,19024.06,34087.78,Chennai,Mobile,89,0,0,1,0.0263,0,6.216007119335899,-15063.719999999998,0,0
TX14071,2375.38,Wallet,13,3,59730.81,22424.25,Chennai,Mobile,60,0,0,4,0.0398,0,7.773333600354603,37306.56,0,0
TX14333,1265.14,Bank Transfer,14,5,32680.14,43533.22,Delhi,Desktop,178,0,0,1,0.0387,0,7.143728181108272,-10853.080000000002,0,1
TX10172,280.7,UPI,18,2,46464.71,49003.63,Lucknow,Tablet,114,0,0,1,0.006,0,5.640842674882327,-2538.9199999999983,0,0
TXF20443,71536.21,UPI,23,1,89911.64,154.34,Jaipur,Mobile,4,1,1,17,0.7956,1,11.177973012891213,89757.3,1,0
TXF20296,4814.76,UPI,10,1,36916.62,1324.65,Pune,Desktop,2,0,1,24,0.1304,1,8.479649151859864,35591.97,0,0
TX12540,830.04,Card,13,6,34717.98,48803.41,Jaipur,Mobile,60,0,0,2,0.0239,0,6.722677928474384,-14085.43,0,1
TX13262,561.21,Wallet,11,2,57962.24,44725.71,Hyderabad,Laptop,88,0,0,4,0.0097,0,6.331875445578559,13236.529999999999,0,0
TXF20180,11146.08,UPI,20,0,9108.56,3503.29,Ahmedabad,Mobile,28,1,1,4,1.2237,1,9.318932859182745,5605.2699999999995,0,0
TX12260,173.58,Wallet,9,2,49751.71,28998.58,Chennai,Mobile,191,0,0,3,0.0035,0,5.162383089307204,20753.129999999997,0,0
TX12112,633.44,Bank Transfer,9,6,4893.0,32204.15,Pune,Mobile,85,0,0,4,0.1295,0,6.452742720035359,-27311.15,0,1
TX10900,2145.55,Bank Transfer,17,5,22071.99,17332.56,Delhi,Mobile,19,0,0,1,0.0972,0,7.671617181127306,4739.43,0,1
TX11446,2068.42,Card,9,0,36897.6,2831.16,Mumbai,Mobile,86,0,0,4,0.0561,0,7.635023653761241,34066.44,0,0
TX13573,2869.23,E-commerce,12,3,71836.56,1156.07,Pune,Mobile,176,0,0,3,0.0399,0,7.962147444915501,70680.48999999999,0,0
TX10741,445.23,UPI,19,4,56039.52,27131.07,Ahmedabad,Mobile,130,0,0,1,0.0079,0,6.100834514162325,28908.449999999997,0,0
TX12293,1943.79,UPI,20,0,85687.5,32574.34,Bengaluru,Desktop,145,0,0,3,0.0227,0,7.572909281071787,53113.16,0,0
TX12452,904.02,E-commerce,19,6,80226.92,41947.23,Bengaluru,Mobile,42,0,0,4,0.0113,0,6.807957042903251,38279.689999999995,0,1
TX12622,475.39,Bank Transfer,20,6,41334.52,34009.64,Mumbai,Laptop,144,0,0,1,0.0115,0,6.166236846496772,7324.879999999997,0,1
TX14078,2638.56,UPI,13,6,59400.19,21870.84,Bengaluru,Laptop,146,0,0,4,0.0444,0,7.878367515583263,37529.350000000006,0,1
TX11206,862.05,E-commerce,14,5,76711.71,44908.44,Bengaluru,Mobile,16,0,0,1,0.0112,0,6.760472626832698,31803.270000000004,0,1
TX10509,1088.66,E-commerce,17,1,14774.86,43114.52,Chennai,Laptop,32,0,0,1,0.0737,0,6.993620999958463,-28339.659999999996,0,0
TX12620,1431.81,Card,14,0,81834.84,18745.15,Mumbai,Desktop,136,0,0,4,0.0175,0,7.267392830063296,63089.689999999995,0,0
TX12802,271.8,UPI,13,0,78044.18,27655.89,Bengaluru,Tablet,133,0,0,4,0.0035,0,5.608738925969307,50388.28999999999,0,0
TX13313,345.79,UPI,16,6,64960.18,37899.74,Pune,Desktop,6,0,0,3,0.0053,0,5.848719409427211,27060.440000000002,0,1
TX11549,590.11,UPI,16,1,56628.14,17415.42,Delhi,Tablet,33,0,0,1,0.0104,0,6.382002125298456,39212.72,0,0
TXF20063,139159.09,UPI,10,2,106368.13,4999.03,Jaipur,Desktop,21,0,1,2,1.3083,1,11.843380276003238,101369.1,0,0
TX12202,1103.11,Bank Transfer,16,3,24848.77,20537.09,Delhi,Desktop,138,0,0,2,0.0444,0,7.006794859554696,4311.68,0,0
TX12566,3445.84,UPI,14,1,65471.3,5743.68,Chennai,Laptop,151,0,0,3,0.0526,0,8.145213148265201,59727.62,0,0
TX13892,1572.86,UPI,14,0,82812.44,41444.07,Pune,Mobile,170,0,0,1,0.019,0,7.3612864796593405,41368.37,0,0
TX12044,376.65,Card,11,3,56128.58,26426.22,Jaipur,Desktop,163,0,0,3,0.0067,0,5.933967840759457,29702.36,0,0
TX10767,2340.27,UPI,13,5,32630.13,17999.9,Chennai,Mobile,94,0,0,4,0.0717,0,7.7584487961670865,14630.23,0,1
TXF20372,64733.9,Wallet,3,0,32366.95,4682.23,Jaipur,Tablet,24,1,1,13,2.0,1,11.07805574773215,27684.72,1,0
TX13738,549.74,Wallet,18,2,49918.27,34155.71,Delhi,Laptop,66,0,0,4,0.011,0,6.311262828459054,15762.559999999998,0,0
TX10421,2775.71,UPI,10,3,99772.9,22744.1,Delhi,Mobile,31,0,0,1,0.0278,0,7.929022052613499,77028.79999999999,0,0
TX10123,988.2,E-commerce,14,6,64356.0,22477.43,Chennai,Mobile,143,0,0,4,0.0154,0,6.896896535647262,41878.57,0,1
TX14162,240.89,E-commerce,13,6,84829.07,30147.5,Bengaluru,Mobile,64,0,0,3,0.0028,0,5.48848307736504,54681.57000000001,0,1
TX12628,312.81,Card,8,1,29356.06,13502.12,Mumbai,Mobile,143,0,0,1,0.0107,0,5.748787707222662,15853.94,0,0
TX10819,494.98,Wallet,17,2,53823.28,29797.07,Mumbai,Mobile,168,0,0,2,0.0092,0,6.2065356033313055,24026.21,0,0
TX11403,1198.83,Card,16,4,79496.98,38316.35,Delhi,Mobile,20,0,0,4,0.0151,0,7.089935159073755,41180.63,0,0
TX11382,2360.69,E-commerce,15,4,22391.97,1225.97,Ahmedabad,Mobile,98,0,0,2,0.1054,0,7.767132743436092,21166.0,0,0
TX12148,2003.67,Card,16,2,30331.22,9656.91,Delhi,Desktop,109,0,0,2,0.0661,0,7.603234737665813,20674.31,0,0
TX11575,1267.75,Bank Transfer,20,6,59046.44,6393.15,Bengaluru,Desktop,144,0,0,3,0.0215,0,7.145787442790097,52653.29,0,1
TX11638,1137.28,Card,15,6,3049.85,12955.84,Mumbai,Mobile,55,0,0,4,0.3729,0,7.037273630116199,-9905.99,0,1
TX11795,113.29,Bank Transfer,15,1,72061.07,22190.42,Mumbai,Desktop,105,0,0,2,0.0016,0,4.738739077909506,49870.65000000001,0,0
TXF20315,3603.77,Bank Transfer,14,2,157068.26,888.1,Ahmedabad,Desktop,5,1,0,25,0.0229,1,8.190013247406332,156180.16,0,0
TX10399,1284.44,Card,15,2,54161.5,36606.32,Mumbai,Mobile,199,0,0,2,0.0237,0,7.158856351170917,17555.18,0,0
TX12310,1190.74,E-commerce,8,1,57445.43,36457.9,Chennai,Tablet,27,0,0,1,0.0207,0,7.0831697030281235,20987.53,0,0
TX10882,732.64,E-commerce,19,2,13955.39,38300.78,Delhi,Desktop,104,0,0,4,0.0525,0,6.598018445082832,-24345.39,0,0
TXF20473,118366.09,Wallet,2,5,69242.57,1730.93,Kolkata,Mobile,23,1,1,13,1.7094,1,11.68154600671401,67511.64000000001,1,1
TX12897,373.01,UPI,9,1,97445.06,35831.55,Pune,Mobile,84,0,0,2,0.0038,0,5.924282535024993,61613.509999999995,0,0
TX11352,3729.97,UPI,17,3,35608.66,19718.04,Delhi,Desktop,142,0,0,2,0.1047,0,8.224423532449082,15890.620000000003,0,0
TX12742,2024.57,Wallet,10,5,80286.12,46547.3,Lucknow,Desktop,148,0,0,3,0.0252,0,7.613606421413642,33738.81999999999,0,1
TXF20050,141557.46,Wallet,10,2,92451.59,3680.27,Hyderabad,Mobile,13,0,1,1,1.5312,1,11.86046805562091,88771.31999999999,0,0
TX12130,5259.91,Card,19,1,75671.55,47803.4,Kolkata,Tablet,97,0,0,4,0.0695,0,8.568059294570604,27868.15,0,0
TX10982,2393.84,UPI,16,1,54129.71,8152.0,Bengaluru,Tablet,51,0,0,1,0.0442,0,7.781071701767894,45977.71,0,0
TX10456,2485.07,Card,11,0,63471.63,38267.67,Mumbai,Tablet,32,0,0,2,0.0392,0,7.818458429357261,25203.96,0,0
TX14119,1072.37,Bank Transfer,17,1,44254.88,43253.03,Pune,Desktop,66,0,0,1,0.0242,0,6.978558510777537,1001.8499999999985,0,0
TX11079,1609.3,Card,13,6,34571.56,15039.23,Kolkata,Mobile,48,0,0,3,0.0465,0,7.38417577602395,19532.329999999998,0,1
TX11950,3073.16,Bank Transfer,15,2,69642.38,16984.56,Chennai,Mobile,35,0,0,3,0.0441,0,8.03078697219099,52657.82000000001,0,0
TX14314,625.78,UPI,10,2,57121.4,12542.68,Delhi,Desktop,19,0,0,4,0.011,0,6.440595601868132,44578.72,0,0
TX10689,4255.81,Card,13,0,30067.77,18156.47,Bengaluru,Mobile,184,0,0,3,0.1415,0,8.356275332461884,11911.3,0,0
TX12429,819.87,UPI,14,5,88944.6,20704.27,Bengaluru,Mobile,196,0,0,2,0.0092,0,6.710364753431219,68240.33,0,1
TX10641,1574.82,E-commerce,15,6,65224.61,8381.15,Mumbai,Laptop,117,0,0,2,0.0241,0,7.362531050697031,56843.46,0,1
TX12392,1082.19,Bank Transfer,10,6,35604.67,46218.5,Bengaluru,Laptop,99,0,0,1,0.0304,0,6.987665670209931,-10613.830000000002,0,1
TX11953,1687.07,Wallet,12,3,61940.28,26549.61,Kolkata,Mobile,165,0,0,4,0.0272,0,7.431341143490392,35390.67,0,0
TX12748,883.34,UPI,20,4,56786.15,33110.06,Chennai,Mobile,16,0,0,1,0.0156,0,6.784841604076721,23676.090000000004,0,0
TX14313,1410.1,Card,9,1,30805.99,15243.59,Bengaluru,Desktop,119,0,0,3,0.0458,0,7.252124821063715,15562.400000000001,0,0
TX13435,221.1,Wallet,11,5,76823.47,45767.3,Mumbai,Desktop,53,0,0,3,0.0029,0,5.403127730900382,31056.17,0,1
TX13336,1015.56,Card,14,4,83029.0,4086.7,Kolkata,Desktop,57,0,0,2,0.0122,0,6.924179657396279,78942.3,0,0
TXF20266,8143.63,Card,10,2,75654.78,1264.18,Ahmedabad,Desktop,5,1,1,29,0.1076,1,9.005114093362213,74390.6,0,0
TX13370,446.17,UPI,10,4,59774.84,15807.8,Hyderabad,Mobile,170,0,0,4,0.0075,0,6.10293883551194,43967.03999999999,0,0
TX11884,2200.85,UPI,20,2,16238.45,41820.34,Jaipur,Mobile,40,0,0,4,0.1355,0,7.697053195071352,-25581.889999999996,0,0
TX10389,2212.53,E-commerce,8,6,35195.43,25933.81,Kolkata,Mobile,114,0,0,4,0.0629,0,7.702343805276648,9261.619999999999,0,1
TX12494,1428.09,UPI,16,3,30116.09,112.12,Jaipur,Mobile,14,0,0,3,0.0474,0,7.264793157052309,30003.97,0,0
TX13878,556.63,Wallet,11,4,73574.44,37414.05,Hyderabad,Mobile,12,0,0,1,0.0076,0,6.323695660007647,36160.39,0,0
TX13856,168.27,E-commerce,13,1,82325.47,22613.08,Bengaluru,Mobile,130,0,0,1,0.002,0,5.131495073201006,59712.39,0,0
TX10845,1102.61,Card,13,4,81895.68,23037.28,Hyderabad,Desktop,88,0,0,4,0.0135,0,7.006341903556155,58858.399999999994,0,0
TX10542,818.72,UPI,20,1,8408.76,704.21,Mumbai,Mobile,114,0,0,4,0.0974,0,6.7089628185317585,7704.55,0,0
TX10091,651.14,Wallet,15,4,73397.23,48795.02,Jaipur,Desktop,122,0,0,2,0.0089,0,6.48025926280315,24602.21,0,0
TX13889,737.91,Bank Transfer,16,1,67096.02,27566.48,Mumbai,Mobile,186,0,0,3,0.011,0,6.605176127334096,39529.54000000001,0,0
TX11979,1158.01,Card,16,6,67124.03,41212.43,Bengaluru,Tablet,153,0,0,4,0.0173,0,7.055321471430226,25911.6,0,1
TX12812,663.47,E-commerce,14,4,96684.65,41041.02,Pune,Mobile,7,0,0,2,0.0069,0,6.498989730407294,55643.63,0,0
TX14082,804.33,Wallet,20,5,26916.75,19133.91,Bengaluru,Mobile,126,0,0,3,0.0299,0,6.691252131305182,7782.84,0,1
TX12902,1016.1,Wallet,12,6,82427.72,47736.42,Bengaluru,Mobile,119,0,0,4,0.0123,0,6.924710719631551,34691.3,0,1
TX12529,3155.17,Card,12,3,73577.63,39655.9,Mumbai,Desktop,135,0,0,3,0.0429,0,8.057114546167787,33921.73,0,0
TX11676,1629.07,E-commerce,12,4,86193.05,18047.81,Delhi,Mobile,67,0,0,3,0.0189,0,7.396378237663983,68145.24,0,0
TX11048,1231.4,UPI,19,4,77026.05,22170.46,Hyderabad,Tablet,66,0,0,3,0.016,0,7.116718766722513,54855.590000000004,0,0
TX11960,1441.34,E-commerce,17,2,7887.69,44441.1,Kolkata,Desktop,30,0,0,1,0.1827,0,7.274022073686144,-36553.409999999996,0,0
TX12530,482.57,E-commerce,18,0,71644.81,33899.36,Pune,Desktop,113,0,0,3,0.0067,0,6.18119608207695,37745.45,0,0
TX13992,1187.03,E-commerce,9,0,29007.01,1720.82,Bengaluru,Mobile,45,0,0,3,0.0409,0,7.080051752129003,27286.19,0,0
TX10237,3243.83,Card,15,4,28797.84,17350.23,Chennai,Mobile,122,0,0,1,0.1126,0,8.0848182394762,11447.61,0,0
TX13097,1974.79,UPI,20,1,39488.27,42365.9,Mumbai,Mobile,105,0,0,1,0.05,0,7.588723597356549,-2877.6300000000047,0,0
TX13488,969.02,Card,8,5,5886.35,40894.87,Mumbai,Mobile,58,0,0,2,0.1646,0,6.87731668984157,-35008.520000000004,0,1
TX11133,1341.83,Bank Transfer,19,0,62682.46,33957.15,Mumbai,Mobile,140,0,0,2,0.0214,0,7.202534606232544,28725.309999999998,0,0
TX11805,3995.96,Wallet,16,6,50657.62,12366.35,Mumbai,Desktop,176,0,0,4,0.0789,0,8.293289351155618,38291.270000000004,0,1
TX14317,2779.76,UPI,16,0,31388.39,16241.02,Bengaluru,Tablet,71,0,0,3,0.0886,0,7.93047955061779,15147.369999999999,0,0
TX10163,3047.7,E-commerce,18,3,55318.32,38638.69,Ahmedabad,Desktop,20,0,0,4,0.0551,0,8.022470549231643,16679.629999999997,0,0
TX13492,1634.27,Bank Transfer,19,0,16788.01,22682.97,Kolkata,Mobile,59,0,0,4,0.0973,0,7.399563207312318,-5894.960000000003,0,0
TXF20209,50236.85,UPI,14,2,25118.42,1744.33,Pune,Laptop,27,1,1,1,2.0,1,10.824524005640379,23374.089999999997,0,0
TXF20130,5607.11,E-commerce,3,1,97618.45,2193.29,Ahmedabad,Mobile,23,1,0,2,0.0574,1,8.631969043358007,95425.16,1,0
TX13453,1246.65,Card,14,6,29771.12,30251.55,Mumbai,Mobile,124,0,0,3,0.0419,0,7.129017060878328,-480.4300000000003,0,1
TX13199,2376.93,UPI,11,0,35076.07,41948.99,Delhi,Mobile,194,0,0,4,0.0678,0,7.773985640316203,-6872.919999999998,0,0
TX13634,846.86,Bank Transfer,12,4,64520.83,42829.34,Delhi,Desktop,183,0,0,1,0.0131,0,6.7427155278227096,21691.490000000005,0,0
TX13939,934.06,Wallet,10,6,63448.18,33348.64,Bengaluru,Desktop,30,0,0,2,0.0147,0,6.840610698352803,30099.54,0,1
TX11811,752.16,Bank Transfer,17,5,71939.13,21004.29,Delhi,Mobile,80,0,0,1,0.0105,0,6.6242776886282275,50934.840000000004,0,1
TX13649,800.57,UPI,15,4,47654.77,12011.86,Delhi,Mobile,194,0,0,2,0.0168,0,6.686572304480562,35642.909999999996,0,0
TX14049,740.48,Bank Transfer,15,4,73759.48,22123.87,Mumbai,Desktop,145,0,0,2,0.01,0,6.608648188860888,51635.61,0,0
TX11428,3042.13,Wallet,10,3,86083.62,35498.5,Mumbai,Mobile,52,0,0,2,0.0353,0,8.02064186998347,50585.119999999995,0,0
TX13613,455.53,Bank Transfer,20,4,99939.43,5827.84,Kolkata,Desktop,103,0,0,1,0.0046,0,6.123654415290844,94111.59,0,0
TX13131,2061.65,E-commerce,10,0,54427.79,8687.78,Delhi,Mobile,144,0,0,1,0.0379,0,7.631746842837064,45740.01,0,0
TX13396,1012.88,Bank Transfer,14,1,48332.08,15794.43,Delhi,Mobile,157,0,0,4,0.021,0,6.921539833952754,32537.65,0,0
TX14460,3011.1,Bank Transfer,13,5,96640.52,49461.41,Bengaluru,Mobile,156,0,0,4,0.0312,0,8.010392788899868,47179.11,0,1
TXF20149,34336.16,Card,4,4,17168.08,856.41,Jaipur,Desktop,27,1,0,5,2.0,1,10.44398342864355,16311.670000000002,1,0
TX12820,1949.51,UPI,18,6,96539.66,22202.56,Bengaluru,Mobile,160,0,0,1,0.0202,0,7.5758461558241095,74337.1,0,1
TX11452,686.26,E-commerce,10,3,4727.49,49717.08,Lucknow,Laptop,67,0,0,2,0.1452,0,6.53271267768522,-44989.590000000004,0,0
TX10593,1747.04,Bank Transfer,8,0,85807.37,19253.26,Delhi,Desktop,96,0,0,4,0.0204,0,7.4662504392488565,66554.11,0,0
TX10041,1073.62,E-commerce,16,0,62225.27,25183.68,Delhi,Laptop,22,0,0,2,0.0173,0,6.979722389697928,37041.59,0,0
TX10560,959.39,Bank Transfer,20,6,76586.06,23080.92,Bengaluru,Mobile,199,0,0,1,0.0125,0,6.867339451964693,53505.14,0,1
TX13273,2333.14,Wallet,12,2,50187.85,47721.86,Delhi,Tablet,20,0,0,4,0.0465,0,7.755398793909641,2465.989999999998,0,0
TX13244,223.19,Bank Transfer,11,3,8187.89,44793.0,Chennai,Desktop,30,0,0,3,0.0273,0,5.412493906610308,-36605.11,0,0
TX10243,1311.74,Bank Transfer,10,2,59152.43,30375.08,Delhi,Mobile,174,0,0,3,0.0222,0,7.179871834892307,28777.35,0,0
TX11339,429.52,Card,14,2,58029.17,28344.32,Lucknow,Desktop,91,0,0,4,0.0074,0,6.064993780396097,29684.85,0,0
TX12780,718.82,Card,17,5,51404.7,23270.15,Jaipur,Mobile,199,0,0,2,0.014,0,6.579001180754892,28134.549999999996,0,1
TX13187,1179.56,UPI,14,2,88077.79,44672.48,Lucknow,Mobile,50,0,0,2,0.0134,0,7.073744181155194,43405.30999999999,0,0
TX13799,510.35,E-commerce,15,3,98311.0,21777.56,Lucknow,Desktop,184,0,0,1,0.0052,0,6.237054287252022,76533.44,0,0
TX11442,666.72,Bank Transfer,18,2,82781.93,32472.48,Pune,Mobile,31,0,0,3,0.0081,0,6.503868923987187,50309.45,0,0
TX10261,2625.97,Bank Transfer,10,6,18572.37,9178.21,Ahmedabad,Mobile,137,0,0,3,0.1414,0,7.8735863697497575,9394.16,0,1
TX12764,919.64,Bank Transfer,13,0,11745.22,40665.13,Mumbai,Desktop,184,0,0,3,0.0783,0,6.825069080363183,-28919.909999999996,0,0
TX11689,700.22,E-commerce,8,3,26881.93,23252.87,Delhi,Desktop,102,0,0,3,0.026,0,6.552821675173121,3629.0600000000013,0,0
TX11725,1889.72,E-commerce,8,0,45975.11,17185.52,Pune,Mobile,193,0,0,4,0.0411,0,7.544712987890706,28789.59,0,0
TXF20292,7310.67,Bank Transfer,11,6,50684.87,3438.03,Mumbai,Desktop,12,1,0,20,0.1442,1,8.89722698082451,47246.840000000004,0,1
TX10834,1115.11,E-commerce,8,1,97410.56,3872.69,Kolkata,Mobile,16,0,0,1,0.0114,0,7.01760470439216,93537.87,0,0
TX11866,1402.31,Card,18,1,36978.97,36161.91,Delhi,Desktop,50,0,0,1,0.0379,0,7.246589010791701,817.0599999999977,0,0
TX12496,818.49,Card,12,1,78766.49,30467.72,Delhi,Desktop,193,0,0,1,0.0104,0,6.708682195546895,48298.770000000004,0,0
TX12010,1702.32,Wallet,13,5,40655.35,21070.46,Pune,Mobile,78,0,0,1,0.0419,0,7.440334566710353,19584.89,0,1
TX10340,1857.22,Bank Transfer,10,0,11012.4,20481.82,Pune,Desktop,189,0,0,4,0.1686,0,7.5273743192533695,-9469.42,0,0
TX12988,2503.19,Wallet,14,2,3933.01,1745.55,Hyderabad,Tablet,35,0,0,4,0.6365,0,7.825720607935604,2187.46,0,0
TX11601,241.77,Card,19,1,40540.08,2963.85,Delhi,Desktop,44,0,0,3,0.006,0,5.492114493067016,37576.23,0,0
TX13875,623.75,Bank Transfer,9,0,33088.64,5240.66,Hyderabad,Laptop,177,0,0,2,0.0189,0,6.437351569715061,27847.98,0,0
TXF20194,50487.69,Wallet,9,3,84019.12,1950.19,Mumbai,Laptop,29,0,1,5,0.6009,1,10.829504629784537,82068.93,0,0
TX10480,576.55,E-commerce,9,6,43682.41,35908.13,Kolkata,Laptop,100,0,0,4,0.0132,0,6.358795018734689,7774.280000000006,0,1
TX12825,648.53,Card,8,5,54566.92,45548.67,Hyderabad,Laptop,26,0,0,4,0.0119,0,6.476249024420401,9018.25,0,1
TX14329,2369.85,E-commerce,9,2,66489.24,43656.38,Delhi,Mobile,81,0,0,4,0.0356,0,7.771003819618745,22832.860000000008,0,0
TX13540,324.23,Bank Transfer,13,6,87366.2,21658.04,Kolkata,Mobile,49,0,0,3,0.0037,0,5.78453262434131,65708.16,0,1
TXF20138,26291.18,Card,2,6,13145.59,2.77,Bengaluru,Desktop,26,1,0,1,2.0,1,10.177026835548986,13142.82,1,1
TX13046,879.4,UPI,8,2,4318.83,21753.37,Jaipur,Mobile,191,0,0,3,0.2036,0,6.780376349652307,-17434.54,0,0
TX13990,1327.42,Wallet,18,4,99469.58,25963.92,Ahmedabad,Mobile,158,0,0,2,0.0133,0,7.191745545095368,73505.66,0,0
TX11766,1474.64,UPI,18,4,27131.96,3457.5,Delhi,Laptop,76,0,0,2,0.0544,0,7.296847072972357,23674.46,0,0
TX14473,1502.96,Wallet,10,5,61964.94,9308.3,Delhi,Mobile,191,0,0,4,0.0243,0,7.3158569084114315,52656.64,0,1
TX12453,3545.47,E-commerce,20,5,69195.66,11498.45,Hyderabad,Mobile,73,0,0,1,0.0512,0,8.173708021562236,57697.21000000001,0,1
TX12877,4156.72,E-commerce,9,1,5837.92,15102.72,Delhi,Laptop,93,0,0,2,0.712,0,8.332722126083175,-9264.8,0,0
TX13815,826.26,Bank Transfer,9,2,71523.77,34042.65,Delhi,Mobile,93,0,0,1,0.0116,0,6.718119034972842,37481.12,0,0
TX14016,590.27,Card,13,1,12261.41,36364.35,Chennai,Desktop,7,0,0,4,0.0481,0,6.3822727658725125,-24102.94,0,0
TXF20177,13446.64,UPI,19,3,161893.04,3057.17,Pune,Desktop,28,1,1,1,0.0831,1,9.506558904950241,158835.87,0,0
TX13679,3869.72,Bank Transfer,10,5,54358.37,17000.11,Pune,Mobile,36,0,0,3,0.0712,0,8.26119581523095,37358.26,0,1
TX11271,3243.32,Wallet,10,1,57503.11,42572.42,Bengaluru,Tablet,87,0,0,2,0.0564,0,8.084661054020154,14930.690000000002,0,0
TX13077,760.69,Bank Transfer,12,5,91736.45,510.33,Chennai,Tablet,57,0,0,4,0.0083,0,6.63553964876427,91226.12,0,1
TXF20001,110133.47,E-commerce,8,1,55066.74,1772.84,Ahmedabad,Tablet,17,0,0,1,2.0,1,11.609457352730836,53293.9,0,0
TX13094,1061.04,Bank Transfer,8,0,4751.36,30654.33,Pune,Laptop,197,0,0,4,0.2233,0,6.967946865876011,-25902.97,0,0
TXF20153,37804.17,Wallet,1,6,144061.37,288.21,Chennai,Desktop,21,1,0,4,0.2624,1,10.540201144741948,143773.16,1,1
TX10347,4804.78,UPI,15,4,84648.67,32956.75,Pune,Mobile,9,0,0,3,0.0568,0,8.477574639135463,51691.92,0,0
TX13881,1133.69,E-commerce,11,2,69568.0,21417.43,Bengaluru,Desktop,96,0,0,1,0.0163,0,7.034114764856021,48150.57,0,0
TXF20123,23742.79,Wallet,4,1,11871.4,4540.77,Jaipur,Tablet,17,1,0,2,2.0,1,10.075076301588373,7330.629999999999,1,0
TX12562,673.98,UPI,11,2,29225.97,26589.87,Kolkata,Mobile,146,0,0,4,0.0231,0,6.514683060803934,2636.100000000002,0,0
TXF20090,18753.06,E-commerce,0,3,33999.57,384.25,Kolkata,Mobile,27,1,0,3,0.5516,1,9.839165541291932,33615.32,1,0
TX11423,2203.61,E-commerce,9,0,89571.4,8526.04,Delhi,Mobile,161,0,0,3,0.0246,0,7.698305901489172,81045.35999999999,0,0
TX10656,756.2,E-commerce,9,3,18656.9,42801.29,Kolkata,Mobile,53,0,0,1,0.0405,0,6.629627419335168,-24144.39,0,0
TX12102,554.89,E-commerce,20,2,62745.02,17077.13,Delhi,Desktop,123,0,0,3,0.0088,0,6.320570432950707,45667.89,0,0
TX10632,2287.89,Bank Transfer,20,1,60258.43,31765.66,Bengaluru,Laptop,155,0,0,3,0.038,0,7.735822262878228,28492.77,0,0
TX12892,2040.57,E-commerce,9,0,45564.01,41450.49,Delhi,Desktop,163,0,0,4,0.0448,0,7.621474398685141,4113.520000000004,0,0
TX12493,2095.22,Bank Transfer,17,6,31448.97,31482.37,Delhi,Desktop,143,0,0,3,0.0666,0,7.6478910017648865,-33.39999999999782,0,1
TX12665,555.18,Wallet,8,6,52689.45,30327.4,Lucknow,Desktop,75,0,0,4,0.0105,0,6.3210919828649645,22362.049999999996,0,1
TX14015,1838.38,Card,12,6,63377.39,20656.79,Hyderabad,Desktop,86,0,0,2,0.029,0,7.517183837298687,42720.6,0,1
TX13662,2186.82,Bank Transfer,20,3,12137.99,16106.14,Hyderabad,Laptop,108,0,0,3,0.1802,0,7.690660893247344,-3968.1499999999996,0,0
TX13307,1320.0,E-commerce,17,4,73074.7,17287.47,Ahmedabad,Mobile,40,0,0,3,0.0181,0,7.186144304522325,55787.229999999996,0,0
TX13096,587.51,Wallet,14,5,23104.53,8154.71,Delhi,Desktop,52,0,0,3,0.0254,0,6.377593918909404,14949.82,0,1
TX13919,1210.44,UPI,16,2,25299.63,16250.77,Mumbai,Mobile,148,0,0,3,0.0478,0,7.0995650136484,9048.86,0,0
TX12500,1467.99,Bank Transfer,17,5,66131.17,18759.54,Bengaluru,Mobile,162,0,0,1,0.0222,0,7.292330368798767,47371.63,0,1
TX11465,410.45,E-commerce,12,2,49959.67,16574.78,Mumbai,Mobile,7,0,0,3,0.0082,0,6.019687506051722,33384.89,0,0
TX12833,1062.82,Bank Transfer,18,1,71077.06,35226.4,Ahmedabad,Desktop,173,0,0,4,0.015,0,6.969621482657904,35850.659999999996,0,0
TX10115,1814.75,Bank Transfer,10,2,77000.92,40361.05,Pune,Tablet,78,0,0,4,0.0236,0,7.504253884486277,36639.869999999995,0,0
TX11821,745.21,Card,19,3,97323.39,17144.36,Delhi,Desktop,159,0,0,4,0.0077,0,6.615007061930175,80179.03,0,0
TX11494,2624.61,E-commerce,19,2,23431.33,23505.13,Pune,Mobile,192,0,0,3,0.112,0,7.873068528981833,-73.79999999999927,0,0
TX12401,526.15,Bank Transfer,17,6,26248.78,47032.81,Bengaluru,Mobile,67,0,0,4,0.02,0,6.267485138022959,-20784.03,0,1
TX11232,2398.83,Bank Transfer,15,4,42399.55,7900.22,Bengaluru,Mobile,64,0,0,3,0.0566,0,7.783153180493905,34499.33,0,0
TX12661,1196.63,UPI,9,2,19227.97,30350.21,Delhi,Desktop,197,0,0,4,0.0622,0,7.08809988289187,-11122.239999999998,0,0
TX14100,1027.67,Bank Transfer,14,3,9255.42,47990.37,Kolkata,Mobile,128,0,0,2,0.111,0,6.936021984690446,-38734.950000000004,0,0
TXF20073,100571.86,UPI,15,0,50285.93,337.77,Lucknow,Mobile,10,1,0,4,2.0,1,11.518637718938123,49948.16,0,0
TX11153,1038.04,UPI,16,5,17896.39,5917.5,Kolkata,Mobile,151,0,0,3,0.058,0,6.946052488914481,11978.89,0,1
TX13848,277.23,UPI,20,6,4250.36,27127.91,Mumbai,Desktop,43,0,0,2,0.0652,0,5.628448109764594,-22877.55,0,1
TX10057,2049.72,UPI,12,1,74782.31,44865.8,Pune,Mobile,85,0,0,4,0.0274,0,7.625946229981514,29916.509999999995,0,0
TX14104,553.03,E-commerce,19,1,11789.65,46760.32,Delhi,Mobile,81,0,0,3,0.0469,0,6.3172188369056865,-34970.67,0,0
TX14288,693.99,UPI,18,6,36088.87,10916.21,Mumbai,Mobile,66,0,0,3,0.0192,0,6.5438974569720685,25172.660000000003,0,1
TXF20445,165236.69,Wallet,1,2,82618.35,1480.59,Kolkata,Tablet,25,1,1,15,2.0,1,12.015140261747044,81137.76000000001,1,0
TX11735,1531.72,E-commerce,19,5,20349.8,5371.95,Bengaluru,Mobile,181,0,0,2,0.0753,0,7.334799213787737,14977.849999999999,0,1
TX12196,674.48,E-commerce,20,2,63781.79,34995.71,Hyderabad,Laptop,159,0,0,2,0.0106,0,6.515423549263936,28786.08,0,0
TX13553,1136.44,UPI,12,5,39948.04,41840.01,Delhi,Laptop,123,0,0,2,0.0284,0,7.0365354021811735,-1891.9700000000012,0,1
TX12475,615.99,Card,9,6,63977.59,12930.21,Bengaluru,Laptop,144,0,0,3,0.0096,0,6.424852816318616,51047.38,0,1
TX12564,871.03,Bank Transfer,18,2,24593.96,22723.19,Hyderabad,Mobile,65,0,0,4,0.0354,0,6.770823826986912,1870.7700000000004,0,0
TX13158,538.57,UPI,19,0,62638.33,7270.21,Delhi,Mobile,58,0,0,2,0.0086,0,6.290772526049721,55368.12,0,0
TX14034,3034.93,UPI,10,1,53740.34,45831.77,Hyderabad,Tablet,23,0,0,1,0.0565,0,8.01827308159622,7908.57,0,0
TX13655,793.37,Wallet,10,1,34534.05,13695.08,Jaipur,Mobile,59,0,0,2,0.023,0,6.677549347667418,20838.97,0,0
TX10707,537.56,Wallet,13,5,13079.55,21005.49,Bengaluru,Laptop,74,0,0,4,0.0411,0,6.288898911002441,-7925.940000000002,0,1
TX14280,1092.9,Bank Transfer,18,0,41277.14,37544.41,Bengaluru,Desktop,136,0,0,4,0.0265,0,6.997504571125745,3732.729999999996,0,0
TX11093,234.6,E-commerce,15,4,89241.77,18636.22,Mumbai,Desktop,25,0,0,4,0.0026,0,5.462135451777431,70605.55,0,0
TXF20339,51128.04,Wallet,1,0,256186.29,4379.67,Mumbai,Mobile,30,1,1,13,0.1996,1,10.842107912227918,251806.62,1,0
TX11376,450.67,Card,14,2,26953.31,21013.06,Delhi,Laptop,83,0,0,4,0.0167,0,6.11295182469226,5940.25,0,0
TXF20413,120755.39,Card,2,1,60377.69,2940.46,Hyderabad,Laptop,14,1,1,15,2.0,1,11.701530489369302,57437.23,1,0
TX10072,1601.33,Bank Transfer,15,1,97981.52,42665.17,Chennai,Tablet,75,0,0,4,0.0163,0,7.379214098924124,55316.350000000006,0,0
TX11922,2063.04,Bank Transfer,20,4,23210.43,28483.76,Mumbai,Desktop,193,0,0,2,0.0889,0,7.632420506258628,-5273.329999999998,0,0
TX13173,805.29,Wallet,14,6,15440.42,35269.31,Mumbai,Mobile,19,0,0,2,0.0522,0,6.692443479282429,-19828.89,0,1
TX11764,477.16,E-commerce,10,1,44534.78,15587.51,Chennai,Mobile,12,0,0,2,0.0107,0,6.169945404515999,28947.269999999997,0,0
TX10743,1637.09,E-commerce,19,0,27940.91,9811.73,Delhi,Mobile,23,0,0,3,0.0586,0,7.4012862079585355,18129.18,0,0
TX14318,713.12,Card,17,4,99316.31,1673.58,Mumbai,Desktop,73,0,0,3,0.0072,0,6.571051015444761,97642.73,0,0
TX11005,181.72,UPI,15,6,65189.36,3797.86,Mumbai,Mobile,182,0,0,1,0.0028,0,5.207954926467646,61391.5,0,1
TX12668,447.5,UPI,16,6,27079.54,25270.61,Pune,Tablet,83,0,0,3,0.0165,0,6.105908681498851,1808.9300000000003,0,1
TX11190,1313.19,E-commerce,18,4,64480.35,20220.21,Pune,Desktop,121,0,0,1,0.0204,0,7.1809757852429135,44260.14,0,0
TXF20131,38411.61,Wallet,23,6,162422.6,2368.15,Kolkata,Desktop,9,1,0,2,0.2365,1,10.556141070085795,160054.45,1,1
TX12601,643.84,Bank Transfer,19,4,1444.42,12471.83,Mumbai,Mobile,78,0,0,3,0.4457,0,6.469002224007798,-11027.41,0,0
TX11125,1427.4,E-commerce,15,2,19190.26,19049.6,Bengaluru,Laptop,44,0,0,3,0.0744,0,7.264310215720293,140.65999999999985,0,0
TX11241,1541.26,E-commerce,15,4,79603.17,908.4,Mumbai,Mobile,37,0,0,3,0.0194,0,7.341004152101795,78694.77,0,0
TXF20106,19638.94,Card,3,3,234842.19,3557.56,Lucknow,Desktop,28,1,0,3,0.0836,1,9.885320526913974,231284.63,1,0
TX14130,2167.96,E-commerce,8,6,7280.11,27528.52,Pune,Mobile,69,0,0,2,0.2978,0,7.682003068978632,-20248.41,0,1
TX13442,879.44,E-commerce,20,6,20003.16,38687.87,Mumbai,Mobile,194,0,0,1,0.044,0,6.780421782513903,-18684.710000000003,0,1
TX10998,1372.66,E-commerce,11,1,85066.37,41087.28,Kolkata,Desktop,183,0,0,2,0.0161,0,7.225233989467958,43979.09,0,0
TX13386,1666.8,UPI,18,0,77287.18,4539.88,Delhi,Mobile,119,0,0,1,0.0216,0,7.419260671652885,72747.29999999999,0,0
TX12684,616.36,E-commerce,10,1,22000.7,24644.61,Hyderabad,Mobile,88,0,0,3,0.028,0,6.425452322149348,-2643.91,0,0
TX11577,1570.12,E-commerce,16,3,66614.07,44972.52,Bengaluru,Mobile,137,0,0,1,0.0236,0,7.359544019806967,21641.55000000001,0,0
TXF20290,4855.74,E-commerce,13,4,2427.87,366.58,Pune,Mobile,25,1,1,14,2.0,1,8.488122709926705,2061.29,0,0
TX11826,1740.44,Bank Transfer,16,2,42683.48,38614.62,Delhi,Mobile,118,0,0,2,0.0408,0,7.462467636154827,4068.8600000000006,0,0
TX13292,1607.62,Card,9,5,24891.84,26379.45,Chennai,Laptop,89,0,0,3,0.0646,0,7.3831319475643795,-1487.6100000000006,0,1
TXF20489,105023.69,Wallet,1,2,224543.14,3071.91,Pune,Mobile,1,1,1,18,0.4677,1,11.561950744355055,221471.23,1,0
TX13536,1780.08,Wallet,17,3,20218.95,36234.39,Mumbai,Mobile,35,0,0,1,0.088,0,7.484975200865917,-16015.439999999999,0,0
TX10440,2655.59,Bank Transfer,15,3,24615.27,32978.38,Mumbai,Laptop,47,0,0,3,0.1079,0,7.884798624481426,-8363.109999999997,0,0
TXF20451,120874.81,UPI,3,1,100236.14,4179.26,Jaipur,Tablet,4,1,1,20,1.2059,1,11.702518933870682,96056.88,1,0
TX11100,6470.6,E-commerce,9,1,29838.36,27677.85,Delhi,Desktop,116,0,0,1,0.2169,0,8.775178652131181,2160.510000000002,0,0
TX14010,1635.75,Card,12,5,97536.44,10380.27,Pune,Mobile,87,0,0,3,0.0168,0,7.400467847321201,87156.17,0,1
TX13058,10852.7,E-commerce,11,2,60285.87,28316.27,Delhi,Mobile,22,0,0,2,0.18,0,9.292261314661491,31969.600000000002,0,0
TX10649,674.35,Bank Transfer,19,2,34527.55,8770.7,Ahmedabad,Desktop,22,0,0,2,0.0195,0,6.515231075006773,25756.850000000002,0,0
TX11546,13652.06,Bank Transfer,8,6,47429.09,26013.7,Hyderabad,Desktop,169,0,0,1,0.2878,0,9.521718951313636,21415.389999999996,0,1
TXF20256,13501.74,E-commerce,19,0,124581.58,4588.98,Mumbai,Mobile,25,0,1,30,0.1084,1,9.510647906795288,119992.6,0,0
TX13560,1021.1,Wallet,16,5,35638.86,20976.61,Delhi,Mobile,34,0,0,3,0.0287,0,6.929614613335031,14662.25,0,1
TX13886,2119.08,E-commerce,12,5,16637.15,43863.66,Delhi,Mobile,142,0,0,1,0.1274,0,7.6592091028031355,-27226.510000000002,0,1
TX13741,355.89,UPI,17,2,34235.81,4209.41,Kolkata,Desktop,115,0,0,1,0.0104,0,5.877427611050618,30026.399999999998,0,0
TX10630,779.7,E-commerce,8,3,78453.08,48227.39,Pune,Tablet,153,0,0,4,0.0099,0,6.6601909531262455,30225.690000000002,0,0
TX10672,1471.19,E-commerce,10,3,11576.37,12170.5,Mumbai,Mobile,80,0,0,3,0.1271,0,7.294506367046177,-594.1299999999992,0,0
TX11249,2010.21,Wallet,13,3,24272.24,3091.17,Bengaluru,Laptop,38,0,0,4,0.0828,0,7.606491809979548,21181.07,0,0
TX10482,1728.81,Bank Transfer,18,6,29507.8,4063.03,Mumbai,Laptop,182,0,0,3,0.0586,0,7.455766854870848,25444.77,0,1
TX11584,803.78,E-commerce,18,6,21555.5,38476.15,Jaipur,Desktop,175,0,0,2,0.0373,0,6.690568948142054,-16920.65,0,1
TX13074,1433.74,E-commerce,19,5,94250.84,16699.56,Mumbai,Mobile,117,0,0,4,0.0152,0,7.2687389271088065,77551.28,0,1
TXF20127,17210.17,Wallet,3,0,8605.08,738.03,Lucknow,Mobile,29,1,0,5,2.0,1,9.753313870625185,7867.05,1,0
TX13038,765.89,Bank Transfer,12,5,82046.13,35973.46,Delhi,Laptop,38,0,0,1,0.0093,0,6.642343375176084,46072.670000000006,0,1
TX11462,586.63,E-commerce,10,5,7871.2,9437.5,Pune,Mobile,182,0,0,4,0.0745,0,6.376097498136003,-1566.3000000000002,0,1
TX13929,2682.08,UPI,11,3,47929.95,13996.75,Mumbai,Desktop,82,0,0,3,0.056,0,7.894720667349713,33933.2,0,0
TX13621,925.38,Card,18,2,54478.85,5093.23,Delhi,Desktop,15,0,0,1,0.017,0,6.831284517639227,49385.619999999995,0,0
TX12578,2621.83,Card,16,0,48342.86,10543.46,Chennai,Mobile,30,0,0,1,0.0542,0,7.872009166481743,37799.4,0,0
TX13801,425.61,UPI,16,6,46573.05,29720.98,Bengaluru,Mobile,171,0,0,2,0.0091,0,6.055870246925192,16852.070000000003,0,1
TX10049,733.05,Bank Transfer,10,5,52186.31,11402.14,Delhi,Laptop,15,0,0,3,0.014,0,6.59857714618547,40784.17,0,1
TX14289,2105.4,E-commerce,10,5,60864.05,17469.97,Bengaluru,Mobile,13,0,0,4,0.0346,0,7.6527356081821,43394.08,0,1
TX13344,1306.33,Card,10,4,87281.44,3928.7,Delhi,Mobile,83,0,0,3,0.015,0,7.1757421683654,83352.74,0,0
TX10858,403.3,Bank Transfer,10,0,32909.46,42417.3,Mumbai,Laptop,18,0,0,1,0.0123,0,6.002157176646725,-9507.840000000004,0,0
TX11072,725.5,UPI,15,4,98272.14,40867.0,Delhi,Desktop,41,0,0,3,0.0074,0,6.588238483010338,57405.14,0,0
TX10719,1543.42,UPI,9,6,69003.6,13841.52,Bengaluru,Mobile,84,0,0,4,0.0224,0,7.342403714319181,55162.08,0,1
TX13717,1658.15,Card,10,1,4970.49,844.02,Bengaluru,Desktop,121,0,0,2,0.3336,0,7.414060702016373,4126.469999999999,0,0
TX12631,1660.0,Wallet,10,5,29022.38,38444.21,Hyderabad,Desktop,47,0,0,4,0.0572,0,7.415175109613295,-9421.829999999998,0,1
TXF20373,42180.46,Card,0,2,79437.61,4838.77,Pune,Laptop,29,1,1,9,0.531,1,10.64973606699466,74598.84,1,0
TX11660,369.87,Bank Transfer,12,0,49726.34,16104.61,Chennai,Tablet,160,0,0,1,0.0074,0,5.915851596888831,33621.729999999996,0,0
TX11656,2013.46,UPI,14,0,98692.37,22227.61,Chennai,Desktop,189,0,0,3,0.0204,0,7.6081064483905845,76464.76,0,0
TX12425,3281.58,Card,14,6,74034.36,24573.67,Chennai,Mobile,60,0,0,2,0.0443,0,8.096384977547903,49460.69,0,1
TX13524,1915.61,Wallet,14,4,69700.87,17111.73,Delhi,Mobile,195,0,0,2,0.0275,0,7.558313279468836,52589.14,0,0
TX14229,1081.02,E-commerce,16,1,41247.62,6930.33,Bengaluru,Laptop,31,0,0,1,0.0262,0,6.986584943523949,34317.29,0,0
TXF20474,93661.06,Card,23,0,46830.53,2862.83,Hyderabad,Desktop,2,1,1,14,2.0,1,11.447448476943661,43967.7,1,0
TX13309,2705.6,Bank Transfer,13,3,20456.23,17109.74,Delhi,Tablet,30,0,0,1,0.1323,0,7.903448513642405,3346.489999999998,0,0
TX14476,1809.39,E-commerce,11,4,80614.9,16779.74,Mumbai,Laptop,161,0,0,1,0.0224,0,7.501297570662888,63835.15999999999,0,0
TX13305,1763.1,Wallet,16,0,93502.49,35367.59,Delhi,Mobile,41,0,0,1,0.0189,0,7.47539592430236,58134.90000000001,0,0
TXF20251,1889.43,Card,8,5,12456.88,3837.53,Mumbai,Mobile,5,1,1,16,0.1517,1,7.5445595954039915,8619.349999999999,0,1
TX14126,1878.46,Card,19,0,18718.05,2893.42,Hyderabad,Mobile,82,0,0,1,0.1004,0,7.538739780521843,15824.63,0,0
TX12606,1110.87,Wallet,20,4,18540.07,15873.63,Ahmedabad,Tablet,105,0,0,4,0.0599,0,7.013798561501613,2666.4400000000005,0,0
TX11385,2260.21,Card,12,5,77371.27,45660.77,Mumbai,Desktop,105,0,0,2,0.0292,0,7.723655347221925,31710.500000000007,0,1
TX13835,1568.94,Bank Transfer,13,1,7411.81,15738.94,Chennai,Desktop,47,0,0,3,0.2117,0,7.358792681051573,-8327.130000000001,0,0
TX11399,616.9,Card,16,3,50872.7,33777.17,Delhi,Mobile,72,0,0,2,0.0121,0,6.426326632066933,17095.53,0,0
TX11195,1226.95,Card,11,0,92775.49,12633.35,Delhi,Mobile,165,0,0,1,0.0132,0,7.113101391265766,80142.14,0,0
TX11408,319.18,Bank Transfer,13,2,20583.03,39191.02,Hyderabad,Desktop,159,0,0,3,0.0155,0,5.768883337649949,-18607.989999999998,0,0
TX13824,1710.59,Wallet,19,5,78377.69,42019.85,Mumbai,Mobile,104,0,0,4,0.0218,0,7.445178042039032,36357.840000000004,0,1
TX11798,2635.57,UPI,14,0,44490.53,12989.19,Delhi,Desktop,155,0,0,1,0.0592,0,7.877234108968914,31501.339999999997,0,0
TX11475,1299.42,Wallet,17,3,39316.29,19726.7,Mumbai,Mobile,84,0,0,1,0.0331,0,7.170442568194594,19589.59,0,0
TXF20465,115644.92,Bank Transfer,2,2,207118.75,240.75,Chennai,Desktop,17,1,1,16,0.5584,1,11.658288388178647,206878.0,1,0
TX10035,843.76,Card,11,4,82736.23,43050.46,Jaipur,Desktop,143,0,0,1,0.0102,0,6.739052563346173,39685.77,0,0
TX13541,716.85,UPI,14,0,81649.14,13243.84,Mumbai,Mobile,119,0,0,3,0.0088,0,6.576260633573703,68405.3,0,0
TX12345,879.98,Bank Transfer,12,0,67781.42,2287.96,Delhi,Mobile,8,0,0,4,0.013,0,6.781034924202901,65493.46,0,0
TXF20178,58955.61,Wallet,9,1,77581.99,3075.26,Hyderabad,Mobile,26,0,1,5,0.7599,1,10.984557028602355,74506.73000000001,0,0
TX12359,2491.16,Card,10,6,77548.04,48238.05,Delhi,Mobile,70,0,0,1,0.0321,0,7.8209050833037255,29309.98999999999,0,1
TX12206,381.77,E-commerce,14,6,81748.69,27133.84,Lucknow,Mobile,53,0,0,3,0.0047,0,5.947434286601761,54614.850000000006,0,1
TX13767,2426.25,E-commerce,15,5,71005.11,10855.61,Hyderabad,Mobile,158,0,0,3,0.0342,0,7.794514208250254,60149.5,0,1
TX11286,1050.35,UPI,18,3,59813.94,27114.58,Kolkata,Mobile,54,0,0,1,0.0176,0,6.957830331614443,32699.36,0,0
TX10349,1645.53,Card,9,6,63697.36,37660.56,Delhi,Desktop,69,0,0,3,0.0258,0,7.406425322118087,26036.800000000003,0,1
TX12137,3942.53,Card,13,6,81181.22,2036.77,Lucknow,Desktop,100,0,0,1,0.0486,0,8.279831540264416,79144.45,0,1
TX12691,2781.38,Wallet,9,3,34013.04,32976.88,Delhi,Mobile,143,0,0,1,0.0818,0,7.931061955535082,1036.1600000000035,0,0
TXF20060,126607.18,UPI,10,1,231277.84,3041.55,Kolkata,Mobile,24,1,1,3,0.5474,1,11.748852399559071,228236.29,0,0
TX13967,1817.35,UPI,14,2,83410.62,16227.17,Delhi,Desktop,175,0,0,1,0.0218,0,7.505684775459896,67183.45,0,0
TX11681,2512.52,Wallet,9,2,47421.99,36378.22,Bengaluru,Laptop,152,0,0,4,0.053,0,7.829439440133,11043.769999999997,0,0
TXF20334,121417.57,UPI,4,4,167585.64,4205.14,Bengaluru,Mobile,11,1,1,12,0.7245,1,11.706999111313145,163380.5,1,0
TX11443,1747.93,Bank Transfer,15,5,43935.42,22955.63,Ahmedabad,Tablet,187,0,0,1,0.0398,0,7.466759451347454,20979.789999999997,0,1
TX13243,956.23,UPI,16,4,48448.19,27736.42,Ahmedabad,Laptop,89,0,0,1,0.0197,0,6.864043696955539,20711.770000000004,0,0
TX11671,323.2,UPI,12,0,29651.13,12013.71,Mumbai,Mobile,43,0,0,1,0.0109,0,5.781360609301576,17637.420000000002,0,0
TX13836,1345.85,Bank Transfer,16,6,67691.48,36084.68,Bengaluru,Laptop,6,0,0,4,0.0199,0,7.205523811634928,31606.799999999996,0,1
TX11179,929.56,UPI,17,3,67276.44,3932.47,Ahmedabad,Mobile,5,0,0,4,0.0138,0,6.835786555465045,63343.97,0,0
TX12798,1027.09,UPI,15,1,66942.8,44763.83,Hyderabad,Mobile,118,0,0,1,0.0153,0,6.935457990821084,22178.97,0,0
TX11692,1402.38,Bank Transfer,13,5,84917.7,28909.93,Chennai,Laptop,15,0,0,2,0.0165,0,7.24663889161218,56007.77,0,1
TX13956,210.79,UPI,12,0,66176.9,35914.34,Mumbai,Laptop,6,0,0,2,0.0032,0,5.35559521769951,30262.559999999998,0,0
TX10372,1057.36,Wallet,13,4,90520.23,11574.73,Jaipur,Mobile,182,0,0,4,0.0117,0,6.964475819191641,78945.5,0,0
TX13610,2598.01,Wallet,9,0,25489.53,23892.08,Delhi,Laptop,161,0,0,1,0.1019,0,7.862885882267793,1597.449999999997,0,0
TX11916,1099.4,Wallet,9,6,99250.83,4959.1,Kolkata,Mobile,75,0,0,3,0.0111,0,7.0034290290504195,94291.73,0,1
TX11357,824.4,UPI,16,6,100079.6,12109.46,Mumbai,Mobile,81,0,0,3,0.0082,0,6.7158681173184815,87970.14000000001,0,1
TX11825,753.47,Wallet,19,2,77841.75,40565.67,Pune,Desktop,89,0,0,4,0.0097,0,6.626015515985985,37276.08,0,0
TX10786,97.94,Bank Transfer,19,4,58891.49,31276.71,Mumbai,Mobile,38,0,0,2,0.0017,0,4.594513605799563,27614.78,0,0
TX10469,3265.97,E-commerce,11,1,98430.6,30120.43,Delhi,Laptop,144,0,0,1,0.0332,0,8.091618228822453,68310.17000000001,0,0
TX10140,1904.77,UPI,9,3,24652.56,48164.8,Chennai,Desktop,30,0,0,4,0.0773,0,7.552641405369265,-23512.24,0,0
TX10788,2091.63,Bank Transfer,18,5,84433.84,40217.53,Mumbai,Tablet,39,0,0,4,0.0248,0,7.646176927076622,44216.31,0,1
TX10323,3507.67,UPI,19,0,27766.0,5612.66,Mumbai,Desktop,162,0,0,1,0.1263,0,8.162992327273663,22153.34,0,0
TX10050,468.79,UPI,18,4,69717.09,19398.09,Delhi,Desktop,109,0,0,2,0.0067,0,6.1522857863448,50319.0,0,0
TX10714,439.23,Wallet,10,6,2104.04,21159.51,Chennai,Mobile,25,0,0,4,0.2088,0,6.087297317610726,-19055.469999999998,0,1
TXF20389,50596.2,E-commerce,23,4,179193.07,3949.24,Kolkata,Mobile,29,1,1,14,0.2824,1,10.831651517776086,175243.83000000002,1,0
TX12840,2483.21,Wallet,13,0,83649.92,2333.1,Delhi,Desktop,74,0,0,4,0.0297,0,7.817709980542777,81316.81999999999,0,0
TX12446,2271.45,Wallet,10,2,100545.36,31888.67,Bengaluru,Desktop,19,0,0,4,0.0226,0,7.728613823609362,68656.69,0,0
TXF20313,601.64,Card,15,6,122270.98,4419.38,Ahmedabad,Mobile,0,1,1,24,0.0049,1,6.401320003517439,117851.59999999999,0,1
TX14419,2009.91,E-commerce,20,3,26723.48,2101.82,Bengaluru,Mobile,11,0,0,3,0.0752,0,7.606342634917365,24621.66,0,0
TXF20096,24617.81,Wallet,23,3,12308.91,932.03,Hyderabad,Desktop,1,1,0,3,2.0,1,10.11126606388304,11376.88,1,0
TX13015,388.2,Bank Transfer,9,6,68400.65,10000.66,Bengaluru,Mobile,134,0,0,2,0.0057,0,5.96409335031185,58399.98999999999,0,1
TX12666,1180.44,UPI,15,6,48562.11,28712.74,Delhi,Mobile,46,0,0,1,0.0243,0,7.074489312434378,19849.37,0,1
TX10406,892.56,E-commerce,12,3,87785.67,36385.74,Mumbai,Laptop,79,0,0,3,0.0102,0,6.795213483995723,51399.93,0,0
TX13724,1519.52,Card,13,5,57082.82,18178.42,Mumbai,Mobile,42,0,0,2,0.0266,0,7.326807660598817,38904.4,0,1
TX11004,2161.9,Card,18,0,98984.45,3421.58,Mumbai,Desktop,177,0,0,1,0.0218,0,7.679205192799256,95562.87,0,0
TX13787,1422.55,Bank Transfer,9,1,54388.81,45053.31,Hyderabad,Mobile,104,0,0,3,0.0262,0,7.2609090307938935,9335.5,0,0
TX10890,679.93,UPI,18,1,59948.39,33084.61,Mumbai,Desktop,101,0,0,2,0.0113,0,6.5234595108515725,26863.78,0,0
TX12411,602.42,Bank Transfer,20,4,83902.58,24751.18,Mumbai,Desktop,155,0,0,3,0.0072,0,6.402613471684444,59151.4,0,0
TX12545,1584.52,Wallet,19,5,4904.1,41443.66,Mumbai,Mobile,94,0,0,4,0.3231,0,7.368667708216092,-36539.560000000005,0,1
TXF20333,10749.82,UPI,20,6,159835.59,3787.92,Kolkata,Mobile,5,1,1,13,0.0673,1,9.282737309716476,156047.66999999998,0,1
TX12390,2622.61,Card,18,1,92403.81,25959.09,Delhi,Desktop,27,0,0,3,0.0284,0,7.872306510968956,66444.72,0,0
TX13940,352.3,Card,11,1,75989.03,40207.22,Chennai,Desktop,147,0,0,1,0.0046,0,5.8673175543650995,35781.81,0,0
TX10042,940.22,Wallet,12,3,15857.26,24523.69,Kolkata,Desktop,161,0,0,1,0.0593,0,6.8471769060962036,-8666.429999999998,0,0
TX12830,1026.52,Bank Transfer,12,6,74607.98,18421.97,Delhi,Mobile,40,0,0,3,0.0138,0,6.934903410901149,56186.009999999995,0,1
TX13965,1656.61,Card,20,0,44553.58,36555.26,Mumbai,Desktop,55,0,0,1,0.0372,0,7.4131320848655,7998.32,0,0
TX10303,1801.79,UPI,11,0,89159.9,36638.02,Delhi,Desktop,170,0,0,3,0.0202,0,7.497090743874106,52521.88,0,0
TXF20013,184215.84,Card,18,3,92107.92,4297.11,Lucknow,Laptop,26,1,1,3,2.0,1,12.123868820991566,87810.81,0,0
TX13747,1884.83,Wallet,12,2,81734.98,29830.8,Hyderabad,Desktop,46,0,0,4,0.0231,0,7.542123321272841,51904.17999999999,0,0
TX10664,2658.89,Card,9,6,57550.39,19081.99,Delhi,Desktop,190,0,0,4,0.0462,0,7.886040047537211,38468.399999999994,0,1
TX11177,499.78,Bank Transfer,17,4,72117.73,3515.68,Kolkata,Laptop,167,0,0,3,0.0069,0,6.216166882886185,68602.05,0,0
TX12676,373.23,Wallet,20,4,18394.11,37192.31,Lucknow,Mobile,142,0,0,1,0.0203,0,5.924870581657998,-18798.199999999997,0,0
TX11947,5618.06,Card,20,1,12575.54,23339.71,Mumbai,Tablet,200,0,0,2,0.4467,0,8.633919669111782,-10764.169999999998,0,0
TX12501,636.42,Wallet,18,6,95755.08,1207.92,Bengaluru,Desktop,103,0,0,2,0.0066,0,6.457428778961949,94547.16,0,1
TX11473,904.58,Bank Transfer,20,5,77964.12,46746.3,Delhi,Desktop,115,0,0,1,0.0116,0,6.808575622399392,31217.819999999992,0,1
TX13483,1052.59,Wallet,14,0,94382.36,12168.46,Kolkata,Mobile,113,0,0,1,0.0112,0,6.959958659115996,82213.9,0,0
TX13520,467.53,E-commerce,17,3,76698.03,24178.67,Delhi,Desktop,60,0,0,4,0.0061,0,6.149600133779925,52519.36,0,0
TX12132,1220.89,UPI,8,2,31386.85,6410.57,Delhi,Mobile,90,0,0,2,0.0389,0,7.1081541193132125,24976.28,0,0
TX11026,1650.17,Bank Transfer,20,6,81376.19,13670.11,Mumbai,Mobile,116,0,0,2,0.0203,0,7.409239406517542,67706.08,0,1
TX10961,3507.32,Card,15,4,74200.67,21437.31,Jaipur,Laptop,44,0,0,1,0.0473,0,8.162892569400192,52763.36,0,0
TX12889,1046.94,Bank Transfer,11,6,54045.57,25921.3,Bengaluru,Desktop,52,0,0,1,0.0194,0,6.954581611333637,28124.27,0,1
TX13134,1168.22,Card,15,0,98778.54,16627.57,Chennai,Mobile,120,0,0,2,0.0118,0,7.0640921388040985,82150.97,0,0
TX12009,444.77,Wallet,18,1,16351.49,17874.08,Bengaluru,Mobile,11,0,0,4,0.0272,0,6.099803123936366,-1522.590000000002,0,0
TX12149,670.73,Wallet,14,1,51344.94,43295.69,Lucknow,Tablet,42,0,0,4,0.0131,0,6.5098564740713565,8049.25,0,0
TX13323,2780.54,Bank Transfer,20,2,16097.44,42780.19,Bengaluru,Desktop,53,0,0,3,0.1727,0,7.930760010141769,-26682.75,0,0
TX12338,923.97,UPI,11,5,25829.26,22475.55,Hyderabad,Desktop,39,0,0,2,0.0358,0,6.82976130455405,3353.709999999999,0,1
TX13888,225.55,Bank Transfer,15,3,16470.36,8463.95,Mumbai,Tablet,147,0,0,3,0.0137,0,5.422965671113147,8006.41,0,0
TX10304,1716.14,Bank Transfer,10,6,71097.66,42474.86,Chennai,Desktop,198,0,0,2,0.0241,0,7.448415395138991,28622.800000000003,0,1
TX11440,948.46,E-commerce,13,4,67431.51,29808.78,Delhi,Mobile,26,0,0,1,0.0141,0,6.855893401929463,37622.729999999996,0,0
TX11496,3092.86,Bank Transfer,18,6,6115.05,34533.34,Bengaluru,Mobile,120,0,0,2,0.5058,0,8.037174781240472,-28418.289999999997,0,1
TX12652,1561.39,Wallet,9,6,39021.99,22500.69,Kolkata,Laptop,21,0,0,2,0.04,0,7.353971979132361,16521.3,0,1
TX12875,1735.82,Card,14,1,9753.49,12409.75,Delhi,Tablet,38,0,0,2,0.178,0,7.459811133928457,-2656.26,0,0
TX10916,264.81,Wallet,10,1,31289.08,17712.63,Mumbai,Mobile,27,0,0,3,0.0085,0,5.58278176784383,13576.45,0,0
TX14182,696.28,Card,17,6,58231.96,49193.91,Hyderabad,Tablet,94,0,0,4,0.012,0,6.547187051756255,9038.049999999996,0,1
TX13721,2003.3,E-commerce,8,3,41476.93,7783.32,Bengaluru,Tablet,6,0,0,1,0.0483,0,7.6030501515995415,33693.61,0,0
TX12772,559.81,Card,9,5,15515.77,15882.99,Kolkata,Laptop,93,0,0,3,0.0361,0,6.329382167230442,-367.21999999999935,0,1
TX11624,747.69,Card,16,0,47785.89,30334.25,Mumbai,Mobile,176,0,0,1,0.0156,0,6.618325012662868,17451.64,0,0
TX13837,447.91,UPI,11,2,26343.42,4553.56,Pune,Desktop,125,0,0,2,0.017,0,6.1068224222160845,21789.859999999997,0,0
TX10821,888.64,Bank Transfer,8,3,68804.1,15662.01,Delhi,Desktop,162,0,0,1,0.0129,0,6.790816886514243,53142.090000000004,0,0
TX13964,747.82,Card,16,4,7294.36,11933.69,Mumbai,Mobile,142,0,0,2,0.1025,0,6.618498634208402,-4639.330000000001,0,0
TX11354,1631.02,E-commerce,16,3,69546.83,27391.75,Pune,Tablet,171,0,0,1,0.0235,0,7.397573790350922,42155.08,0,0
TX14497,3092.52,UPI,11,2,57690.81,23635.47,Pune,Mobile,68,0,0,1,0.0536,0,8.037064880119047,34055.34,0,0
TX10850,305.36,Wallet,19,3,44286.45,29718.69,Chennai,Mobile,92,0,0,2,0.0069,0,5.724760881041393,14567.759999999998,0,0
TX11000,2636.42,UPI,11,3,48040.18,9253.77,Chennai,Mobile,124,0,0,1,0.0549,0,7.87755644557075,38786.41,0,0
TX13377,2263.29,Bank Transfer,14,3,17627.05,23511.39,Mumbai,Mobile,183,0,0,2,0.1284,0,7.725016522992801,-5884.34,0,0
TX10018,1421.21,E-commerce,20,5,9339.0,49345.66,Ahmedabad,Laptop,81,0,0,2,0.1522,0,7.259967278784563,-40006.66,0,1
TX11637,247.78,UPI,12,1,81410.8,47423.64,Mumbai,Desktop,62,0,0,3,0.003,0,5.516568971781819,33987.16,0,0
TX11667,1780.21,Bank Transfer,8,1,5300.41,42206.26,Pune,Mobile,65,0,0,3,0.3359,0,7.485048187624467,-36905.850000000006,0,0
TX10493,353.9,UPI,14,4,76092.15,17443.82,Mumbai,Mobile,53,0,0,4,0.0047,0,5.871836059652451,58648.329999999994,0,0
TX11347,392.42,Card,8,4,95316.0,7213.57,Bengaluru,Mobile,157,0,0,2,0.0041,0,5.974877743503583,88102.43,0,0
TX13727,2722.12,E-commerce,8,0,51457.54,5378.37,Delhi,Desktop,34,0,0,2,0.0529,0,7.909533560744246,46079.17,0,0
TXF20325,19381.82,Card,18,5,235516.84,4966.84,Ahmedabad,Mobile,12,1,0,25,0.0823,1,9.872142385694996,230550.0,0,1
TX13614,765.76,E-commerce,17,0,25199.0,25825.8,Delhi,Desktop,120,0,0,3,0.0304,0,6.642173844969959,-626.7999999999993,0,0
TX13481,3581.67,Card,14,0,28369.08,36477.77,Pune,Desktop,43,0,0,1,0.1263,0,8.183863611472496,-8108.689999999995,0,0
TX10687,558.58,UPI,19,3,95636.42,30072.49,Hyderabad,Mobile,30,0,0,3,0.0058,0,6.327186502338491,65563.93,0,0
TX13731,3713.43,E-commerce,16,1,63243.9,11746.43,Chennai,Desktop,12,0,0,2,0.0587,0,8.21998051334766,51497.47,0,0
TX11608,1799.22,Bank Transfer,15,2,81680.79,43231.88,Hyderabad,Laptop,131,0,0,3,0.022,0,7.495664158637951,38448.909999999996,0,0
TX14084,2459.39,E-commerce,9,4,19303.62,42314.47,Bengaluru,Mobile,27,0,0,1,0.1274,0,7.808075152946178,-23010.850000000002,0,0
TX13402,1041.62,Bank Transfer,10,0,58208.05,43842.6,Delhi,Mobile,200,0,0,3,0.0179,0,6.949492054962218,14365.450000000004,0,0
TX11009,423.38,Wallet,12,2,37696.01,23265.5,Mumbai,Mobile,132,0,0,2,0.0112,0,6.050629280275953,14430.510000000002,0,0
TX12408,3917.15,UPI,11,5,42532.55,43468.04,Delhi,Desktop,133,0,0,2,0.0921,0,8.273374882610844,-935.489999999998,0,1
TX11092,1502.73,Wallet,16,1,85593.48,49473.61,Hyderabad,Desktop,187,0,0,2,0.0176,0,7.315703967117316,36119.869999999995,0,0
TX11327,1532.36,Card,18,5,81610.8,27778.88,Ahmedabad,Desktop,130,0,0,1,0.0188,0,7.335216684962197,53831.92,0,1
TX11677,1490.32,UPI,15,5,70370.14,15710.43,Hyderabad,Mobile,109,0,0,3,0.0212,0,7.307416912796625,54659.71,0,1
TX11999,791.58,Card,9,4,93447.78,554.0,Pune,Desktop,142,0,0,2,0.0085,0,6.675293447028933,92893.78,0,0
TX11310,6198.39,Card,17,5,93453.74,28891.38,Mumbai,Mobile,36,0,0,3,0.0663,0,8.732206179096082,64562.36,0,1
TX13258,1180.98,Card,17,6,22409.51,26281.95,Kolkata,Mobile,134,0,0,4,0.0527,0,7.074946277349118,-3872.4400000000023,0,1
TX11987,2107.95,UPI,12,4,98727.09,6618.66,Hyderabad,Desktop,185,0,0,2,0.0214,0,7.653945472279292,92108.43,0,0
TX13648,1943.39,UPI,12,2,2854.04,1149.14,Mumbai,Tablet,11,0,0,4,0.6809,0,7.572703582183379,1704.8999999999999,0,0
TX10344,1082.32,UPI,16,6,49400.68,29661.15,Bengaluru,Tablet,24,0,0,1,0.0219,0,6.987785678887626,19739.53,0,1
TX14482,1547.06,E-commerce,12,2,34903.47,26828.02,Delhi,Laptop,196,0,0,4,0.0443,0,7.344757813088457,8075.450000000001,0,0
TX10986,364.27,Card,10,0,22709.89,47997.15,Kolkata,Tablet,148,0,0,1,0.016,0,5.900636806147441,-25287.260000000002,0,0
TXF20044,88232.12,Card,19,4,86608.24,377.39,Pune,Mobile,18,1,1,1,1.0187,1,11.387737681712652,86230.85,0,0
TX13807,1292.57,E-commerce,8,4,52324.84,49915.52,Delhi,Laptop,37,0,0,4,0.0247,0,7.16516111689936,2409.3199999999997,0,0
TXF20023,138294.09,Bank Transfer,12,2,224355.15,1273.96,Chennai,Laptop,24,0,0,2,0.6164,1,11.83714501449189,223081.19,0,0
TX14002,1286.95,Card,17,6,70936.21,20126.14,Bengaluru,Desktop,156,0,0,1,0.0181,0,7.160807086035011,50810.07000000001,0,1
TX13091,1104.43,Bank Transfer,14,3,64845.98,15255.68,Ahmedabad,Tablet,140,0,0,4,0.017,0,7.007989678527908,49590.3,0,0
TX13961,453.4,E-commerce,18,3,88958.3,4359.9,Hyderabad,Mobile,113,0,0,1,0.0051,0,6.118977867406942,84598.40000000001,0,0
TX11142,1173.99,E-commerce,12,3,26216.52,23600.92,Hyderabad,Desktop,138,0,0,2,0.0448,0,7.069014915903746,2615.600000000002,0,0
TX12358,1163.99,UPI,14,6,53168.16,28936.07,Mumbai,Laptop,145,0,0,4,0.0219,0,7.0604677822719735,24232.090000000004,0,1
TX11198,1016.82,E-commerce,20,0,73989.72,17355.72,Bengaluru,Mobile,119,0,0,1,0.0137,0,6.925418364187647,56634.0,0,0
TX10085,907.37,Card,10,3,47734.37,27177.97,Bengaluru,Mobile,60,0,0,4,0.019,0,6.811651784586988,20556.4,0,0
TX11518,1752.37,Card,11,1,56549.12,10282.81,Pune,Mobile,101,0,0,3,0.031,0,7.46929492939251,46266.310000000005,0,0
TX10516,517.25,Wallet,14,4,64779.47,10880.31,Chennai,Laptop,19,0,0,2,0.008,0,6.2504577513158885,53899.16,0,0
TX11381,387.85,Bank Transfer,16,6,55665.75,20427.54,Delhi,Desktop,140,0,0,1,0.007,0,5.9631936651409525,35238.21,0,1
TX12716,3227.11,Wallet,13,5,89397.49,30819.66,Kolkata,Desktop,178,0,0,1,0.0361,0,8.079652105636995,58577.83,0,1
TX13084,953.64,Bank Transfer,11,3,91378.48,20551.4,Mumbai,Tablet,85,0,0,1,0.0104,0,6.8613343060614005,70827.07999999999,0,0
TX11014,1581.02,UPI,8,2,79886.04,37612.17,Bengaluru,Mobile,101,0,0,4,0.0198,0,7.366457790472719,42273.869999999995,0,0
TX10128,566.57,Bank Transfer,10,6,15294.24,38099.38,Bengaluru,Mobile,128,0,0,4,0.037,0,6.341364089766437,-22805.14,0,1
TX11364,3052.19,Card,10,3,43624.77,26028.62,Mumbai,Desktop,167,0,0,2,0.07,0,8.023942224666758,17596.149999999998,0,0
TX13623,1565.52,UPI,17,6,3288.44,29723.26,Mumbai,Laptop,162,0,0,1,0.4761,0,7.356611877626417,-26434.82,0,1
TXF20470,150637.51,Card,4,0,80197.0,3206.83,Pune,Laptop,13,1,1,16,1.8783,1,11.922638272150943,76990.17,1,0
TX10891,3421.71,Card,9,4,11728.06,27270.4,Delhi,Desktop,24,0,0,4,0.2918,0,8.138187913936191,-15542.340000000002,0,0
TX12793,1462.27,Wallet,9,2,15436.45,14635.56,Bengaluru,Mobile,39,0,0,1,0.0947,0,7.288428936282261,800.8900000000012,0,0
TX14238,448.74,E-commerce,8,0,31376.1,44251.67,Chennai,Desktop,30,0,0,2,0.0143,0,6.108669638008687,-12875.57,0,0
TX11359,1142.48,Card,16,3,42404.93,48913.21,Pune,Desktop,138,0,0,3,0.0269,0,7.0418315231480975,-6508.279999999999,0,0
TX10307,1294.85,Bank Transfer,11,1,92885.94,1793.9,Jaipur,Mobile,190,0,0,1,0.0139,0,7.166922129473003,91092.04000000001,0,0
TX11661,462.3,Bank Transfer,12,6,20091.96,15542.53,Kolkata,Tablet,118,0,0,4,0.023,0,6.138374792422603,4549.4299999999985,0,1
TX12431,1143.7,E-commerce,14,0,69361.72,6151.12,Mumbai,Laptop,11,0,0,4,0.0165,0,7.0428978729244305,63210.6,0,0
TX13934,1375.41,UPI,14,1,53624.36,20094.89,Mumbai,Mobile,136,0,0,3,0.0256,0,7.227233939226779,33529.47,0,0
TX11317,3609.38,E-commerce,9,2,51554.85,31541.65,Delhi,Desktop,68,0,0,3,0.07,0,8.191568308945044,20013.199999999997,0,0
TX14303,1795.9,Card,14,0,36861.94,46574.78,Jaipur,Tablet,174,0,0,2,0.0487,0,7.493818236932408,-9712.839999999997,0,0
TX12474,430.27,Bank Transfer,16,5,48754.75,27636.25,Mumbai,Desktop,151,0,0,3,0.0088,0,6.066734344081793,21118.5,0,1
TX12542,2685.84,UPI,17,0,47092.64,996.1,Pune,Desktop,20,0,0,4,0.057,0,7.896121060880521,46096.54,0,0
TX11246,1975.34,Bank Transfer,15,4,45167.05,13868.54,Mumbai,Mobile,146,0,0,2,0.0437,0,7.589001928283695,31298.510000000002,0,0
TX11208,2537.58,Card,16,2,19257.98,11767.26,Mumbai,Mobile,92,0,0,3,0.1318,0,7.839360148564892,7490.719999999999,0,0
TX10216,1475.74,E-commerce,20,5,95340.62,9143.53,Chennai,Tablet,139,0,0,1,0.0155,0,7.297592234537533,86197.09,0,1
TX14292,627.64,Wallet,8,0,53263.07,6830.25,Chennai,Laptop,101,0,0,3,0.0118,0,6.44355875581015,46432.82,0,0
TX13062,381.43,Bank Transfer,18,3,49173.25,41525.84,Mumbai,Mobile,83,0,0,4,0.0078,0,5.946545629982904,7647.4100000000035,0,0
TX11239,243.71,Card,14,0,85375.88,10156.27,Hyderabad,Mobile,64,0,0,4,0.0029,0,5.500073835980599,75219.61,0,0
TX12289,3340.8,E-commerce,10,2,90538.49,49945.34,Pune,Laptop,56,0,0,2,0.0369,0,8.114264862960043,40593.15000000001,0,0
TX12740,311.96,E-commerce,8,3,46816.92,19564.3,Mumbai,Desktop,21,0,0,4,0.0067,0,5.746075386846452,27252.62,0,0
TX10275,355.4,UPI,16,5,62958.22,20529.64,Bengaluru,Laptop,191,0,0,3,0.0056,0,5.876053695596654,42428.58,0,1
TX10489,416.67,Wallet,14,1,56416.12,36559.46,Delhi,Mobile,127,0,0,2,0.0074,0,6.034691647042082,19856.660000000003,0,0
TX11035,313.61,Bank Transfer,14,5,32954.83,44906.17,Kolkata,Laptop,167,0,0,2,0.0095,0,5.751333776514423,-11951.339999999997,0,1
TX11229,1783.97,Wallet,11,6,90449.54,44794.93,Kolkata,Desktop,100,0,0,3,0.0197,0,7.4871568873498155,45654.60999999999,0,1
TXF20085,20343.33,Card,2,0,80122.36,1181.63,Hyderabad,Mobile,21,1,0,5,0.2539,1,9.920557527969217,78940.73,1,0
TX11008,659.65,Wallet,20,6,38226.71,3528.81,Delhi,Desktop,108,0,0,4,0.0173,0,6.493224198860226,34697.9,0,1
TXF20189,14122.9,Card,18,1,15306.8,2542.89,Bengaluru,Mobile,6,1,1,2,0.9227,1,9.555623676875946,12763.91,0,0
TX14026,1946.54,UPI,13,0,77816.03,21018.08,Mumbai,Desktop,171,0,0,3,0.025,0,7.574322316686738,56797.95,0,0
TX13182,82.01,Card,15,2,99834.63,24725.67,Delhi,Mobile,109,0,0,1,0.0008,0,4.418961082466944,75108.96,0,0
TX12532,2927.25,Wallet,20,4,24932.76,29584.51,Lucknow,Mobile,6,0,0,1,0.1174,0,7.982160253949984,-4651.75,0,0
TX14169,2313.04,Wallet,9,1,67000.24,27917.98,Bengaluru,Desktop,65,0,0,1,0.0345,0,7.746750193688921,39082.26000000001,0,0
TX11058,1720.39,Bank Transfer,19,3,47510.0,33421.25,Mumbai,Desktop,88,0,0,3,0.0362,0,7.450887382973451,14088.75,0,0
TX12166,1094.19,Wallet,15,6,17001.04,9227.85,Mumbai,Desktop,27,0,0,4,0.0644,0,6.9986831431801795,7773.1900000000005,0,1
TXF20078,193702.76,Wallet,16,0,96851.38,3227.21,Kolkata,Mobile,15,0,0,1,2.0,1,12.17408526066771,93624.17,0,0
TX10281,279.18,Card,17,4,14645.11,41763.02,Bengaluru,Desktop,81,0,0,3,0.0191,0,5.635432253767968,-27117.909999999996,0,0
TX13565,760.08,E-commerce,18,6,44540.61,36391.89,Delhi,Desktop,76,0,0,2,0.0171,0,6.6347384771722,8148.720000000001,0,1
TX11316,1643.32,Wallet,9,5,84572.97,4101.32,Kolkata,Mobile,40,0,0,1,0.0194,0,7.405082203876763,80471.65,0,1
TXF20478,128796.17,E-commerce,1,5,64398.08,727.7,Lucknow,Mobile,12,1,1,24,2.0,1,11.765994120361311,63670.380000000005,1,1
TX10968,2063.79,Wallet,10,0,83569.3,34288.2,Delhi,Mobile,77,0,0,3,0.0247,0,7.6327838053086,49281.100000000006,0,0
TX13126,316.58,Bank Transfer,12,2,64501.44,24790.24,Kolkata,Desktop,177,0,0,2,0.0049,0,5.760729755097951,39711.2,0,0
TX13920,8123.67,Card,13,0,37215.36,29665.07,Hyderabad,Desktop,81,0,0,3,0.2183,0,9.002660390988495,7550.290000000001,0,0
TX13166,300.74,Card,12,4,95885.07,1528.7,Mumbai,Mobile,157,0,0,3,0.0031,0,5.709565719411929,94356.37000000001,0,0
TX13519,3612.34,Wallet,20,6,20583.1,20196.35,Hyderabad,Mobile,119,0,0,3,0.1755,0,8.192387831342275,386.75,0,1
TX10619,817.6,E-commerce,16,4,46918.51,24286.34,Mumbai,Mobile,151,0,0,4,0.0174,0,6.707595564058303,22632.170000000002,0,0
TX13346,331.03,Wallet,11,1,72152.4,29786.31,Pune,Mobile,199,0,0,1,0.0046,0,5.805225326279922,42366.09,0,0
TX11742,1535.42,Card,12,5,51847.06,45598.08,Chennai,Laptop,100,0,0,3,0.0296,0,7.337210313830398,6248.979999999996,0,1
TX11390,1160.96,Card,18,4,22953.43,14235.89,Bengaluru,Mobile,98,0,0,4,0.0506,0,7.05786351341144,8717.54,0,0
TX14050,398.1,E-commerce,8,1,21939.4,13360.74,Chennai,Mobile,39,0,0,4,0.0181,0,5.989212012054688,8578.660000000002,0,0
TX11847,3055.66,Wallet,14,5,67156.24,11860.56,Jaipur,Laptop,142,0,0,1,0.0455,0,8.02507809555494,55295.68000000001,0,1
TX11579,1414.9,Wallet,17,3,92343.14,38043.96,Delhi,Desktop,54,0,0,4,0.0153,0,7.255520650290925,54299.18,0,0
TX11655,539.04,E-commerce,12,1,25316.57,48340.04,Delhi,Mobile,190,0,0,4,0.0213,0,6.291643210889045,-23023.47,0,0
TX12352,2113.68,UPI,15,5,73888.05,33502.33,Mumbai,Mobile,181,0,0,4,0.0286,0,7.6566587797969365,40385.72,0,1
TX12212,1158.29,Card,14,5,16329.95,30621.62,Delhi,Desktop,197,0,0,3,0.0709,0,7.055563027744216,-14291.669999999998,0,1
TX12020,7371.46,Wallet,11,2,44291.27,40374.64,Delhi,Mobile,182,0,0,4,0.1664,0,8.905506715106723,3916.6299999999974,0,0
TXF20472,179824.23,Card,3,0,89912.12,3008.82,Jaipur,Mobile,30,1,1,12,2.0,1,12.09974071375601,86903.29999999999,1,0
TX11956,956.89,UPI,8,2,76097.89,34700.7,Kolkata,Mobile,190,0,0,3,0.0126,0,6.864732948831274,41397.19,0,0
TX11307,1217.86,Bank Transfer,14,0,61597.63,29128.66,Hyderabad,Mobile,100,0,0,2,0.0198,0,7.105671274649448,32468.969999999998,0,0
TX12003,718.12,Card,9,6,50453.3,4397.19,Pune,Laptop,91,0,0,4,0.0142,0,6.578028242265144,46056.11,0,1
TX14455,411.28,Wallet,15,0,14910.47,11061.77,Pune,Desktop,71,0,0,1,0.0276,0,6.021702730168592,3848.699999999999,0,0
TX10575,1842.03,Card,16,2,34871.73,7529.51,Hyderabad,Desktop,92,0,0,3,0.0528,0,7.519166235345263,27342.22,0,0
TX14089,1854.05,Card,11,0,75307.93,21625.14,Jaipur,Mobile,13,0,0,1,0.0246,0,7.525666928856176,53682.78999999999,0,0
TX14319,947.36,E-commerce,19,5,67365.8,18624.26,Pune,Mobile,98,0,0,1,0.0141,0,6.854734177004884,48741.54000000001,0,1
TX14436,1027.11,Wallet,15,2,79696.98,47101.34,Delhi,Desktop,14,0,0,1,0.0129,0,6.935477444181653,32595.64,0,0
TX11706,533.5,Wallet,14,1,93635.39,1329.76,Pune,Mobile,50,0,0,1,0.0057,0,6.2813317304651,92305.63,0,0
TX13742,281.21,Card,12,1,61967.16,48861.67,Bengaluru,Tablet,114,0,0,1,0.0045,0,5.64265147465197,13105.490000000005,0,0
TX13470,935.19,UPI,8,0,89648.32,36515.65,Mumbai,Desktop,169,0,0,1,0.0104,0,6.841818447330606,53132.670000000006,0,0
TX11280,1437.76,UPI,17,1,14706.18,28966.78,Delhi,Desktop,198,0,0,2,0.0978,0,7.271536910489783,-14260.599999999999,0,0
TX10861,1040.12,Card,16,1,13331.13,14515.36,Bengaluru,Mobile,103,0,0,3,0.078,0,6.948052335746674,-1184.2300000000014,0,0
TX14145,623.17,Card,13,5,7478.81,17885.25,Delhi,Desktop,140,0,0,4,0.0833,0,6.436422767162943,-10406.439999999999,0,1
TX11801,106.55,Wallet,9,1,36301.43,49782.69,Hyderabad,Mobile,77,0,0,3,0.0029,0,4.677955855713739,-13481.260000000002,0,0
TX11628,2638.17,UPI,18,5,95365.47,48106.72,Pune,Mobile,137,0,0,3,0.0277,0,7.878219752768833,47258.75,0,1
TX11993,2153.98,Wallet,19,5,86782.31,39974.2,Chennai,Mobile,126,0,0,2,0.0248,0,7.675536721752322,46808.11,0,1
TX12639,662.9,E-commerce,12,2,46091.83,20460.2,Delhi,Mobile,7,0,0,2,0.0144,0,6.498131535725114,25631.63,0,0
TX10269,1564.64,Card,13,5,68539.11,10328.72,Chennai,Desktop,32,0,0,3,0.0228,0,7.356049965065657,58210.39,0,1
TX10629,1030.43,Bank Transfer,16,3,12025.06,32873.33,Hyderabad,Desktop,191,0,0,1,0.0857,0,6.938701467872151,-20848.270000000004,0,0
TX13081,3075.93,Bank Transfer,16,2,59565.73,5076.58,Jaipur,Mobile,7,0,0,1,0.0516,0,8.031687625632005,54489.15,0,0
TX12334,493.42,Bank Transfer,16,5,58726.16,45211.35,Mumbai,Laptop,110,0,0,3,0.0084,0,6.203385358399711,13514.810000000005,0,1
TX12966,4825.32,Bank Transfer,12,1,43926.56,8079.67,Bengaluru,Laptop,9,0,0,3,0.1098,0,8.481839551487768,35846.89,0,0
TX10300,1818.79,Wallet,14,2,29397.23,29552.51,Mumbai,Desktop,79,0,0,1,0.0619,0,7.50647638879814,-155.27999999999884,0,0
TX10459,1373.27,E-commerce,19,5,7869.88,46728.36,Mumbai,Tablet,88,0,0,2,0.1745,0,7.22567796002763,-38858.48,0,1
TX11447,994.61,Wallet,15,3,21816.7,20992.89,Pune,Desktop,40,0,0,2,0.0456,0,6.90335561463745,823.8100000000013,0,0
TX11472,1347.17,Card,11,0,3163.44,25637.84,Chennai,Mobile,133,0,0,3,0.4259,0,7.20650339628035,-22474.4,0,0
TX12046,790.1,Wallet,9,0,70356.2,904.62,Delhi,Tablet,164,0,0,4,0.0112,0,6.673424382027351,69451.58,0,0
TX14228,578.11,E-commerce,19,1,4534.95,23489.8,Jaipur,Desktop,22,0,0,2,0.1275,0,6.361492442257405,-18954.85,0,0
TX13764,900.73,Card,11,6,51659.84,47938.66,Delhi,Desktop,130,0,0,4,0.0174,0,6.804315140441487,3721.179999999993,0,1
TX12113,669.3,Wallet,8,3,27289.07,2712.12,Pune,Mobile,88,0,0,1,0.0245,0,6.507725373363912,24576.95,0,0
TX10027,3753.44,Wallet,11,3,56265.36,21434.3,Delhi,Mobile,151,0,0,4,0.0667,0,8.230694418589232,34831.06,0,0
TX13839,588.37,Wallet,20,5,26634.16,5134.35,Bengaluru,Desktop,198,0,0,1,0.0221,0,6.37905416978864,21499.809999999998,0,1
TXF20022,179366.6,UPI,12,0,89683.3,1451.49,Jaipur,Mobile,25,1,0,4,2.0,1,12.097192610289637,88231.81,0,0
TX10837,850.5,Bank Transfer,10,0,58891.19,7433.44,Mumbai,Laptop,148,0,0,1,0.0144,0,6.746999500102743,51457.75,0,0
TX13826,1676.8,E-commerce,17,5,39564.86,49125.88,Delhi,Mobile,110,0,0,1,0.0424,0,7.425238690412194,-9561.019999999997,0,1
TX12008,594.13,Card,16,6,19383.51,28889.11,Delhi,Mobile,200,0,0,2,0.0307,0,6.388779869075693,-9505.600000000002,0,1
TXF20407,31924.37,Wallet,23,4,84895.96,1799.87,Chennai,Mobile,27,1,1,10,0.376,1,10.371156270496854,83096.09000000001,1,0
TX10503,195.92,E-commerce,19,6,92175.42,24898.48,Pune,Desktop,151,0,0,2,0.0021,0,5.28279755489,67276.94,0,1
TX13206,954.23,E-commerce,9,1,26507.18,18578.98,Delhi,Tablet,142,0,0,1,0.036,0,6.861952149180323,7928.200000000001,0,0
TX14304,1475.41,E-commerce,20,6,60974.36,6124.84,Bengaluru,Desktop,137,0,0,4,0.0242,0,7.297368744365092,54849.520000000004,0,1
TX10380,638.35,Card,18,3,21090.56,24630.57,Pune,Mobile,170,0,0,4,0.0303,0,6.460452035257178,-3540.0099999999984,0,0
TX11851,895.86,Wallet,10,0,11922.61,25356.38,Hyderabad,Mobile,67,0,0,4,0.0751,0,6.79889977406945,-13433.77,0,0
TX11525,837.89,E-commerce,17,5,98577.63,12193.45,Mumbai,Desktop,70,0,0,1,0.0085,0,6.7320795894092855,86384.18000000001,0,1
TX12365,328.05,Card,15,5,42063.82,34507.76,Mumbai,Mobile,165,0,0,1,0.0078,0,5.796209714902128,7556.059999999998,0,1
TX14147,5959.9,UPI,11,0,29023.47,22848.54,Bengaluru,Mobile,40,0,0,1,0.2053,0,8.69297675537044,6174.93,0,0
TX13052,492.5,E-commerce,14,4,33915.77,13562.82,Delhi,Mobile,26,0,0,4,0.0145,0,6.2015228588735365,20352.949999999997,0,0
TX12884,261.04,UPI,14,4,17390.9,20417.97,Bengaluru,Mobile,107,0,0,2,0.015,0,5.568497163863675,-3027.0699999999997,0,0
TX12340,1046.31,Card,9,6,87219.13,28336.57,Bengaluru,Mobile,170,0,0,1,0.012,0,6.95398025109597,58882.560000000005,0,1
TX10374,402.93,E-commerce,17,2,86906.58,23713.17,Lucknow,Mobile,145,0,0,1,0.0046,0,6.0012415956219,63193.41,0,0
TX13260,684.44,Card,18,5,37405.17,47976.04,Mumbai,Mobile,99,0,0,2,0.0183,0,6.530060967819329,-10570.870000000003,0,1
TX12381,613.15,Wallet,10,5,16862.31,34437.07,Mumbai,Desktop,144,0,0,1,0.0364,0,6.4202391979851035,-17574.76,0,1
TX14309,2375.35,UPI,13,2,98057.11,19624.72,Mumbai,Mobile,179,0,0,2,0.0242,0,7.77332097603132,78432.39,0,0
TX10939,1440.11,Bank Transfer,15,6,71703.5,34037.58,Mumbai,Desktop,151,0,0,1,0.0201,0,7.273168928963949,37665.92,0,1
TX14198,564.84,UPI,15,6,91562.63,41410.73,Lucknow,Desktop,33,0,0,1,0.0062,0,6.338311352727734,50151.9,0,1
TX14165,1093.58,UPI,9,2,19651.55,6107.11,Hyderabad,Mobile,139,0,0,4,0.0556,0,6.9981260070281825,13544.439999999999,0,0
TX12799,2423.46,Card,20,0,42022.06,48091.95,Delhi,Tablet,6,0,0,2,0.0577,0,7.7933640981622485,-6069.889999999999,0,0
TX12147,329.54,Wallet,17,6,24833.35,10490.77,Chennai,Desktop,100,0,0,3,0.0133,0,5.80072768071268,14342.579999999998,0,1
TX13817,412.45,UPI,12,6,22068.46,18779.37,Mumbai,Mobile,66,0,0,1,0.0187,0,6.024536588168176,3289.09,0,1
TXF20040,84103.45,Wallet,13,0,88234.52,3431.17,Jaipur,Mobile,15,0,1,3,0.9532,1,11.33981475775976,84803.35,0,0
TX14216,561.01,Wallet,18,2,63632.64,38132.34,Ahmedabad,Mobile,196,0,0,3,0.0088,0,6.331519643329693,25500.300000000003,0,0
TX12068,1346.06,Card,19,4,101267.19,14413.65,Jaipur,Desktop,146,0,0,2,0.0133,0,7.205679718848179,86853.54000000001,0,0
TX10529,1269.89,Bank Transfer,18,3,98869.33,40096.7,Mumbai,Desktop,66,0,0,1,0.0128,0,7.14747272141738,58772.630000000005,0,0
TXF20104,8861.72,Bank Transfer,4,0,8253.88,3853.64,Jaipur,Mobile,24,1,0,4,1.0736,1,9.089608994227625,4400.24,1,0
TX10636,838.97,Card,20,0,19669.34,44710.09,Mumbai,Mobile,15,0,0,2,0.0427,0,6.733366176913875,-25040.749999999996,0,0
TX11269,1839.39,Card,11,3,74868.84,39013.06,Mumbai,Mobile,12,0,0,1,0.0246,0,7.517732784665161,35855.78,0,0
TX10185,2010.23,UPI,13,0,39372.2,24277.7,Mumbai,Mobile,173,0,0,4,0.0511,0,7.606501754192514,15094.499999999996,0,0
TX14349,290.25,E-commerce,17,4,44720.17,25957.43,Mumbai,Laptop,19,0,0,4,0.0065,0,5.674182004879911,18762.739999999998,0,0
TX13179,3014.18,UPI,10,5,91087.25,44398.9,Lucknow,Desktop,40,0,0,3,0.0331,0,8.01141480887176,46688.35,0,1
TX13454,1723.0,E-commerce,8,4,28340.2,12340.99,Ahmedabad,Tablet,115,0,0,4,0.0608,0,7.452402451223638,15999.210000000001,0,0
TX11797,2033.34,Card,10,3,23504.27,11912.35,Bengaluru,Mobile,77,0,0,4,0.0865,0,7.617926720947863,11591.92,0,0
TX12979,218.78,Bank Transfer,9,6,26365.42,11398.84,Pune,Mobile,176,0,0,3,0.0083,0,5.392627046018778,14966.579999999998,0,1
TX11441,1007.2,Wallet,10,3,42814.19,21167.39,Pune,Desktop,178,0,0,4,0.0235,0,6.91592184164853,21646.800000000003,0,0
TX13427,675.28,UPI,16,2,49737.27,47062.9,Mumbai,Desktop,67,0,0,1,0.0136,0,6.516607191468766,2674.3699999999953,0,0
TXF20374,107464.08,Wallet,3,5,83323.97,1630.12,Lucknow,Mobile,24,1,1,10,1.2897,1,11.584921236569517,81693.85,1,1
TX11535,394.17,Card,8,0,54161.27,31802.64,Chennai,Mobile,52,0,0,3,0.0073,0,5.979316052061158,22358.629999999997,0,0
TX13443,411.78,UPI,19,3,48111.86,17622.07,Delhi,Tablet,71,0,0,3,0.0086,0,6.022914763381229,30489.79,0,0
TX11273,1708.29,Card,13,6,56821.13,19060.96,Mumbai,Desktop,8,0,0,4,0.0301,0,7.443833358597013,37760.17,0,1
TX12467,369.98,Card,10,1,79911.21,5038.53,Delhi,Desktop,28,0,0,4,0.0046,0,5.916148152798533,74872.68000000001,0,0
TX10607,576.78,Bank Transfer,18,1,7580.71,24429.8,Bengaluru,Tablet,34,0,0,4,0.0761,0,6.359193173379749,-16849.09,0,0
TX13513,1000.28,UPI,16,3,68372.68,1702.78,Delhi,Tablet,90,0,0,3,0.0146,0,6.909034460480517,66669.9,0,0
TX11712,642.47,Wallet,15,6,43618.5,23504.34,Pune,Desktop,12,0,0,3,0.0147,0,6.4668754059028135,20114.16,0,1
TX12199,2704.28,Card,13,2,51264.18,44352.89,Pune,Mobile,83,0,0,2,0.0528,0,7.90296069793837,6911.290000000001,0,0
TX10955,1599.75,Card,12,2,22027.81,30877.5,Kolkata,Mobile,71,0,0,2,0.0726,0,7.378227548398912,-8849.689999999999,0,0
TX12579,7275.92,E-commerce,8,5,8146.03,12151.16,Hyderabad,Desktop,40,0,0,3,0.8932,0,8.892462974745362,-4005.13,0,1
TX13897,346.65,UPI,18,6,67156.1,29177.8,Pune,Mobile,165,0,0,1,0.0052,0,5.851196226545027,37978.3,0,1
TX14425,576.69,UPI,8,2,8378.4,20320.77,Hyderabad,Mobile,85,0,0,1,0.0688,0,6.359037392614897,-11942.37,0,0
TX13380,4426.87,E-commerce,10,1,96896.35,35648.46,Delhi,Desktop,53,0,0,1,0.0457,0,8.395673934770635,61247.89000000001,0,0
TX13685,1359.78,Wallet,18,0,82301.58,8081.05,Hyderabad,Desktop,27,0,0,4,0.0165,0,7.215813343736727,74220.53,0,0
TX10403,693.01,Bank Transfer,8,3,56451.68,35988.17,Delhi,Tablet,117,0,0,1,0.0123,0,6.5424863696248945,20463.510000000002,0,0
TX12071,577.54,Bank Transfer,9,3,98098.71,11691.25,Mumbai,Desktop,65,0,0,1,0.0059,0,6.360507688582179,86407.46,0,0
TXF20255,8848.91,Wallet,10,0,108164.02,1698.26,Ahmedabad,Mobile,4,0,1,26,0.0818,1,9.08816256845874,106465.76000000001,0,0
TX11977,831.53,Card,19,3,95736.18,13475.55,Kolkata,Mobile,60,0,0,2,0.0087,0,6.724469257241353,82260.62999999999,0,0
TX10158,1101.24,UPI,17,5,78115.49,47243.81,Pune,Desktop,184,0,0,3,0.0141,0,7.005099751844885,30871.680000000008,0,1
TX11748,308.93,Wallet,17,2,91880.28,13357.71,Ahmedabad,Desktop,169,0,0,2,0.0034,0,5.736346465529464,78522.57,0,0
TX12909,2094.05,Card,14,4,12516.81,18229.89,Bengaluru,Mobile,25,0,0,3,0.1673,0,7.64733269841989,-5713.08,0,0
TX13534,1026.04,Bank Transfer,8,5,46363.07,21252.6,Bengaluru,Desktop,164,0,0,3,0.0221,0,6.934436157563468,25110.47,0,1
TX10902,1558.69,Wallet,16,5,74400.84,28147.43,Hyderabad,Mobile,104,0,0,1,0.0209,0,7.3522423625478375,46253.409999999996,0,1
TX10352,1122.14,Wallet,14,1,2257.53,14423.2,Pune,Mobile,7,0,0,2,0.4971,0,7.023883613041293,-12165.67,0,0
TX11230,491.88,UPI,9,3,41916.63,12102.53,Delhi,Desktop,63,0,0,1,0.0117,0,6.200265736706315,29814.1,0,0
TXF20170,44222.45,UPI,12,1,133718.49,2647.41,Bengaluru,Mobile,5,0,1,1,0.3307,1,10.697010470364043,131071.07999999999,0,0
TX12140,472.97,UPI,15,5,16631.44,1650.3,Mumbai,Desktop,121,0,0,3,0.0284,0,6.161144028552868,14981.14,0,1
TX10444,1418.12,Wallet,13,3,58336.24,36948.62,Ahmedabad,Mobile,24,0,0,3,0.0243,0,7.2577922401806845,21387.619999999995,0,0
TXF20448,107240.69,E-commerce,3,3,53620.35,4398.83,Delhi,Laptop,27,1,1,19,2.0,1,11.582840351270855,49221.52,1,0
TX10754,1803.09,Card,13,3,96235.28,7524.92,Delhi,Laptop,68,0,0,2,0.0187,0,7.497811588513402,88710.36,0,0
TX11737,3062.7,Wallet,15,5,73538.78,41739.47,Bengaluru,Laptop,192,0,0,1,0.0416,0,8.02737861483971,31799.309999999998,0,1
TX12971,5628.43,Card,18,4,44247.02,41794.98,Mumbai,Laptop,194,0,0,3,0.1272,0,8.63576347266903,2452.0399999999936,0,0
TXF20479,116920.93,E-commerce,1,6,58460.46,1978.09,Pune,Laptop,18,1,1,12,2.0,1,11.669261726102285,56482.37,1,1
TX12920,2412.26,E-commerce,12,0,96353.58,33620.07,Delhi,Mobile,186,0,0,4,0.025,0,7.788733809509635,62733.51,0,0
TX10311,1123.05,Wallet,19,0,5305.31,29853.87,Chennai,Tablet,60,0,0,2,0.2117,0,7.024693513450019,-24548.559999999998,0,0
TX10548,2432.9,UPI,20,1,65086.93,19158.79,Delhi,Desktop,38,0,0,2,0.0374,0,7.797250188069129,45928.14,0,0
TX14052,569.37,E-commerce,15,5,67558.95,35872.52,Pune,Mobile,9,0,0,4,0.0084,0,6.346285273046531,31686.43,0,1
TXF20261,1748.0,UPI,12,3,32979.72,2758.95,Hyderabad,Mobile,7,0,0,26,0.053,1,7.466799475018602,30220.77,0,0
TX11989,1037.21,E-commerce,17,6,21554.15,4095.16,Jaipur,Mobile,143,0,0,3,0.0481,0,6.9452533554022216,17458.99,0,1
TX10306,1546.41,Card,9,0,20013.66,28440.47,Bengaluru,Laptop,6,0,0,3,0.0773,0,7.34433784454762,-8426.810000000001,0,0
TX12335,1660.77,UPI,11,6,34018.8,33545.67,Hyderabad,Mobile,159,0,0,4,0.0488,0,7.415638578354004,473.13000000000466,0,1
TX10694,856.31,Wallet,17,1,81213.59,28645.23,Mumbai,Mobile,60,0,0,3,0.0105,0,6.75379958014485,52568.36,0,0
TX12356,3300.22,Card,15,5,90461.5,17182.47,Pune,Desktop,115,0,0,1,0.0365,0,8.102047376103181,73279.03,0,1
TX11927,908.17,E-commerce,15,3,79309.07,22188.48,Mumbai,Mobile,38,0,0,2,0.0115,0,6.812532095393531,57120.59000000001,0,0
TX10684,3983.13,E-commerce,10,1,63357.0,35161.43,Delhi,Mobile,152,0,0,2,0.0629,0,8.290074248694212,28195.57,0,0
TX10749,5253.65,Wallet,20,6,45069.86,2069.03,Chennai,Mobile,66,0,0,2,0.1166,0,8.566868677857943,43000.83,0,1
TX14008,1227.69,E-commerce,12,4,10807.12,21878.78,Chennai,Desktop,92,0,0,4,0.1136,0,7.113703840157245,-11071.659999999998,0,0
TX11266,1867.46,Card,15,3,36469.19,6815.36,Delhi,Mobile,177,0,0,2,0.0512,0,7.532869841150234,29653.83,0,0
TX13285,665.23,Card,10,5,68703.44,11631.34,Pune,Mobile,57,0,0,4,0.0097,0,6.501634956267756,57072.100000000006,0,1
TX13529,3302.76,Card,10,4,74380.48,42742.8,Delhi,Desktop,196,0,0,4,0.0444,0,8.10281649277733,31637.679999999993,0,0
TX14423,162.26,Card,16,0,26747.57,10721.25,Delhi,Laptop,61,0,0,3,0.0061,0,5.09534402202321,16026.32,0,0
TX13984,685.84,E-commerce,10,5,31526.84,18067.27,Delhi,Desktop,141,0,0,4,0.0218,0,6.532101368445602,13459.57,0,1
TX13083,334.39,Bank Transfer,17,6,23931.71,147.06,Delhi,Desktop,113,0,0,4,0.014,0,5.8152940337985335,23784.649999999998,0,1
TX13061,1509.05,Card,16,4,97229.73,3115.78,Mumbai,Tablet,116,0,0,2,0.0155,0,7.319898041843542,94113.95,0,0
TX13025,8826.27,E-commerce,17,6,14871.95,28740.68,Chennai,Laptop,88,0,0,2,0.5935,0,9.085601072521163,-13868.73,0,1
TX10970,460.3,Card,15,4,52203.36,26824.14,Chennai,Laptop,113,0,0,4,0.0088,0,6.134048590563775,25379.22,0,0
TX10013,412.95,E-commerce,11,5,55310.62,9324.24,Pune,Desktop,114,0,0,4,0.0075,0,6.0257451935848145,45986.380000000005,0,1
TX10873,1192.12,E-commerce,10,0,90654.5,47328.18,Hyderabad,Desktop,149,0,0,3,0.0132,0,7.084327003795485,43326.32,0,0
TX10808,730.32,E-commerce,16,4,77603.3,20883.57,Pune,Tablet,58,0,0,1,0.0094,0,6.594851120460304,56719.73,0,0
TX13198,292.42,Bank Transfer,17,5,78496.43,42038.43,Lucknow,Mobile,85,0,0,3,0.0037,0,5.681605029711498,36457.99999999999,0,1
TX10514,1147.48,UPI,15,3,97746.79,21681.64,Lucknow,Mobile,81,0,0,4,0.0117,0,7.046194607959243,76065.15,0,0
TX14472,1383.03,UPI,19,4,20862.48,34731.6,Pune,Mobile,23,0,0,2,0.0663,0,7.232754812243265,-13869.119999999999,0,0
TX10409,339.85,Bank Transfer,10,5,87109.48,28975.9,Chennai,Tablet,178,0,0,4,0.0039,0,5.831442497808794,58133.579999999994,0,1
TX13408,2826.63,Wallet,8,5,59364.84,8195.26,Chennai,Desktop,164,0,0,4,0.0476,0,7.947194183944859,51169.579999999994,0,1
TX14342,1571.91,Bank Transfer,15,2,74109.45,28294.39,Bengaluru,Laptop,8,0,0,1,0.0212,0,7.360682685909647,45815.06,0,0
TX10207,1693.73,Bank Transfer,9,6,34399.81,21329.28,Lucknow,Mobile,170,0,0,2,0.0492,0,7.435278715090829,13070.529999999999,0,1
TX13691,2422.53,Bank Transfer,20,4,35896.25,48864.35,Mumbai,Desktop,181,0,0,3,0.0675,0,7.792980433999819,-12968.099999999999,0,0
TX10458,2012.52,Bank Transfer,12,0,26739.01,46359.02,Kolkata,Mobile,180,0,0,3,0.0753,0,7.6076397131947475,-19620.01,0,0
TX13471,1271.38,Bank Transfer,18,6,18156.07,28334.32,Kolkata,Desktop,155,0,0,1,0.07,0,7.148644441423885,-10178.25,0,1
TX12430,661.74,UPI,20,4,1395.31,12315.51,Ahmedabad,Laptop,19,0,0,2,0.4743,0,6.496382756409506,-10920.2,0,0
TX13657,1491.25,Bank Transfer,10,3,6895.8,34748.36,Mumbai,Mobile,81,0,0,4,0.2163,0,7.308040327048759,-27852.56,0,0
TX10110,1373.06,Card,19,5,8956.33,16016.88,Pune,Mobile,25,0,0,2,0.1533,0,7.225525139951141,-7060.549999999999,0,1
TXF20089,23304.56,E-commerce,2,6,11652.28,4658.94,Lucknow,Desktop,20,1,0,5,2.0,1,10.056447237696434,6993.340000000001,1,1
TX14044,1618.72,E-commerce,12,5,25693.04,34712.38,Mumbai,Laptop,39,0,0,3,0.063,0,7.390008573781788,-9019.339999999997,0,1
TX11883,7150.4,Wallet,19,0,26291.41,1720.29,Delhi,Desktop,200,0,0,4,0.272,0,8.875063420716717,24571.12,0,0
TX11713,1044.34,Wallet,16,6,93935.62,32090.2,Mumbai,Tablet,71,0,0,3,0.0111,0,6.952097470332872,61845.42,0,1
TX13958,716.04,Bank Transfer,11,1,29337.29,33703.7,Pune,Laptop,48,0,0,3,0.0244,0,6.575131627049106,-4366.409999999996,0,0
TX13399,812.08,Bank Transfer,18,0,74357.47,5293.39,Delhi,Desktop,154,0,0,1,0.0109,0,6.700829505690761,69064.08,0,0
TX10552,655.36,Card,19,2,98662.41,30133.89,Hyderabad,Desktop,82,0,0,4,0.0066,0,6.486709418906949,68528.52,0,0
TX11439,966.3,UPI,18,3,15234.27,49138.7,Bengaluru,Laptop,62,0,0,1,0.0634,0,6.874508685188501,-33904.42999999999,0,0
TX12270,907.63,Wallet,11,4,17576.22,44762.19,Kolkata,Mobile,161,0,0,2,0.0516,0,6.811937970609854,-27185.97,0,0
TX13144,718.29,Wallet,10,3,55555.12,10778.95,Mumbai,Desktop,81,0,0,1,0.0129,0,6.578264614371555,44776.17,0,0
TX12821,4702.35,E-commerce,10,5,64832.06,23869.28,Delhi,Laptop,12,0,0,3,0.0725,0,8.45603029975858,40962.78,0,1
TXF20281,7630.02,Bank Transfer,19,2,197110.96,1615.44,Jaipur,Desktop,18,0,0,18,0.0387,1,8.93997679817468,195495.52,0,0
TX11925,1640.03,E-commerce,15,2,96834.42,16054.07,Bengaluru,Laptop,168,0,0,1,0.0169,0,7.403079372458635,80780.35,0,0
TX10634,1157.81,Card,20,0,17374.31,34825.37,Chennai,Mobile,45,0,0,2,0.0666,0,7.055148895474805,-17451.06,0,0
TXF20305,17613.17,UPI,15,4,29068.05,1261.09,Kolkata,Desktop,20,0,1,29,0.6059,1,9.77645897073248,27806.96,0,0
TX10316,1357.83,Bank Transfer,15,0,25037.3,1317.6,Hyderabad,Mobile,5,0,0,2,0.0542,0,7.2143793143470925,23719.7,0,0
TX14217,557.93,Card,20,0,88268.25,42621.76,Hyderabad,Tablet,154,0,0,4,0.0063,0,6.326024241700372,45646.49,0,0
TXF20199,14325.46,Wallet,12,3,201235.9,2325.87,Delhi,Mobile,12,1,1,2,0.0712,1,9.569863456110246,198910.03,0,0
TX11328,1564.56,Card,19,0,80112.9,29968.29,Ahmedabad,Tablet,158,0,0,1,0.0195,0,7.355998866445309,50144.60999999999,0,0
TX10427,5775.61,Bank Transfer,19,1,64518.37,43426.74,Delhi,Desktop,53,0,0,4,0.0895,0,8.661572284414662,21091.630000000005,0,0
TX14374,856.99,Card,8,2,21699.4,12011.17,Mumbai,Desktop,173,0,0,4,0.0395,0,6.754592444408387,9688.230000000001,0,0
TX10105,347.69,Bank Transfer,8,4,66387.71,8230.43,Bengaluru,Mobile,52,0,0,1,0.0052,0,5.854183275323726,58157.280000000006,0,0
TX13041,2786.32,E-commerce,13,3,5585.83,18713.05,Bengaluru,Desktop,85,0,0,4,0.4988,0,7.932835839692353,-13127.22,0,0
TX10142,1311.96,Card,14,5,9154.72,27737.33,Pune,Desktop,51,0,0,2,0.1433,0,7.180039409253821,-18582.61,0,1
TX12169,1280.11,Wallet,16,1,58890.64,31906.49,Delhi,Mobile,7,0,0,2,0.0217,0,7.155482168623821,26984.149999999998,0,0
TX13458,278.07,Bank Transfer,9,0,55884.25,36562.27,Pune,Desktop,148,0,0,1,0.005,0,5.631462646409561,19321.980000000003,0,0
TX10089,463.04,E-commerce,20,4,62940.64,4358.84,Chennai,Tablet,149,0,0,1,0.0074,0,6.139970755407206,58581.8,0,0
TX12918,427.61,UPI,11,3,47636.38,36044.11,Jaipur,Laptop,199,0,0,4,0.009,0,6.0605474145451765,11592.269999999997,0,0
TX13237,4147.85,Card,8,1,35469.43,48567.74,Mumbai,Mobile,23,0,0,4,0.1169,0,8.330586466389372,-13098.309999999998,0,0
TX12241,841.22,Wallet,12,4,84224.14,14948.78,Mumbai,Laptop,37,0,0,1,0.01,0,6.73604126277429,69275.36,0,0
TX13174,979.1,UPI,18,5,50044.28,46378.4,Chennai,Desktop,143,0,0,1,0.0196,0,6.887654607275135,3665.8799999999974,0,1
TX13412,1153.53,Wallet,17,4,38252.84,20841.48,Mumbai,Laptop,101,0,0,2,0.0302,0,7.051448613731949,17411.359999999997,0,0
TX12163,1073.83,Card,14,0,91085.27,45550.13,Delhi,Desktop,127,0,0,1,0.0118,0,6.9799177885215045,45535.14000000001,0,0
TX12636,1391.0,Bank Transfer,19,3,54590.63,17453.73,Mumbai,Laptop,153,0,0,4,0.0255,0,7.238496840894365,37136.899999999994,0,0
TX11949,305.05,Wallet,12,3,36303.71,8297.1,Mumbai,Desktop,177,0,0,2,0.0084,0,5.723748487297079,28006.61,0,0
TX11768,3342.74,Bank Transfer,17,1,29429.4,35997.47,Bengaluru,Laptop,108,0,0,4,0.1136,0,8.11484521998564,-6568.07,0,0
TX14290,3031.53,Card,18,6,91905.23,12316.06,Delhi,Mobile,54,0,0,2,0.033,0,8.017152533596972,79589.17,0,1
TX12272,1270.86,UPI,20,3,58725.43,20285.52,Mumbai,Mobile,28,0,0,2,0.0216,0,7.148235674949621,38439.91,0,0
TX10001,981.8,UPI,14,5,17005.65,7884.13,Mumbai,Mobile,159,0,0,1,0.0577,0,6.890405640647024,9121.52,0,1
TX13282,1867.34,E-commerce,15,0,68254.84,5897.42,Kolkata,Mobile,151,0,0,1,0.0274,0,7.532805615074425,62357.42,0,0
TXF20457,57100.8,Card,2,3,117235.69,4959.37,Chennai,Mobile,7,1,1,23,0.4871,1,10.952590918789975,112276.32,1,0
TX11951,1109.44,E-commerce,9,0,94693.98,45619.16,Bengaluru,Desktop,81,0,0,1,0.0117,0,7.01251161215848,49074.81999999999,0,0
TX10935,437.64,E-commerce,13,5,32071.93,13627.7,Delhi,Laptop,43,0,0,1,0.0136,0,6.083679031095793,18444.23,0,1
TX14296,427.68,E-commerce,12,5,67856.23,29475.72,Kolkata,Desktop,78,0,0,4,0.0063,0,6.0607107198447965,38380.509999999995,0,1
TX12720,878.74,UPI,9,6,38548.59,10793.57,Ahmedabad,Mobile,99,0,0,3,0.0228,0,6.779626409271504,27755.019999999997,0,1
TX14447,2128.73,E-commerce,11,4,78329.08,42553.94,Delhi,Desktop,109,0,0,3,0.0272,0,7.663750490105292,35775.14,0,0
TX11109,1615.02,E-commerce,15,0,23826.67,43716.18,Pune,Desktop,79,0,0,1,0.0678,0,7.3877216152420795,-19889.510000000002,0,0
TX13960,536.44,Card,17,3,53563.47,10874.69,Delhi,Desktop,122,0,0,3,0.01,0,6.2868171258639824,42688.78,0,0
TX10591,1816.47,UPI,14,4,66251.71,21120.28,Bengaluru,Mobile,42,0,0,1,0.0274,0,7.505200703081624,45131.43000000001,0,0
TX11695,1125.44,UPI,12,0,44909.39,14703.49,Ahmedabad,Desktop,41,0,0,1,0.0251,0,7.026817496136901,30205.9,0,0
TX13450,470.59,UPI,12,6,93772.44,13298.19,Hyderabad,Desktop,8,0,0,2,0.005,0,6.156109964027881,80474.25,0,1
TX12936,2387.39,Card,13,4,7947.36,11134.05,Delhi,Tablet,98,0,0,1,0.3004,0,7.778374777760706,-3186.6899999999996,0,0
TX14204,1416.64,UPI,13,4,34562.94,41035.22,Kolkata,Desktop,154,0,0,3,0.041,0,7.256748796157022,-6472.279999999999,0,0
TX13411,621.35,Card,17,5,47814.94,17403.33,Mumbai,Mobile,23,0,0,4,0.013,0,6.433502635446986,30411.61,0,1
TX11576,3532.48,Bank Transfer,15,5,44470.93,44003.9,Bengaluru,Tablet,82,0,0,3,0.0794,0,8.170038500004518,467.02999999999884,0,1
TX13954,2246.66,Wallet,17,4,65629.8,40054.57,Bengaluru,Mobile,79,0,0,3,0.0342,0,7.717644954023219,25575.230000000003,0,0
TX10213,691.24,Bank Transfer,14,0,76833.91,29822.37,Chennai,Desktop,194,0,0,1,0.009,0,6.539932716298483,47011.54000000001,0,0
TX10778,241.08,Card,15,3,8388.86,25081.15,Mumbai,Desktop,95,0,0,3,0.0287,0,5.489268250040046,-16692.29,0,0
TX11415,1300.09,Card,17,1,87094.57,38256.08,Delhi,Laptop,20,0,0,2,0.0149,0,7.170957653675575,48838.490000000005,0,0
TX13759,2424.89,Card,17,4,45456.22,20575.85,Mumbai,Mobile,123,0,0,2,0.0533,0,7.793953746349052,24880.370000000003,0,0
TX12043,707.46,Wallet,13,1,14312.56,42951.37,Mumbai,Desktop,67,0,0,2,0.0494,0,6.563093600232798,-28638.810000000005,0,0
TX12848,2814.68,Card,20,5,43523.61,11152.9,Jaipur,Tablet,82,0,0,3,0.0647,0,7.942959074457196,32370.71,0,1
TXF20037,129762.82,Bank Transfer,10,6,64881.41,3378.95,Hyderabad,Desktop,9,1,0,4,2.0,1,11.773471307880163,61502.46000000001,0,1
TX13505,3221.34,E-commerce,18,3,92272.94,39311.44,Pune,Mobile,160,0,0,1,0.0349,0,8.077863082688532,52961.5,0,0
TX13813,650.34,UPI,17,3,30596.07,12315.97,Mumbai,Mobile,71,0,0,3,0.0213,0,6.479031779296771,18280.1,0,0
TX11567,2083.29,Card,14,5,47920.42,24152.67,Hyderabad,Laptop,73,0,0,4,0.0435,0,7.642183548662283,23767.75,0,1
TX10165,1157.5,Card,20,5,88884.53,20233.8,Lucknow,Tablet,57,0,0,1,0.013,0,7.054881343872431,68650.73,0,1
TXF20214,38778.86,Bank Transfer,19,2,53837.63,834.87,Mumbai,Desktop,2,0,1,4,0.7203,1,10.565656318681823,53002.759999999995,0,0
TX14272,1304.24,Card,18,3,77956.76,44793.89,Kolkata,Desktop,125,0,0,2,0.0167,0,7.174142210893759,33162.869999999995,0,0
TXF20426,142913.89,UPI,23,5,71456.95,1225.48,Ahmedabad,Desktop,24,1,1,23,2.0,1,11.870004557230025,70231.47,1,1
TX11343,376.39,Card,10,1,95000.49,42124.05,Chennai,Mobile,171,0,0,1,0.004,0,5.933279135498076,52876.44,0,0
TX12013,767.35,UPI,13,3,38131.25,28489.18,Chennai,Desktop,116,0,0,2,0.0201,0,6.644245358501341,9642.07,0,0
TX10273,403.07,E-commerce,9,2,82238.7,17156.69,Bengaluru,Mobile,154,0,0,3,0.0049,0,6.001588130278833,65082.009999999995,0,0
TX10071,1613.2,E-commerce,19,6,93142.21,18570.92,Bengaluru,Laptop,119,0,0,2,0.0173,0,7.386594756890272,74571.29000000001,0,1
TX13887,2336.73,E-commerce,13,3,20843.55,39883.23,Bengaluru,Desktop,116,0,0,3,0.1121,0,7.756935652044226,-19039.680000000004,0,0
TX11087,9456.21,Wallet,10,1,37183.43,24442.93,Mumbai,Laptop,46,0,0,4,0.2543,0,9.15453269254247,12740.5,0,0
TX10394,3359.29,UPI,10,2,7002.11,46816.99,Delhi,Mobile,100,0,0,2,0.4798,0,8.119782558756606,-39814.88,0,0
TX10583,1271.1,E-commerce,19,2,57556.78,30214.03,Ahmedabad,Tablet,128,0,0,2,0.0221,0,7.148424357162165,27342.75,0,0
TX11367,4037.31,E-commerce,9,3,98989.98,43992.11,Bengaluru,Mobile,27,0,0,3,0.0408,0,8.303581566604619,54997.869999999995,0,0
TXF20487,167108.81,Bank Transfer,2,5,83554.4,3138.12,Ahmedabad,Desktop,17,1,1,24,2.0,1,12.026406420221138,80416.28,1,1
TX14088,3075.75,Bank Transfer,11,0,11914.69,8119.71,Hyderabad,Mobile,67,0,0,3,0.2581,0,8.031629124052445,3794.9800000000005,0,0
TX12548,725.39,Card,18,1,42861.11,25476.09,Hyderabad,Mobile,145,0,0,2,0.0169,0,6.588087060672501,17385.02,0,0
TX11013,1090.93,E-commerce,16,1,56158.64,3416.52,Delhi,Laptop,144,0,0,1,0.0194,0,6.995702051686091,52742.12,0,0
TXF20397,47921.81,Wallet,0,4,131990.07,1467.64,Mumbai,Tablet,18,1,1,8,0.3631,1,10.777346870469106,130522.43000000001,1,0
TX13003,1252.87,UPI,15,1,10628.92,10636.79,Bengaluru,Desktop,166,0,0,4,0.1179,0,7.133990047557377,-7.8700000000008,0,0
TXF20288,1184.21,Bank Transfer,19,4,93582.09,1628.84,Hyderabad,Laptop,25,1,1,30,0.0127,1,7.077675253058348,91953.25,0,0
TX14407,1812.54,Wallet,20,0,40179.85,38492.02,Mumbai,Mobile,68,0,0,1,0.0451,0,7.50303601527596,1687.8300000000017,0,0
TX13532,2565.05,UPI,14,5,93237.35,25367.95,Bengaluru,Mobile,192,0,0,2,0.0275,0,7.850123030566411,67869.40000000001,0,1
TX11763,658.48,E-commerce,18,1,91722.99,19203.39,Chennai,Laptop,125,0,0,4,0.0072,0,6.491451645692978,72519.6,0,0
TX11875,1800.45,Bank Transfer,16,4,17351.25,14305.27,Pune,Mobile,198,0,0,2,0.1038,0,7.496347175154077,3045.9799999999996,0,0
TX11259,2558.0,E-commerce,15,2,17314.51,35764.47,Mumbai,Mobile,198,0,0,1,0.1477,0,7.847371836159788,-18449.960000000003,0,0
TXF20030,120630.32,Wallet,19,5,135131.22,874.18,Hyderabad,Mobile,3,0,0,1,0.8927,1,11.700494231051165,134257.04,0,1
TX12253,1759.72,E-commerce,13,5,53261.05,13461.94,Pune,Laptop,199,0,0,4,0.033,0,7.473478095286417,39799.11,0,1
TX12781,3237.17,E-commerce,13,3,28950.28,25300.9,Delhi,Mobile,104,0,0,1,0.1118,0,8.082763634403586,3649.3799999999974,0,0
TX13592,519.83,E-commerce,15,0,31543.72,23813.85,Hyderabad,Desktop,137,0,0,3,0.0165,0,6.255423692921966,7729.870000000003,0,0
TX10526,691.45,Bank Transfer,11,6,3101.08,13064.68,Hyderabad,Tablet,106,0,0,1,0.223,0,6.540236033288727,-9963.6,0,1
TX14263,1550.42,UPI,8,6,44770.03,43095.47,Mumbai,Desktop,53,0,0,1,0.0346,0,7.346925919555472,1674.5599999999977,0,1
TX12946,477.53,Card,11,3,90866.6,5308.14,Delhi,Laptop,38,0,0,1,0.0053,0,6.170718904852467,85558.46,0,0
TX10377,1580.35,Wallet,18,0,77802.24,31348.39,Chennai,Mobile,158,0,0,4,0.0203,0,7.366034191582915,46453.850000000006,0,0
TX11559,1285.55,Card,12,5,84784.88,5986.83,Hyderabad,Laptop,152,0,0,1,0.0152,0,7.1597194961045405,78798.05,0,1
TX13820,565.36,E-commerce,13,2,40212.19,3300.35,Mumbai,Mobile,168,0,0,1,0.0141,0,6.33922991841677,36911.840000000004,0,0
TX11963,1113.84,Wallet,20,0,86842.75,19863.12,Hyderabad,Mobile,150,0,0,2,0.0128,0,7.016466175839583,66979.63,0,0
TXF20232,51031.28,Wallet,14,3,133648.41,4046.23,Hyderabad,Mobile,22,0,1,3,0.3818,1,10.840213652660148,129602.18000000001,0,0
TX10348,2114.1,E-commerce,12,5,72012.51,34039.02,Chennai,Desktop,50,0,0,1,0.0294,0,7.656857371686529,37973.49,0,1
TX12434,675.92,Wallet,17,1,82945.17,38485.6,Pune,Desktop,200,0,0,2,0.0081,0,6.517553097539885,44459.57,0,0
TX12246,4967.89,Wallet,15,0,12234.91,9770.08,Hyderabad,Mobile,57,0,0,4,0.406,0,8.510951754106332,2464.83,0,0
TX14166,1520.02,Wallet,10,6,67833.38,42411.42,Delhi,Mobile,196,0,0,1,0.0224,0,7.32713644141676,25421.960000000006,0,1
TX11709,2585.16,Wallet,20,1,67778.78,49125.88,Pune,Desktop,80,0,0,1,0.0381,0,7.857929429034229,18652.9,0,0
TX11050,1635.81,UPI,15,4,94489.93,46464.06,Ahmedabad,Mobile,70,0,0,3,0.0173,0,7.400504504660615,48025.869999999995,0,0
TX10590,3680.34,Wallet,17,2,103515.92,46662.36,Hyderabad,Laptop,141,0,0,3,0.0356,0,8.211032095318362,56853.56,0,0
TX10519,3614.04,Card,13,6,9863.21,34782.26,Delhi,Tablet,134,0,0,4,0.3664,0,8.192858199538565,-24919.050000000003,0,1
TXF20252,14599.17,Wallet,17,0,14553.45,2396.63,Hyderabad,Mobile,30,0,0,16,1.0031,1,9.588788451464255,12156.82,0,0
TX14308,554.85,Bank Transfer,8,0,3032.9,27106.91,Mumbai,Mobile,139,0,0,4,0.1829,0,6.320498473679624,-24074.01,0,0
TX12477,908.49,Wallet,10,4,44749.61,20800.86,Delhi,Mobile,29,0,0,4,0.0203,0,6.812884002845505,23948.75,0,0
TX11083,702.09,Wallet,8,3,87235.65,7830.77,Kolkata,Desktop,121,0,0,3,0.008,0,6.555484906376052,79404.87999999999,0,0
TX13588,774.25,E-commerce,15,1,8832.3,34800.82,Bengaluru,Desktop,191,0,0,2,0.0877,0,6.653185557980558,-25968.52,0,0
TXF20278,6332.06,Card,12,1,10612.73,3653.81,Delhi,Desktop,16,1,1,23,0.5966,1,8.753538810654403,6958.92,0,0
TXF20009,172627.06,Card,8,0,107825.61,2199.1,Delhi,Mobile,28,0,1,4,1.601,1,12.058894616839785,105626.51,0,0
TX11294,1639.63,UPI,17,1,37822.48,45575.83,Delhi,Desktop,55,0,0,2,0.0434,0,7.402835593394392,-7753.3499999999985,0,0
TX11809,516.56,E-commerce,13,2,45480.54,38921.45,Delhi,Desktop,162,0,0,4,0.0114,0,6.249125460447752,6559.090000000004,0,0
TX10791,729.84,Card,19,2,29515.11,6778.04,Chennai,Mobile,117,0,0,4,0.0247,0,6.594194557543465,22737.07,0,0
TX10792,721.06,Wallet,13,1,75711.26,15947.58,Kolkata,Mobile,15,0,0,4,0.0095,0,6.58210823793308,59763.67999999999,0,0
TX14114,3102.29,Bank Transfer,14,5,69051.24,29098.01,Chennai,Tablet,33,0,0,4,0.0449,0,8.040218118025384,39953.23000000001,0,1
TX11855,86.37,Bank Transfer,11,3,40736.61,16731.66,Pune,Desktop,83,0,0,2,0.0021,0,4.470151974310003,24004.95,0,0
TXF20257,1681.9,Card,11,6,147317.05,3204.86,Ahmedabad,Mobile,6,1,0,18,0.0114,1,7.4282737747190275,144112.19,0,1
TX11980,1337.64,Wallet,17,5,72876.46,46240.46,Hyderabad,Desktop,98,0,0,3,0.0184,0,7.199409452186318,26636.000000000007,0,1
TX13233,555.14,UPI,8,0,91139.77,20532.59,Delhi,Mobile,171,0,0,3,0.0061,0,6.321020061115796,70607.18000000001,0,0
TX13908,771.95,Bank Transfer,11,0,47821.83,21027.55,Pune,Laptop,174,0,0,3,0.0161,0,6.650214363442343,26794.280000000002,0,0
TXF20484,116487.57,Card,2,3,162858.46,4356.79,Ahmedabad,Desktop,24,1,1,11,0.7153,1,11.665548435586652,158501.66999999998,1,0
TX13328,1522.8,Card,13,1,96501.77,17042.49,Mumbai,Desktop,77,0,0,1,0.0158,0,7.328962494038909,79459.28,0,0
TX11530,829.19,Bank Transfer,11,4,82495.86,29905.89,Jaipur,Mobile,155,0,0,3,0.0101,0,6.721654590256102,52589.97,0,0
TX11410,1536.46,UPI,19,6,86225.82,9222.39,Mumbai,Laptop,172,0,0,2,0.0178,0,7.337886983082082,77003.43000000001,0,1
TX14294,649.2,Wallet,15,6,20023.99,16958.91,Delhi,Mobile,83,0,0,1,0.0324,0,6.477280007869805,3065.0800000000017,0,1
TXF20148,29455.44,UPI,0,6,18268.73,4966.95,Bengaluru,Laptop,1,1,0,5,1.6123,1,10.290667840895244,13301.779999999999,1,1
TX10083,2720.18,UPI,9,2,91775.71,16965.96,Hyderabad,Mobile,94,0,0,2,0.0296,0,7.908820888745234,74809.75,0,0
TX10868,1109.23,Bank Transfer,15,3,23584.08,2042.61,Mumbai,Desktop,181,0,0,1,0.047,0,7.012322480049138,21541.47,0,0
TX12350,2186.45,E-commerce,9,1,9873.27,7457.91,Chennai,Desktop,10,0,0,1,0.2215,0,7.690491760827684,2415.3600000000006,0,0
TX10020,2501.88,UPI,13,1,79743.28,3794.83,Mumbai,Mobile,83,0,0,2,0.0314,0,7.82519734781346,75948.45,0,0
TX13424,2223.61,Card,16,0,63182.16,7757.5,Delhi,Mobile,150,0,0,4,0.0352,0,7.707336898337972,55424.66,0,0
TX12795,822.9,Card,17,6,95181.09,26435.83,Mumbai,Desktop,156,0,0,4,0.0086,0,6.714049163321544,68745.26,0,1
TXF20072,147848.41,Wallet,13,6,73924.21,1289.32,Jaipur,Desktop,8,1,1,2,2.0,1,11.903949534741718,72634.89,0,1
TX11562,6222.64,Card,14,4,63527.89,16688.09,Bengaluru,Mobile,90,0,0,1,0.098,0,8.736110223568428,46839.8,0,0
TX13093,360.75,Wallet,19,1,59409.89,27891.91,Pune,Mobile,66,0,0,1,0.0061,0,5.890953365511593,31517.98,0,0
TX13155,2111.2,Wallet,12,6,38477.27,21578.05,Delhi,Laptop,15,0,0,2,0.0549,0,7.655485337312374,16899.219999999998,0,1
TX10973,1699.03,E-commerce,16,4,97004.12,16404.45,Chennai,Mobile,52,0,0,4,0.0175,0,7.438401176947424,80599.67,0,0
TX11710,992.14,Bank Transfer,9,1,5466.96,18178.45,Bengaluru,Mobile,68,0,0,4,0.1815,0,6.900871641015811,-12711.490000000002,0,0
TX13201,6301.76,Bank Transfer,19,3,35373.41,25086.67,Mumbai,Mobile,49,0,0,1,0.1781,0,8.748742911682019,10286.740000000005,0,0
TX14371,2039.66,UPI,14,2,52412.32,35271.33,Kolkata,Mobile,195,0,0,4,0.0389,0,7.621028563925672,17140.989999999998,0,0
TXF20319,648.03,E-commerce,18,5,167324.43,4688.94,Kolkata,Desktop,18,1,0,12,0.0039,1,6.475478940597228,162635.49,0,1
TX11098,902.61,Bank Transfer,9,3,96071.37,8857.03,Delhi,Desktop,198,0,0,4,0.0094,0,6.806397851376348,87214.34,0,0
TX14161,1034.45,Bank Transfer,14,6,3304.07,1774.6,Chennai,Mobile,73,0,0,3,0.3131,0,6.942591393817595,1529.4700000000003,0,1
TX12844,521.87,E-commerce,20,1,29905.1,27105.28,Mumbai,Tablet,100,0,0,4,0.0175,0,6.2593328672017,2799.8199999999997,0,0
TX10886,1888.43,Wallet,17,2,76207.11,42436.43,Chennai,Desktop,192,0,0,2,0.0248,0,7.5440304752655045,33770.68,0,0
TXF20431,140035.06,Bank Transfer,3,2,70017.53,784.17,Hyderabad,Laptop,28,1,1,20,2.0,1,11.849655239854187,69233.36,1,0
TX13678,1525.21,UPI,20,6,46590.4,15532.52,Delhi,Desktop,128,0,0,1,0.0327,0,7.33054281705527,31057.88,0,1
TXF20080,129781.76,Card,10,5,80555.71,4344.25,Chennai,Desktop,8,1,0,3,1.6111,1,11.773617254708157,76211.46,0,1
TX13566,740.64,Wallet,14,3,36307.53,20208.34,Delhi,Desktop,30,0,0,4,0.0204,0,6.608863950229653,16099.189999999999,0,0
TX14401,726.05,Card,9,6,53917.58,1549.04,Mumbai,Tablet,77,0,0,2,0.0135,0,6.588995250959495,52368.54,0,1
TX10515,1675.31,Wallet,13,6,33201.02,25356.48,Pune,Mobile,118,0,0,2,0.0505,0,7.424350228138737,7844.539999999997,0,1
TXF20120,24003.25,Wallet,4,1,238997.91,1011.08,Hyderabad,Mobile,1,1,0,1,0.1004,1,10.085986176986014,237986.83000000002,1,0
TX10737,865.77,Wallet,16,3,32605.46,44431.34,Chennai,Mobile,77,0,0,3,0.0266,0,6.764773659003271,-11825.879999999997,0,0
TX11453,1426.94,Card,11,6,25083.41,2786.14,Mumbai,Desktop,41,0,0,4,0.0569,0,7.263988125210076,22297.27,0,1
TX13971,889.1,Bank Transfer,14,2,47570.55,1330.34,Pune,Laptop,12,0,0,3,0.0187,0,6.791333815964886,46240.21000000001,0,0
TXF20200,40456.03,Card,9,4,38228.45,2319.11,Lucknow,Mobile,12,1,1,3,1.0583,1,10.607995702194476,35909.34,0,0
TX12506,663.19,Bank Transfer,19,0,38606.22,18223.14,Hyderabad,Desktop,12,0,0,1,0.0172,0,6.498568253123195,20383.08,0,0
TX12994,1431.07,UPI,19,6,93994.9,7430.14,Hyderabad,Desktop,55,0,0,1,0.0152,0,7.266876229007436,86564.76,0,1
TX12126,844.43,Wallet,13,6,57693.56,38188.42,Mumbai,Mobile,160,0,0,3,0.0146,0,6.739845373663468,19505.14,0,1
TX12926,608.59,UPI,16,0,15598.65,1768.56,Ahmedabad,Desktop,22,0,0,3,0.039,0,6.4127866000384115,13830.09,0,0
TXF20245,34801.64,E-commerce,20,2,190352.52,3109.42,Pune,Mobile,8,0,1,5,0.1828,1,10.45744852495415,187243.09999999998,0,0
TX10906,325.61,Bank Transfer,13,0,70960.28,40874.69,Chennai,Mobile,35,0,0,2,0.0046,0,5.788766798561198,30085.589999999997,0,0
TX13647,749.87,Bank Transfer,13,3,11044.41,48973.08,Ahmedabad,Mobile,88,0,0,2,0.0679,0,6.621232534250202,-37928.67,0,0
TX11030,1588.53,Bank Transfer,20,1,28419.72,33132.25,Bengaluru,Mobile,174,0,0,3,0.0559,0,7.371193654032453,-4712.529999999999,0,0
TX12507,135.03,E-commerce,12,2,5835.76,34308.38,Mumbai,Desktop,100,0,0,3,0.0231,0,4.912875449645338,-28472.619999999995,0,0
TX12428,1384.32,UPI,13,0,41164.46,24661.59,Chennai,Mobile,131,0,0,4,0.0336,0,7.2336864388656155,16502.87,0,0
TX10947,303.3,Card,19,5,59453.97,30703.26,Delhi,Laptop,133,0,0,4,0.0051,0,5.718014056902925,28750.710000000003,0,1
TX13806,985.72,UPI,8,0,13539.01,403.77,Lucknow,Laptop,43,0,0,1,0.0728,0,6.894386311243183,13135.24,0,0
TXF20254,7581.0,Card,20,5,106805.23,2531.26,Chennai,Mobile,16,1,0,24,0.071,1,8.93353229607628,104273.97,0,1
TX10715,1196.13,E-commerce,11,4,31052.68,24351.42,Chennai,Desktop,77,0,0,3,0.0385,0,7.087682304506341,6701.260000000002,0,0
TX14055,511.56,Wallet,16,2,71874.26,15921.98,Mumbai,Mobile,96,0,0,4,0.0071,0,6.239417777330766,55952.28,0,0
TX10686,900.68,Card,18,5,49923.55,32645.99,Bengaluru,Mobile,137,0,0,4,0.018,0,6.804259689933823,17277.56,0,1
TX10703,2244.03,UPI,10,4,84453.26,178.1,Mumbai,Laptop,126,0,0,1,0.0266,0,7.716474163116024,84275.15999999999,0,0
TX13341,596.03,Bank Transfer,19,2,79687.91,32846.37,Pune,Mobile,16,0,0,3,0.0075,0,6.391967363386331,46841.54,0,0
TX12353,2108.74,Wallet,13,3,50069.44,32149.68,Mumbai,Mobile,83,0,0,4,0.0421,0,7.65431999612875,17919.760000000002,0,0
TX12257,891.99,Card,8,5,99392.44,47294.16,Bengaluru,Mobile,43,0,0,4,0.009,0,6.794575382605512,52098.28,0,1
TX13551,1042.0,UPI,20,2,88385.23,39869.68,Chennai,Desktop,129,0,0,4,0.0118,0,6.949856455000773,48515.549999999996,0,0
TX10473,629.97,Bank Transfer,18,5,82980.09,21244.54,Pune,Tablet,193,0,0,1,0.0076,0,6.447258317829365,61735.549999999996,0,1
TX10021,2310.05,E-commerce,11,1,38477.39,5881.87,Jaipur,Mobile,129,0,0,1,0.06,0,7.745457245695894,32595.52,0,0
TX12752,3961.97,Card,14,0,37172.2,36049.64,Pune,Mobile,125,0,0,1,0.1066,0,8.284749023139073,1122.5599999999977,0,0
TX10885,1127.01,Bank Transfer,18,6,31894.78,15266.73,Delhi,Mobile,30,0,0,3,0.0353,0,7.028210297266935,16628.05,0,1
TX12448,416.81,UPI,14,2,92628.61,37897.71,Pune,Mobile,60,0,0,3,0.0045,0,6.035026783733111,54730.9,0,0
TX10917,1520.69,Wallet,19,0,63839.29,16769.09,Hyderabad,Mobile,168,0,0,3,0.0238,0,7.32757683830692,47070.2,0,0
TX13757,1090.45,UPI,8,3,30626.86,38279.06,Ahmedabad,Mobile,116,0,0,4,0.0356,0,6.995262366420372,-7652.199999999997,0,0
TX13751,1315.04,Card,15,3,5734.36,18225.98,Delhi,Desktop,92,0,0,2,0.2293,0,7.182382506560118,-12491.619999999999,0,0
TX12239,408.92,Wallet,16,3,13748.04,21572.79,Hyderabad,Mobile,143,0,0,4,0.0297,0,6.015962018708369,-7824.75,0,0
TX13844,1305.93,Wallet,18,6,79276.77,12510.49,Lucknow,Mobile,163,0,0,4,0.0165,0,7.1754361544240775,66766.28,0,1
TX13395,3699.95,E-commerce,8,4,49013.76,32368.97,Mumbai,Mobile,198,0,0,2,0.0755,0,8.216344822432697,16644.79,0,0
TX11265,3460.15,Wallet,9,2,76473.57,16244.17,Mumbai,Desktop,7,0,0,3,0.0452,0,8.149356182771314,60229.40000000001,0,0
TX10483,4034.82,Card,18,2,13057.82,44720.12,Delhi,Desktop,80,0,0,2,0.309,0,8.302964781866464,-31662.300000000003,0,0
TX14337,275.62,Wallet,11,5,10150.75,15827.85,Mumbai,Laptop,108,0,0,4,0.0272,0,5.6226447231965615,-5677.1,0,1
TX12963,1625.54,Wallet,11,6,28249.29,2058.73,Mumbai,Mobile,79,0,0,2,0.0575,0,7.3942103382946875,26190.56,0,1
TX11219,677.05,UPI,18,0,23496.75,11381.35,Delhi,Mobile,121,0,0,2,0.0288,0,6.519221031533954,12115.4,0,0
TX10277,4260.6,Wallet,12,4,80739.38,7091.65,Bengaluru,Tablet,76,0,0,1,0.0528,0,8.357399955602789,73647.73000000001,0,0
TX10988,308.34,Bank Transfer,12,2,54628.39,34851.85,Mumbai,Mobile,157,0,0,3,0.0056,0,5.734440995609994,19776.54,0,0
TX12084,405.94,UPI,19,4,77918.45,2698.41,Delhi,Tablet,97,0,0,1,0.0052,0,6.008665754427756,75220.04,0,0
TX11245,1573.38,UPI,11,1,61200.44,30197.19,Pune,Mobile,32,0,0,3,0.0257,0,7.36161682296527,31003.250000000004,0,0
TX12382,929.28,Wallet,20,6,26026.28,37443.92,Mumbai,Mobile,91,0,0,1,0.0357,0,6.835485616102055,-11417.64,0,1
TX10571,555.34,Bank Transfer,20,1,56286.29,36680.26,Delhi,Laptop,17,0,0,2,0.0099,0,6.321379618145414,19606.03,0,0
TX11435,561.42,E-commerce,10,1,78224.2,19716.78,Kolkata,Tablet,83,0,0,3,0.0072,0,6.3322489017418135,58507.42,0,0
TX10993,1345.21,UPI,12,4,70706.54,10391.98,Chennai,Tablet,159,0,0,2,0.019,0,7.205048515865767,60314.56,0,0
TX13930,1127.06,Card,13,6,24020.37,20597.78,Hyderabad,Desktop,200,0,0,4,0.0469,0,7.028254622132748,3422.59,0,1
TX13447,989.58,Card,12,6,90621.57,13804.38,Pune,Tablet,144,0,0,2,0.0109,0,6.898290630166351,76817.19,0,1
TX10585,1761.68,E-commerce,14,6,51838.12,3945.21,Ahmedabad,Tablet,75,0,0,4,0.034,0,7.474590657131324,47892.91,0,1
TX13658,1385.37,Card,20,5,69392.49,47705.39,Delhi,Desktop,114,0,0,2,0.02,0,7.234444099390586,21687.100000000006,0,1
TX12514,881.59,E-commerce,11,4,34714.94,10443.4,Mumbai,Desktop,99,0,0,3,0.0254,0,6.782860766610372,24271.54,0,0
TX11349,203.46,Wallet,18,1,67411.68,32126.79,Delhi,Mobile,26,0,0,1,0.003,0,5.320372357328868,35284.88999999999,0,0
TX11007,739.87,Wallet,11,5,56866.27,16125.99,Hyderabad,Mobile,187,0,0,3,0.013,0,6.607825171308445,40740.28,0,1
TX10674,2079.65,E-commerce,15,3,32154.81,15065.96,Bengaluru,Mobile,91,0,0,4,0.0647,0,7.6404356238774085,17088.850000000002,0,0
TX12412,2608.16,Wallet,19,0,81739.02,14858.07,Hyderabad,Tablet,31,0,0,1,0.0319,0,7.866783609434967,66880.95000000001,0,0
TX12903,4377.61,UPI,12,1,96993.57,45472.33,Bengaluru,Mobile,93,0,0,4,0.0451,0,8.384486601405644,51521.240000000005,0,0
TX10447,410.72,Bank Transfer,13,3,80293.18,21835.61,Pune,Mobile,164,0,0,2,0.0051,0,6.020343506658358,58457.56999999999,0,0
TX13834,420.16,Wallet,15,6,20012.97,32698.25,Chennai,Mobile,148,0,0,2,0.021,0,6.043012808988559,-12685.279999999999,0,1
TX13758,587.66,E-commerce,19,1,9186.0,670.49,Mumbai,Mobile,129,0,0,3,0.064,0,6.377848767403354,8515.51,0,0
TX13703,680.22,UPI,16,5,31207.25,42393.48,Delhi,Mobile,141,0,0,4,0.0218,0,6.523885308310562,-11186.230000000003,0,1
TX10359,1280.84,E-commerce,20,4,8482.22,29150.31,Bengaluru,Tablet,12,0,0,3,0.151,0,7.156051824699625,-20668.090000000004,0,0
TX12064,2610.66,Card,10,4,50583.09,49728.76,Hyderabad,Mobile,115,0,0,3,0.0516,0,7.867741313470381,854.3299999999945,0,0
TX14449,327.67,Card,11,2,66446.94,2176.0,Delhi,Laptop,198,0,0,1,0.0049,0,5.795054207870926,64270.94,0,0
TX13810,575.24,E-commerce,19,0,23595.16,23482.13,Bengaluru,Desktop,168,0,0,1,0.0244,0,6.356524240581107,113.02999999999884,0,0
TX11690,1515.3,E-commerce,10,2,12583.58,38816.27,Delhi,Tablet,64,0,0,3,0.1204,0,7.324028435806894,-26232.689999999995,0,0
TX14326,3165.3,Card,12,4,57132.4,23515.32,Lucknow,Laptop,124,0,0,3,0.0554,0,8.06031899274272,33617.08,0,0
TX11548,5108.99,Wallet,13,5,49161.81,13910.03,Delhi,Mobile,190,0,0,3,0.1039,0,8.538952726248672,35251.78,0,1
TX11247,4561.65,Wallet,19,5,81535.49,11390.99,Mumbai,Mobile,103,0,0,3,0.0559,0,8.425658874062648,70144.5,0,1
TX11985,356.6,E-commerce,10,4,43081.62,35763.33,Bengaluru,Desktop,93,0,0,4,0.0083,0,5.8794150432993595,7318.290000000001,0,0
TX10294,551.87,E-commerce,11,6,4154.59,13186.98,Delhi,Desktop,74,0,0,2,0.1328,0,6.315122892512055,-9032.39,0,1
TX11547,446.4,UPI,13,5,20603.21,40278.2,Mumbai,Mobile,7,0,0,2,0.0217,0,6.1034530490560295,-19674.989999999998,0,1
TX12012,1306.27,UPI,13,3,93350.07,13607.11,Pune,Mobile,82,0,0,4,0.014,0,7.175696272243615,79742.96,0,0
TX10588,439.94,Bank Transfer,11,1,33595.12,21757.57,Hyderabad,Laptop,38,0,0,2,0.0131,0,6.088908811768835,11837.550000000003,0,0
TX13329,2897.88,E-commerce,19,0,14158.4,25374.41,Mumbai,Desktop,26,0,0,2,0.2047,0,7.972079734480923,-11216.01,0,0
TX12403,2202.22,Bank Transfer,12,5,43681.52,36406.21,Mumbai,Laptop,104,0,0,3,0.0504,0,7.697675205638344,7275.309999999998,0,1
TX12129,4061.84,Card,20,3,86091.96,18055.26,Delhi,Desktop,196,0,0,3,0.0472,0,8.30963751544368,68036.70000000001,0,0
TX14388,2265.22,Bank Transfer,12,4,10291.87,23195.25,Pune,Mobile,123,0,0,1,0.2201,0,7.725868524253918,-12903.38,0,0
TX12410,1044.32,UPI,12,0,83207.54,30765.6,Lucknow,Mobile,57,0,0,2,0.0126,0,6.952078337618801,52441.939999999995,0,0
TX12719,230.15,Wallet,19,0,91981.45,6785.35,Bengaluru,Laptop,104,0,0,4,0.0025,0,5.443066850434234,85196.09999999999,0,0
TX10425,2165.0,UPI,11,4,6313.81,36846.46,Mumbai,Mobile,191,0,0,4,0.3429,0,7.680637427560936,-30532.649999999998,0,0
TX12582,1478.56,UPI,20,4,77668.69,7578.15,Chennai,Mobile,175,0,0,3,0.019,0,7.2995000252592614,70090.54000000001,0,0
TX11054,470.07,UPI,12,5,94668.42,8451.12,Delhi,Desktop,145,0,0,3,0.005,0,6.155006702931103,86217.3,0,1
TX13966,377.68,Wallet,20,6,50953.09,46318.08,Bengaluru,Desktop,168,0,0,4,0.0074,0,5.93669152126069,4635.009999999995,0,1
TXF20062,119867.33,E-commerce,17,3,132598.49,2158.26,Mumbai,Desktop,19,0,1,3,0.904,1,11.694149169344692,130440.23,0,0
TX10556,475.4,E-commerce,10,2,44696.2,30685.69,Bengaluru,Mobile,128,0,0,3,0.0106,0,6.166257837481145,14010.509999999998,0,0
TX14358,3095.91,Card,12,6,84900.07,45808.0,Pune,Tablet,58,0,0,1,0.0365,0,8.038160119169929,39092.07000000001,0,1
TX13938,646.19,Bank Transfer,13,1,96501.87,21807.1,Hyderabad,Tablet,143,0,0,2,0.0067,0,6.472639914450622,74694.76999999999,0,0
TXF20212,26091.38,E-commerce,15,3,34158.29,2574.91,Pune,Desktop,21,0,1,4,0.7638,1,10.169398596660924,31583.38,0,0
TX12469,768.28,UPI,20,4,98751.85,13486.97,Bengaluru,Desktop,141,0,0,3,0.0078,0,6.6454550124667335,85264.88,0,0
TXF20210,55386.27,Card,9,5,253729.96,4600.0,Ahmedabad,Tablet,30,1,1,2,0.2183,1,10.922105062937625,249129.96,0,1
TX10355,1992.22,UPI,16,6,80086.84,5438.33,Mumbai,Laptop,9,0,0,2,0.0249,0,7.597506700472903,74648.51,0,1
TX11193,4695.92,Wallet,12,4,19766.33,41663.19,Pune,Mobile,105,0,0,2,0.2376,0,8.454662253733767,-21896.86,0,0
TX11716,3280.53,Card,17,1,69672.63,35794.58,Pune,Tablet,33,0,0,3,0.0471,0,8.096065056032586,33878.05,0,0
TX13416,1510.41,Bank Transfer,16,4,8147.6,10516.42,Kolkata,Tablet,29,0,0,3,0.1854,0,7.320798268946894,-2368.8199999999997,0,0
TX12604,852.17,Wallet,14,5,47983.01,46935.05,Pune,Desktop,57,0,0,1,0.0178,0,6.748958824234984,1047.9599999999991,0,1
TX14129,1334.34,Wallet,14,1,51082.08,47292.32,Lucknow,Mobile,162,0,0,1,0.0261,0,7.1969412200564244,3789.760000000002,0,0
TX12828,2261.92,Wallet,11,5,40964.83,36867.16,Delhi,Mobile,159,0,0,4,0.0552,0,7.724411293705086,4097.669999999998,0,1
TX11704,1421.51,Card,14,3,29293.85,31991.48,Hyderabad,Mobile,43,0,0,4,0.0485,0,7.260178195852753,-2697.630000000001,0,0
TX12863,753.34,UPI,8,0,64204.7,48803.09,Mumbai,Desktop,94,0,0,2,0.0117,0,6.625843194752269,15401.61,0,0
TX12618,2536.96,E-commerce,10,1,61329.25,33742.19,Hyderabad,Desktop,154,0,0,1,0.0414,0,7.839115887708844,27587.059999999998,0,0
TX12400,966.01,Card,18,4,24342.89,25845.7,Hyderabad,Desktop,80,0,0,2,0.0397,0,6.874208836661458,-1502.8100000000013,0,0
TX12139,362.99,Card,12,6,84695.17,15230.09,Mumbai,Desktop,179,0,0,1,0.0043,0,5.897126394731892,69465.08,0,1
TX13239,902.59,E-commerce,18,5,86007.31,21760.15,Kolkata,Mobile,145,0,0,1,0.0105,0,6.806375717688874,64247.159999999996,0,1
TX12383,480.67,UPI,20,5,27053.15,44097.69,Chennai,Desktop,190,0,0,1,0.0178,0,6.1772592322697015,-17044.54,0,1
TX13218,446.26,Bank Transfer,16,4,53544.93,29546.81,Ahmedabad,Desktop,24,0,0,2,0.0083,0,6.103140080998571,23998.12,0,0
TX13935,1010.66,Wallet,9,1,53392.15,38971.53,Bengaluru,Mobile,164,0,0,1,0.0189,0,6.919347825017944,14420.620000000003,0,0
TX11285,486.97,Card,18,3,13479.17,48177.65,Pune,Mobile,87,0,0,2,0.0361,0,6.190253928553621,-34698.48,0,0
TX13796,2117.83,Bank Transfer,17,6,23907.02,48604.9,Hyderabad,Desktop,154,0,0,2,0.0886,0,7.658619328528035,-24697.88,0,1
TXF20394,69077.37,Bank Transfer,1,5,220290.79,1293.09,Lucknow,Laptop,3,1,1,12,0.3136,1,11.142996936151308,218997.7,1,1
TX14468,1062.06,E-commerce,8,0,90038.85,17385.33,Bengaluru,Desktop,54,0,0,3,0.0118,0,6.968906820775384,72653.52,0,0
TX12087,1038.68,Bank Transfer,10,4,87059.23,35518.27,Bengaluru,Laptop,88,0,0,4,0.0119,0,6.946668252480736,51540.96,0,0
TX11889,722.19,E-commerce,12,6,52160.08,26397.68,Delhi,Mobile,168,0,0,3,0.0138,0,6.583671981548739,25762.4,0,1
TXF20122,31726.15,Card,1,2,77304.19,3977.82,Delhi,Tablet,3,1,0,3,0.4104,1,10.36492806018387,73326.37,1,0
TX11591,3416.61,Bank Transfer,17,4,36967.78,35070.34,Chennai,Mobile,56,0,0,3,0.0924,0,8.136696755351503,1897.4400000000023,0,0
TX11346,617.94,Bank Transfer,9,6,99573.72,34247.28,Pune,Laptop,165,0,0,4,0.0062,0,6.42800833745341,65326.44,0,1
TX14431,1337.87,Bank Transfer,8,6,5105.0,23473.64,Mumbai,Mobile,120,0,0,3,0.2621,0,7.199581253599247,-18368.64,0,1
TX12162,475.12,Bank Transfer,9,0,80839.42,12423.57,Hyderabad,Mobile,157,0,0,3,0.0059,0,6.165669923299679,68415.85,0,0
TX12396,590.86,Bank Transfer,9,6,4853.96,6240.3,Chennai,Laptop,105,0,0,3,0.1217,0,6.383270120430181,-1386.3400000000001,0,1
TXF20268,9441.7,Card,14,3,155150.83,3993.07,Jaipur,Laptop,6,1,0,20,0.0609,1,9.152997235193649,151157.75999999998,0,0
TX12271,996.55,Bank Transfer,10,4,69755.96,12570.1,Pune,Laptop,30,0,0,1,0.0143,0,6.9053022728210705,57185.86000000001,0,0
TX14490,713.45,UPI,16,6,35585.37,38087.44,Pune,Mobile,164,0,0,3,0.02,0,6.571513015914979,-2502.0699999999997,0,1
TX13111,6424.57,Card,12,1,18787.81,32489.68,Mumbai,Laptop,146,0,0,1,0.342,0,8.7680406217817,-13701.869999999999,0,0
TX11137,3562.21,E-commerce,16,2,37889.41,4039.08,Delhi,Desktop,10,0,0,1,0.094,0,8.178417102965263,33850.33,0,0
TX13895,456.38,Wallet,15,0,26691.08,23456.24,Delhi,Desktop,17,0,0,2,0.0171,0,6.1255145552282375,3234.84,0,0
TX10972,1612.42,Wallet,17,4,32738.11,45698.04,Mumbai,Mobile,74,0,0,4,0.0493,0,7.386111428608018,-12959.93,0,0
TX10795,1241.6,Wallet,8,5,26300.57,37071.11,Bengaluru,Desktop,17,0,0,2,0.0472,0,7.124961237629593,-10770.54,0,1
TX13020,869.26,Wallet,20,4,73974.37,40569.67,Delhi,Desktop,70,0,0,3,0.0118,0,6.768792017576404,33404.7,0,0
TX11711,2159.23,Bank Transfer,10,2,84885.07,35104.81,Hyderabad,Mobile,106,0,0,2,0.0254,0,7.6779699764909415,49780.26000000001,0,0
TX13387,577.97,E-commerce,15,2,86772.28,40673.94,Lucknow,Mobile,81,0,0,1,0.0067,0,6.3612506627591285,46098.34,0,0
TX10036,1101.13,UPI,13,3,43133.52,11183.18,Pune,Desktop,140,0,0,2,0.0255,0,7.0049999500873845,31950.339999999997,0,0
TX10453,2459.85,E-commerce,19,3,40748.54,43180.35,Mumbai,Mobile,105,0,0,1,0.0604,0,7.808262097700483,-2431.8099999999977,0,0
TX10913,801.42,UPI,20,5,26222.98,31281.22,Pune,Mobile,35,0,0,3,0.0306,0,6.6876321615614245,-5058.240000000002,0,1
TX14081,115.76,Card,17,4,86964.7,32247.65,Bengaluru,Desktop,69,0,0,1,0.0013,0,4.760120545985914,54717.049999999996,0,0
TX11199,1534.08,UPI,8,5,68807.85,40290.96,Delhi,Laptop,182,0,0,1,0.0223,0,7.336337775927084,28516.890000000007,0,1
TX11274,314.44,UPI,15,5,24724.2,4838.77,Hyderabad,Mobile,164,0,0,3,0.0127,0,5.753968489569372,19885.43,0,1
TX12375,546.23,Wallet,14,6,53528.15,7142.19,Chennai,Desktop,28,0,0,1,0.0102,0,6.304869189366933,46385.96,0,1
TX10037,908.99,Card,16,1,13335.59,16947.0,Mumbai,Mobile,65,0,0,4,0.0682,0,6.813433610439527,-3611.41,0,0
TX10974,1174.64,UPI,16,0,95316.16,43828.34,Chennai,Mobile,154,0,0,3,0.0123,0,7.0695679591445515,51487.82000000001,0,0
TX13195,1443.07,E-commerce,16,2,25556.18,14504.45,Kolkata,Mobile,164,0,0,3,0.0565,0,7.27522079473212,11051.73,0,0
TX10983,2286.47,E-commerce,20,1,11100.13,1054.54,Delhi,Mobile,180,0,0,3,0.206,0,7.735201682309579,10045.59,0,0
TX13904,1461.38,E-commerce,14,6,43738.4,30702.84,Delhi,Mobile,131,0,0,3,0.0334,0,7.28782052445757,13035.560000000001,0,1
TX14069,443.7,Wallet,16,2,20609.65,24033.63,Pune,Mobile,161,0,0,2,0.0215,0,6.097399897516651,-3423.9799999999996,0,0
TX11418,1246.87,E-commerce,8,1,13682.19,15672.0,Delhi,Desktop,136,0,0,4,0.0911,0,7.129193376836982,-1989.8099999999995,0,0
TX13332,886.48,E-commerce,8,2,46134.16,27233.75,Mumbai,Desktop,14,0,0,3,0.0192,0,6.788385985884382,18900.410000000003,0,0
TX11560,1029.42,UPI,15,1,85506.77,13194.18,Hyderabad,Mobile,122,0,0,2,0.012,0,6.9377217650996075,72312.59,0,0
TX10039,1515.11,Bank Transfer,12,6,38196.26,48591.93,Delhi,Mobile,176,0,0,3,0.0397,0,7.323903122936768,-10395.669999999998,0,1
TX11486,427.97,Wallet,19,5,15457.06,46909.4,Mumbai,Desktop,144,0,0,2,0.0277,0,6.061386986412866,-31452.340000000004,0,1
TX13883,1778.06,E-commerce,14,1,74132.54,30792.16,Mumbai,Mobile,116,0,0,4,0.024,0,7.483840413909915,43340.37999999999,0,0
TX10169,268.54,Card,20,6,90732.33,17477.95,Pune,Mobile,72,0,0,1,0.003,0,5.596716802341013,73254.38,0,1
TX11355,714.62,UPI,20,5,48486.06,46129.47,Mumbai,Desktop,51,0,0,1,0.0147,0,6.573149299818633,2356.5899999999965,0,1
TX12785,1983.98,Card,11,5,36111.99,23545.29,Pune,Mobile,153,0,0,3,0.0549,0,7.593364117503781,12566.699999999997,0,1
TX13632,1071.34,Bank Transfer,12,1,34596.02,31258.8,Kolkata,Mobile,41,0,0,2,0.031,0,6.977598455523926,3337.2199999999975,0,0
TXF20248,57158.15,Bank Transfer,12,6,117514.0,390.52,Ahmedabad,Mobile,15,1,1,4,0.4864,1,10.953594761394397,117123.48,0,1
TX14004,764.64,Bank Transfer,14,1,21644.35,15141.1,Mumbai,Desktop,48,0,0,1,0.0353,0,6.640712085377909,6503.249999999998,0,0
TX12682,405.21,E-commerce,13,6,25922.51,8761.25,Hyderabad,Laptop,141,0,0,1,0.0156,0,6.00687026725783,17161.26,0,1
TXF20204,55115.4,Card,9,3,27557.7,1317.56,Kolkata,Mobile,16,1,1,1,2.0,1,10.917202591508172,26240.14,0,0
TX14025,1742.82,Wallet,20,6,40782.5,42100.42,Hyderabad,Mobile,192,0,0,2,0.0427,0,7.463833388133128,-1317.9199999999983,0,1
TX11640,1421.64,E-commerce,19,5,54987.33,20341.7,Mumbai,Mobile,162,0,0,3,0.0259,0,7.2602695794354055,34645.630000000005,0,1
TX11290,1094.53,UPI,20,0,70180.92,12690.37,Jaipur,Mobile,101,0,0,2,0.0156,0,6.998993543416385,57490.549999999996,0,0
TX11380,1001.74,Card,8,3,10598.23,31321.53,Ahmedabad,Desktop,187,0,0,4,0.0945,0,6.910491532025018,-20723.3,0,0
TX11933,974.8,Card,20,2,65922.95,1562.04,Bengaluru,Mobile,128,0,0,4,0.0148,0,6.883257647381737,64360.909999999996,0,0
TX10579,2312.47,Card,10,5,72026.48,260.59,Chennai,Desktop,109,0,0,1,0.0321,0,7.746503840897514,71765.89,0,1
TX14220,1070.8,Card,15,1,80990.01,6447.49,Pune,Mobile,26,0,0,2,0.0132,0,6.97709475706075,74542.51999999999,0,0
TX13160,2730.39,UPI,11,1,51392.26,48915.65,Pune,Mobile,138,0,0,1,0.0531,0,7.912565916111459,2476.6100000000006,0,0
TX12030,1402.86,Bank Transfer,14,4,65520.65,16966.14,Bengaluru,Mobile,165,0,0,2,0.0214,0,7.2469808645141605,48554.51,0,0
TX10892,564.33,Wallet,12,1,78737.19,29230.26,Hyderabad,Desktop,87,0,0,3,0.0072,0,6.337409631439941,49506.93000000001,0,0
TX13951,2856.36,E-commerce,8,1,8924.93,25372.41,Bengaluru,Tablet,44,0,0,2,0.32,0,7.957653400592961,-16447.48,0,0
TX10780,303.07,Wallet,10,3,23925.31,14122.12,Hyderabad,Mobile,102,0,0,2,0.0127,0,5.7172579380576245,9803.19,0,0
TX10159,1138.63,Card,14,0,86178.55,12442.67,Mumbai,Mobile,131,0,0,1,0.0132,0,7.038458927303581,73735.88,0,0
TX10002,3879.15,E-commerce,11,0,6427.31,48498.5,Bengaluru,Mobile,76,0,0,1,0.6035,0,8.263629091663862,-42071.19,0,0
TX12263,3475.71,Card,17,5,16011.3,4027.01,Delhi,Mobile,128,0,0,3,0.2171,0,8.153841723295054,11984.289999999999,0,1
TX13216,336.53,Bank Transfer,10,0,25361.08,549.38,Hyderabad,Desktop,197,0,0,1,0.0133,0,5.82165439525109,24811.7,0,0
TX12109,423.13,Wallet,18,4,93458.67,19240.01,Mumbai,Desktop,42,0,0,4,0.0045,0,6.050040012012211,74218.66,0,0
TX10849,1756.09,E-commerce,17,1,96923.36,49741.48,Mumbai,Desktop,21,0,0,3,0.0181,0,7.471414310551931,47181.88,0,0
TX12737,1419.42,Bank Transfer,19,0,41094.48,11448.34,Hyderabad,Mobile,38,0,0,1,0.0345,0,7.258707881510496,29646.140000000003,0,0
TX12466,3148.11,Wallet,10,4,28088.45,5553.04,Kolkata,Desktop,200,0,0,4,0.1121,0,8.054875152215283,22535.41,0,0
TX13650,1805.91,Wallet,9,0,10015.75,8215.15,Bengaluru,Mobile,194,0,0,2,0.1803,0,7.499373483043054,1800.6000000000004,0,0
TX11596,934.23,Card,12,0,95729.0,11016.71,Pune,Mobile,163,0,0,3,0.0098,0,6.840792488343092,84712.29000000001,0,0
TX11776,680.53,Card,19,0,28216.43,40816.19,Delhi,Desktop,110,0,0,2,0.0241,0,6.524340270710631,-12599.760000000002,0,0
TX11913,1327.22,UPI,11,0,35406.19,1002.25,Chennai,Mobile,70,0,0,1,0.0375,0,7.19159497896644,34403.94,0,0
TX11043,902.11,E-commerce,9,3,79384.07,28352.42,Mumbai,Tablet,89,0,0,4,0.0114,0,6.805844362166327,51031.65000000001,0,0
TXF20213,38527.64,UPI,8,4,55510.77,4369.54,Lucknow,Mobile,0,1,1,4,0.6941,1,10.559157139826208,51141.229999999996,0,0
TX11544,1644.17,UPI,18,5,21250.5,33367.61,Bengaluru,Tablet,111,0,0,3,0.0774,0,7.4055990013249495,-12117.11,0,1
TX12736,434.61,Wallet,10,0,13219.24,49004.59,Delhi,Desktop,120,0,0,1,0.0329,0,6.07674734763644,-35785.35,0,0
TX13706,2051.91,E-commerce,14,2,101614.98,3923.33,Mumbai,Desktop,25,0,0,1,0.0202,0,7.627013577772572,97691.65,0,0
TXF20117,22879.83,Wallet,4,6,62143.74,2118.45,Delhi,Laptop,2,1,0,4,0.3682,1,10.038054721059543,60025.29,1,1
TX10053,847.55,UPI,10,5,27012.74,33033.2,Bengaluru,Mobile,125,0,0,2,0.0314,0,6.743529010457275,-6020.4599999999955,0,1
TX11796,539.23,Wallet,15,4,81946.86,29462.72,Kolkata,Desktop,200,0,0,1,0.0066,0,6.291994974803547,52484.14,0,0
TX11911,1399.95,E-commerce,20,2,18495.29,39891.29,Chennai,Mobile,49,0,0,1,0.0757,0,7.244905856906428,-21396.0,0,0
TX12306,1835.92,UPI,10,1,43628.2,16414.41,Kolkata,Mobile,66,0,0,1,0.0421,0,7.515845535001723,27213.789999999997,0,0
TX12553,2766.86,E-commerce,12,3,23771.2,22117.36,Pune,Mobile,47,0,0,3,0.1164,0,7.925829737423766,1653.8400000000001,0,0
TX12800,4538.69,Card,14,3,75664.26,47534.54,Mumbai,Tablet,190,0,0,2,0.06,0,8.42061400676575,28129.719999999994,0,0
TX14086,772.21,UPI,8,5,3019.97,30998.48,Pune,Mobile,13,0,0,4,0.2557,0,6.650550680514898,-27978.51,0,1
TX14127,427.15,Card,16,3,12968.21,46506.24,Pune,Mobile,109,0,0,3,0.0329,0,6.059473601472201,-33538.03,0,0
TX10824,1878.61,Wallet,20,4,14339.23,13352.58,Ahmedabad,Mobile,138,0,0,3,0.131,0,7.538819587495419,986.6499999999996,0,0
TXF20233,21852.08,E-commerce,9,0,18856.11,130.15,Ahmedabad,Mobile,9,0,1,1,1.1589,1,9.992097151688052,18725.96,0,0
TX13178,710.0,Card,12,5,11196.57,31725.57,Delhi,Desktop,7,0,0,3,0.0634,0,6.566672429803241,-20529.0,0,1
TX13401,3531.13,UPI,15,4,67872.32,10553.36,Delhi,Mobile,199,0,0,4,0.052,0,8.16965636738853,57318.96000000001,0,0
TX11389,3181.38,Card,16,4,11798.09,4480.63,Bengaluru,Laptop,6,0,0,2,0.2697,0,8.065384623514852,7317.46,0,0
TX13564,149.91,Card,14,4,98774.85,41074.07,Pune,Mobile,114,0,0,1,0.0015,0,5.016683632630459,57700.780000000006,0,0
TXF20376,92045.8,Bank Transfer,1,1,97383.01,1624.43,Jaipur,Tablet,8,1,1,9,0.9452,1,11.43005242234158,95758.58,1,0
TX10884,638.7,UPI,13,4,97959.98,11383.65,Mumbai,Desktop,95,0,0,4,0.0065,0,6.460999316456092,86576.33,0,0
TX13805,930.81,Card,11,6,84299.29,30759.06,Hyderabad,Tablet,138,0,0,4,0.011,0,6.83712893124183,53540.229999999996,0,1
TX11607,803.84,Card,19,2,51247.41,45505.51,Mumbai,Desktop,144,0,0,2,0.0157,0,6.690643499899646,5741.9000000000015,0,0
TX11594,3232.01,Bank Transfer,18,6,100905.46,18922.37,Bengaluru,Mobile,112,0,0,4,0.032,0,8.081168870823031,81983.09000000001,0,1
TX10771,1653.2,E-commerce,13,1,75571.22,41723.82,Delhi,Desktop,197,0,0,3,0.0219,0,7.411072787257806,33847.4,0,0
TX12611,462.37,UPI,20,1,32734.4,12684.9,Chennai,Desktop,184,0,0,3,0.0141,0,6.138525871016133,20049.5,0,0
TXF20161,7884.16,E-commerce,4,3,13701.29,681.93,Bengaluru,Mobile,1,1,0,1,0.5754,1,8.972737790884354,13019.36,1,0
TX12273,783.66,Card,8,5,37463.0,10919.03,Mumbai,Mobile,98,0,0,3,0.0209,0,6.665250502939299,26543.97,0,1
TX11868,966.19,Card,12,6,50522.69,4188.73,Delhi,Desktop,153,0,0,4,0.0191,0,6.874394960123891,46333.96000000001,0,1
TX11085,556.27,E-commerce,19,4,81034.86,6943.71,Mumbai,Laptop,169,0,0,3,0.0069,0,6.3230498621558,74091.15,0,0
TX10010,678.23,E-commerce,18,2,69259.42,22063.61,Delhi,Mobile,19,0,0,2,0.0098,0,6.520959803632996,47195.81,0,0
TX13611,1023.54,UPI,9,3,14715.47,19814.31,Delhi,Laptop,47,0,0,1,0.0696,0,6.931999010352602,-5098.840000000002,0,0
TX11325,1294.97,UPI,18,5,45831.42,2513.3,Mumbai,Laptop,12,0,0,2,0.0283,0,7.16701472849615,43318.119999999995,0,1
TX13390,764.35,Bank Transfer,20,0,31136.95,26602.36,Kolkata,Mobile,12,0,0,1,0.0245,0,6.640333245537716,4534.59,0,0
TX11463,597.19,Wallet,13,3,56374.37,14638.92,Chennai,Mobile,100,0,0,4,0.0106,0,6.393908429239002,41735.450000000004,0,0
TX10806,1097.1,Wallet,15,4,44653.65,22939.21,Pune,Mobile,131,0,0,2,0.0246,0,7.001336692603667,21714.440000000002,0,0
TX14260,1422.54,E-commerce,18,4,37552.03,44721.98,Pune,Mobile,97,0,0,4,0.0379,0,7.260902006077429,-7169.950000000004,0,0
TX13985,601.28,Wallet,14,3,42944.78,5033.43,Mumbai,Mobile,85,0,0,4,0.014,0,6.400722453454843,37911.35,0,0
TX13771,467.48,Wallet,14,2,78945.93,5719.1,Hyderabad,Tablet,118,0,0,1,0.0059,0,6.149493411332892,73226.82999999999,0,0
TX12108,1126.78,UPI,19,3,47454.74,45047.93,Delhi,Mobile,80,0,0,1,0.0237,0,7.028006377575123,2406.8099999999977,0,0
TX14235,4820.46,Bank Transfer,18,5,19227.74,29212.43,Delhi,Laptop,33,0,0,1,0.2507,0,8.480832065742636,-9984.689999999999,0,1
TXF20456,120998.78,UPI,1,5,60499.39,3792.78,Kolkata,Mobile,6,1,1,24,2.0,1,11.703544006395408,56706.61,1,1
TX12234,1114.69,E-commerce,10,0,55830.42,14247.01,Ahmedabad,Mobile,7,0,0,3,0.02,0,7.0172283265760855,41583.409999999996,0,0
TX13211,482.91,E-commerce,9,6,57906.84,42665.38,Bengaluru,Laptop,56,0,0,2,0.0083,0,6.181898939012487,15241.46,0,1
TX10963,593.88,Wallet,17,2,83155.83,14689.92,Delhi,Mobile,127,0,0,1,0.0071,0,6.388359704533079,68465.91,0,0
TX13415,2836.06,UPI,20,4,86398.51,38114.08,Delhi,Mobile,139,0,0,2,0.0328,0,7.950523583686375,48284.42999999999,0,0
TX13753,1359.7,UPI,17,6,94395.37,35386.16,Bengaluru,Tablet,149,0,0,4,0.0144,0,7.215754552196813,59009.20999999999,0,1
TX10398,3146.09,E-commerce,14,5,48651.76,32214.53,Hyderabad,Mobile,130,0,0,4,0.0647,0,8.054233495320869,16437.230000000003,0,1
TX12632,887.46,Wallet,16,0,47510.47,23569.17,Hyderabad,Mobile,176,0,0,4,0.0187,0,6.789489626885172,23941.300000000003,0,0
TXF20351,75239.26,Bank Transfer,0,3,179654.29,1180.86,Chennai,Mobile,23,1,1,10,0.4188,1,11.228441739017715,178473.43000000002,1,0
TX12996,899.76,Card,19,6,64488.24,38068.48,Hyderabad,Mobile,94,0,0,2,0.014,0,6.803238851426139,26419.759999999995,0,1
TX10704,745.12,E-commerce,20,3,26877.04,3070.28,Chennai,Mobile,72,0,0,2,0.0277,0,6.614886445176362,23806.760000000002,0,0
TX10431,1028.06,Bank Transfer,9,4,5664.56,7502.33,Delhi,Laptop,106,0,0,3,0.1815,0,6.936401043172045,-1837.7699999999995,0,0
TX10292,502.35,E-commerce,9,6,57359.61,23854.92,Delhi,Laptop,93,0,0,2,0.0088,0,6.221285753175432,33504.69,0,1
TXF20367,139144.63,Wallet,23,6,81792.82,1561.16,Mumbai,Mobile,6,1,1,9,1.7012,1,11.843276361502213,80231.66,1,1
TX10145,2362.36,UPI,16,4,61001.63,45067.78,Bengaluru,Mobile,155,0,0,3,0.0387,0,7.767839614292289,15933.849999999999,0,0
TX14393,2277.62,Card,17,4,95875.31,29347.41,Mumbai,Mobile,94,0,0,3,0.0238,0,7.731325275544902,66527.9,0,0
TX12033,558.95,UPI,16,5,50271.36,44747.9,Pune,Mobile,87,0,0,3,0.0111,0,6.327847494028703,5523.459999999999,0,1
TX14283,6228.9,Wallet,13,2,45371.4,29860.86,Mumbai,Mobile,190,0,0,2,0.1373,0,8.737115560288307,15510.54,0,0
TX11165,550.98,Card,12,3,69906.1,22950.66,Mumbai,Laptop,51,0,0,1,0.0079,0,6.313511813736647,46955.44,0,0
TX13500,1138.92,Card,11,6,84355.67,18315.78,Chennai,Laptop,122,0,0,4,0.0135,0,7.038713363487534,66039.89,0,1
TX12050,4003.92,E-commerce,15,2,70359.02,17840.94,Ahmedabad,Desktop,193,0,0,1,0.0569,0,8.295278884271745,52518.08,0,0
TX12624,1793.56,UPI,10,6,19261.33,44881.21,Mumbai,Mobile,10,0,0,3,0.0931,0,7.4925151455260615,-25619.879999999997,0,1
TX14378,2812.33,Card,11,4,101509.24,44357.93,Bengaluru,Desktop,133,0,0,1,0.0277,0,7.9421241140870675,57151.310000000005,0,0
TX10339,804.19,Card,13,1,87085.89,40494.85,Delhi,Mobile,149,0,0,2,0.0092,0,6.691078274413802,46591.04,0,0
TX13879,2110.91,Wallet,20,3,42157.58,10599.98,Bengaluru,Laptop,135,0,0,4,0.0501,0,7.655348030281802,31557.600000000002,0,0
TXF20132,14129.09,Wallet,2,1,23306.33,4040.07,Jaipur,Desktop,24,1,0,4,0.6062,1,9.55606184508504,19266.260000000002,1,0
TX12973,1613.61,Card,13,6,44590.69,27645.71,Mumbai,Mobile,107,0,0,3,0.0362,0,7.3868487204261895,16944.980000000003,0,1
TX10265,3032.81,E-commerce,8,3,26524.75,33627.45,Delhi,Mobile,151,0,0,4,0.1143,0,8.017574534348329,-7102.699999999997,0,0
TX12424,886.74,E-commerce,11,3,50202.79,42453.5,Bengaluru,Tablet,155,0,0,2,0.0177,0,6.788678907327199,7749.290000000001,0,0
TX11262,1471.59,UPI,8,0,31406.09,155.49,Hyderabad,Mobile,176,0,0,4,0.0469,0,7.294778034201251,31250.6,0,0
TX11771,1462.83,UPI,18,4,66864.8,20319.34,Delhi,Desktop,35,0,0,3,0.0219,0,7.288811567560203,46545.46000000001,0,0
TX13511,838.71,Wallet,15,2,43496.18,15426.78,Delhi,Laptop,111,0,0,1,0.0193,0,6.73305659413373,28069.4,0,0
TX10271,856.08,Card,17,2,22040.76,1423.96,Jaipur,Laptop,88,0,0,3,0.0388,0,6.753531263132525,20616.8,0,0
TX10696,964.77,UPI,8,0,10130.5,30891.62,Delhi,Desktop,160,0,0,2,0.0952,0,6.8729257106252515,-20761.12,0,0
TX10747,1327.96,Card,9,6,50473.29,20148.76,Pune,Desktop,173,0,0,2,0.0263,0,7.192151960442389,30324.530000000002,0,1
TX10244,3922.75,Wallet,15,0,97392.27,46285.87,Mumbai,Mobile,119,0,0,1,0.0403,0,8.274803108156163,51106.4,0,0
TX10317,2234.35,Wallet,9,0,89309.19,1161.34,Delhi,Mobile,20,0,0,1,0.025,0,7.712153094339812,88147.85,0,0
TX10476,1820.78,E-commerce,17,3,23886.39,4876.16,Jaipur,Tablet,131,0,0,3,0.0762,0,7.507569324096974,19010.23,0,0
TX12032,1010.71,E-commerce,10,6,76768.14,39727.31,Jaipur,Mobile,180,0,0,1,0.0132,0,6.919397247516064,37040.83,0,1
TX10957,2230.17,Card,16,3,39655.91,46046.25,Lucknow,Tablet,182,0,0,2,0.0562,0,7.710281390543431,-6390.3399999999965,0,0
TX13816,493.21,E-commerce,8,0,68803.91,17537.44,Hyderabad,Desktop,198,0,0,1,0.0072,0,6.202960528072575,51266.47,0,0
TX10813,2109.72,Bank Transfer,16,5,76100.17,15849.8,Bengaluru,Mobile,75,0,0,3,0.0277,0,7.654784400491125,60250.369999999995,0,1
TXF20032,198651.25,E-commerce,19,1,202665.34,1822.5,Ahmedabad,Desktop,28,0,0,2,0.9802,1,12.199311087632163,200842.84,0,0
TX11914,2636.58,Wallet,8,2,64785.05,33208.17,Chennai,Mobile,30,0,0,3,0.0407,0,7.877617109077878,31576.880000000005,0,0
TXF20102,21390.53,E-commerce,4,5,35652.41,3201.74,Lucknow,Desktop,23,1,0,3,0.6,1,9.970750328270146,32450.670000000006,1,1
TX13487,670.94,UPI,15,3,61375.55,34462.6,Delhi,Mobile,139,0,0,4,0.0109,0,6.5101690508226575,26912.950000000004,0,0
TX11297,2933.64,UPI,8,4,78680.89,22763.76,Bengaluru,Desktop,54,0,0,4,0.0373,0,7.984340067158221,55917.130000000005,0,0
TX14030,782.69,Wallet,19,0,8514.74,28484.05,Hyderabad,Laptop,111,0,0,3,0.0919,0,6.664013533992722,-19969.309999999998,0,0
TX11804,1825.96,Wallet,19,0,51316.48,9696.56,Chennai,Mobile,86,0,0,2,0.0356,0,7.510408662323337,41619.920000000006,0,0
TX10758,680.94,Bank Transfer,20,1,52052.85,24667.04,Kolkata,Mobile,35,0,0,2,0.0131,0,6.52494167743371,27385.809999999998,0,0
TX10250,838.3,Card,9,5,23686.48,22676.73,Bengaluru,Mobile,148,0,0,1,0.0354,0,6.732568211088782,1009.75,0,1
TX12461,1783.39,Card,9,1,49368.1,30924.57,Chennai,Mobile,11,0,0,1,0.0361,0,7.486831899113771,18443.53,0,0
TX10545,504.07,Bank Transfer,19,3,66810.45,9341.26,Delhi,Mobile,133,0,0,3,0.0075,0,6.224697033530733,57469.189999999995,0,0
TX13241,1939.11,Card,12,2,31970.73,17777.86,Bengaluru,Tablet,154,0,0,4,0.0607,0,7.570499951480859,14192.869999999999,0,0
TX10738,2803.15,UPI,18,5,101212.46,14491.43,Mumbai,Desktop,16,0,0,2,0.0277,0,7.938855741730807,86721.03,0,1
TX10310,1121.76,Card,11,0,33372.26,41462.88,Bengaluru,Desktop,160,0,0,3,0.0336,0,7.023545218630477,-8090.619999999995,0,0
TX13780,1733.64,E-commerce,10,1,16690.17,23245.1,Hyderabad,Desktop,99,0,0,4,0.1039,0,7.4585551780559625,-6554.93,0,0
TX12941,3593.91,UPI,8,4,53620.69,17221.46,Delhi,Mobile,124,0,0,4,0.067,0,8.187274235071257,36399.23,0,0
TX11131,3092.38,Card,13,5,37928.21,1602.18,Bengaluru,Mobile,14,0,0,2,0.0815,0,8.037019623205238,36326.03,0,1
TX11449,1664.07,Wallet,9,2,74204.97,46447.52,Bengaluru,Tablet,196,0,0,2,0.0224,0,7.417622443572844,27757.450000000004,0,0
TXF20419,112721.81,Bank Transfer,1,4,56360.9,2065.27,Ahmedabad,Laptop,11,1,1,12,2.0,1,11.632687075289518,54295.630000000005,1,0
TX10015,1257.77,Wallet,10,5,6257.89,16333.98,Pune,Mobile,157,0,0,4,0.201,0,7.137890332685097,-10076.09,0,1
TX13232,1330.96,UPI,13,6,75257.3,38387.19,Kolkata,Laptop,42,0,0,4,0.0177,0,7.194406820619394,36870.11,0,1
TX12769,1249.74,UPI,12,2,36398.69,35539.47,Hyderabad,Laptop,26,0,0,2,0.0343,0,7.131490655133474,859.2200000000012,0,0
TX13468,976.25,Wallet,16,6,45513.86,5820.53,Mumbai,Laptop,137,0,0,4,0.0214,0,6.884742504673064,39693.33,0,1
TX10920,448.89,Card,16,1,6579.16,18758.66,Mumbai,Desktop,29,0,0,3,0.0682,0,6.109003108438508,-12179.5,0,0
TX13029,2849.42,UPI,18,3,72300.11,350.77,Delhi,Mobile,143,0,0,2,0.0394,0,7.95522163082609,71949.34,0,0
TX11372,1887.78,Card,20,4,4895.09,17806.11,Delhi,Desktop,141,0,0,4,0.3856,0,7.543686396981655,-12911.02,0,0
TX13587,287.02,UPI,15,4,69398.68,20501.3,Delhi,Mobile,112,0,0,4,0.0041,0,5.663029922169237,48897.37999999999,0,0
TX12544,1742.62,Wallet,19,2,63703.23,32256.72,Delhi,Desktop,125,0,0,4,0.0274,0,7.4637186908192135,31446.510000000002,0,0
TX13598,2737.64,Bank Transfer,10,3,76544.29,10858.89,Chennai,Desktop,96,0,0,4,0.0358,0,7.915216725794534,65685.4,0,0
TX10038,963.88,E-commerce,17,4,53083.55,35180.65,Pune,Desktop,112,0,0,3,0.0182,0,6.8720037412749875,17902.9,0,0
TX10363,1482.92,UPI,13,3,4184.21,16248.15,Mumbai,Mobile,97,0,0,3,0.3544,0,7.302442513918423,-12063.939999999999,0,0
TX14101,2139.37,Card,16,4,90099.1,37758.66,Ahmedabad,Mobile,19,0,0,3,0.0237,0,7.668733990267161,52340.44,0,0
TX10182,626.54,Card,18,4,88047.61,46051.53,Kolkata,Mobile,147,0,0,3,0.0071,0,6.441807413994232,41996.08,0,0
TX13033,636.57,E-commerce,17,4,6924.26,18675.04,Delhi,Mobile,96,0,0,4,0.0919,0,6.45766407492614,-11750.78,0,0
TX12983,3766.2,Card,13,3,18024.62,48312.28,Kolkata,Desktop,142,0,0,4,0.2089,0,8.234087298929344,-30287.66,0,0
TX11194,2865.29,E-commerce,9,3,46279.81,19014.12,Chennai,Laptop,62,0,0,4,0.0619,0,7.960773789591527,27265.69,0,0
TX12852,1065.01,Wallet,19,3,85795.19,25307.77,Mumbai,Laptop,76,0,0,3,0.0124,0,6.971677985544829,60487.42,0,0
TXF20042,89041.29,UPI,18,1,158527.89,2186.81,Pune,Mobile,0,1,1,4,0.5617,1,11.396866704396782,156341.08000000002,0,0
TX11121,199.45,UPI,20,6,51429.92,25113.65,Chennai,Desktop,43,0,0,1,0.0039,0,5.300564839088516,26316.269999999997,0,1
TX12235,339.5,Bank Transfer,10,3,95207.8,42138.96,Bengaluru,Mobile,134,0,0,1,0.0036,0,5.830415125589567,53068.840000000004,0,0
TX12667,1605.18,Bank Transfer,20,3,94431.29,41436.07,Delhi,Laptop,130,0,0,4,0.017,0,7.381613967927367,52995.219999999994,0,0
TX13699,5356.02,Wallet,8,4,33022.39,12300.92,Pune,Desktop,129,0,0,1,0.1622,0,8.586163129306883,20721.47,0,0
TX13223,2334.4,Card,10,2,35368.67,22180.32,Hyderabad,Laptop,155,0,0,4,0.066,0,7.755938461641614,13188.349999999999,0,0
TX11182,366.01,UPI,18,3,11400.5,17809.39,Delhi,Tablet,158,0,0,3,0.0321,0,5.905389095639754,-6408.889999999999,0,0
TX14184,692.18,Card,13,5,77112.61,8511.6,Pune,Laptop,177,0,0,4,0.009,0,6.541289705722982,68601.01,0,1
TX14293,300.35,UPI,11,1,3385.59,7725.01,Bengaluru,Mobile,38,0,0,2,0.0887,0,5.708272379929054,-4339.42,0,0
TX10614,301.24,Wallet,14,4,12153.77,7647.22,Bengaluru,Mobile,177,0,0,1,0.0248,0,5.7112214037532,4506.55,0,0
TXF20408,120659.89,Card,0,5,60329.94,400.21,Pune,Desktop,11,1,1,5,2.0,1,11.700739328065676,59929.73,1,1
TX11466,972.38,UPI,16,2,31129.97,16088.02,Delhi,Mobile,150,0,0,1,0.0312,0,6.880774550650362,15041.95,0,0
TX10401,744.63,E-commerce,16,3,98343.22,16911.1,Mumbai,Tablet,98,0,0,1,0.0076,0,6.614229498613436,81432.12,0,0
TX13042,1277.81,Card,10,4,93054.03,19634.84,Mumbai,Mobile,65,0,0,2,0.0137,0,7.153685236986203,73419.19,0,0
TX10934,2098.79,Wallet,15,5,72908.46,30539.37,Delhi,Desktop,193,0,0,2,0.0288,0,7.649592618711181,42369.09000000001,0,1
TX12419,4885.22,E-commerce,14,1,69783.84,2333.94,Mumbai,Desktop,8,0,0,2,0.07,0,8.49417427741065,67449.9,0,0
TXF20360,53742.56,Bank Transfer,0,2,26871.28,1263.54,Lucknow,Laptop,5,1,1,8,2.0,1,10.891979124858155,25607.739999999998,1,0
TXF20410,131217.9,UPI,1,4,65608.95,1746.64,Ahmedabad,Mobile,6,1,1,5,2.0,1,11.784622199995267,63862.31,1,0
TX12641,2116.78,Bank Transfer,18,5,44220.87,45559.68,Pune,Mobile,133,0,0,2,0.0479,0,7.658123649189367,-1338.8099999999977,0,1
TX14017,916.96,Bank Transfer,14,1,95378.02,30576.35,Chennai,Desktop,171,0,0,4,0.0096,0,6.822153816686411,64801.670000000006,0,0
TX10726,857.12,Wallet,11,1,16725.86,1369.84,Delhi,Mobile,75,0,0,1,0.0512,0,6.754743949848305,15356.02,0,0
TX10826,1189.73,UPI,20,2,36325.24,18649.79,Jaipur,Mobile,12,0,0,3,0.0328,0,7.082321843403024,17675.449999999997,0,0
TX11521,1018.95,Bank Transfer,9,1,96753.87,21412.54,Ahmedabad,Mobile,30,0,0,4,0.0105,0,6.927508885468973,75341.32999999999,0,0
TXF20356,145749.62,UPI,4,2,72874.81,4470.54,Ahmedabad,Tablet,22,1,1,7,2.0,1,11.889652358063039,68404.27,1,0
TX12930,1982.19,Bank Transfer,11,4,85343.71,3706.36,Bengaluru,Mobile,109,0,0,2,0.0232,0,7.592461938352479,81637.35,0,0
TX10136,1080.08,Wallet,16,3,2709.77,23486.17,Mumbai,Mobile,172,0,0,2,0.3986,0,6.9857158204513485,-20776.399999999998,0,0
TX13590,10043.68,Card,10,3,67202.23,20583.61,Mumbai,Mobile,166,0,0,1,0.1495,0,9.214798420096503,46618.619999999995,0,0
TX10628,2222.72,Card,16,0,56323.55,24940.84,Pune,Mobile,76,0,0,2,0.0395,0,7.706936748163917,31382.710000000003,0,0
TX10334,3416.61,E-commerce,14,6,73170.66,7779.41,Pune,Laptop,53,0,0,2,0.0467,0,8.136696755351503,65391.25,0,1
TX10390,899.88,Card,19,1,4703.59,4021.07,Delhi,Desktop,21,0,0,1,0.1913,0,6.80337206338877,682.52,0,0
TX14387,384.93,E-commerce,16,0,98719.06,16508.77,Pune,Laptop,100,0,0,1,0.0039,0,5.955656005869189,82210.29,0,0
TXF20404,146435.25,Bank Transfer,2,1,228902.13,3234.3,Chennai,Desktop,22,1,1,8,0.6397,1,11.894345459148845,225667.83000000002,1,0
TX13832,451.44,Wallet,12,6,2560.31,29624.27,Bengaluru,Desktop,58,0,0,1,0.1763,0,6.11465515766318,-27063.96,0,1
TX11817,1340.84,UPI,16,1,26545.44,49401.9,Delhi,Desktop,82,0,0,4,0.0505,0,7.2017970853865,-22856.460000000003,0,0
TX10400,651.23,Card,8,1,87893.69,11038.78,Pune,Mobile,122,0,0,4,0.0074,0,6.480397260457409,76854.91,0,0
TX10710,458.37,Bank Transfer,9,4,60027.62,605.55,Delhi,Mobile,82,0,0,1,0.0076,0,6.129855985554125,59422.07,0,0
TX11039,321.03,Bank Transfer,8,3,100210.84,16399.3,Hyderabad,Mobile,15,0,0,4,0.0032,0,5.774644708906431,83811.54,0,0
TX13989,501.75,Card,10,6,43388.83,32271.37,Chennai,Desktop,157,0,0,1,0.0116,0,6.220093028652761,11117.460000000003,0,1
TX13359,919.24,Card,15,0,16295.35,28887.79,Pune,Mobile,137,0,0,3,0.0564,0,6.824634505587754,-12592.44,0,0
TX10046,1753.7,Bank Transfer,14,1,11237.53,41781.59,Mumbai,Mobile,38,0,0,3,0.1561,0,7.470053181117089,-30544.059999999998,0,0
TX11561,690.01,E-commerce,8,5,43150.42,2092.13,Bengaluru,Mobile,145,0,0,1,0.016,0,6.538154295442983,41058.29,0,1
TXF20299,8459.77,UPI,14,3,26890.55,4181.55,Bengaluru,Mobile,25,0,0,25,0.3146,1,9.043195465006978,22709.0,0,0
TX13642,2494.19,E-commerce,16,2,80600.43,23946.08,Bengaluru,Mobile,176,0,0,4,0.0309,0,7.822120157590788,56654.34999999999,0,0
TX13726,2986.56,E-commerce,11,1,7267.34,30315.91,Pune,Mobile,5,0,0,3,0.411,0,8.0022122797201,-23048.57,0,0
TXF20482,96609.25,E-commerce,2,4,190098.87,4735.58,Delhi,Laptop,3,1,1,22,0.5082,1,11.478440122232046,185363.29,1,0
TX11112,658.62,Wallet,18,6,46761.82,17625.85,Mumbai,Desktop,170,0,0,3,0.0141,0,6.491663911632672,29135.97,0,1
TX12513,758.23,E-commerce,10,6,53014.17,18304.42,Delhi,Desktop,92,0,0,3,0.0143,0,6.632304761794251,34709.75,0,1
TX13608,2130.54,Bank Transfer,11,6,89206.03,28988.93,Chennai,Tablet,186,0,0,3,0.0239,0,7.664600002156324,60217.1,0,1
TX11223,812.52,E-commerce,8,0,54041.61,8152.23,Pune,Laptop,80,0,0,2,0.015,0,6.701370511482882,45889.380000000005,0,0
TX14060,498.41,Bank Transfer,8,0,53983.64,5801.0,Chennai,Mobile,186,0,0,2,0.0092,0,6.213427401674029,48182.64,0,0
TX13023,485.37,Bank Transfer,15,0,85358.55,18446.14,Delhi,Desktop,142,0,0,1,0.0057,0,6.186969651118235,66912.41,0,0
TX12421,646.91,Wallet,17,4,11560.64,41150.13,Ahmedabad,Laptop,179,0,0,2,0.056,0,6.473751797817431,-29589.489999999998,0,0
TX11508,1395.99,Card,13,2,44061.12,17172.42,Bengaluru,Mobile,173,0,0,3,0.0317,0,7.242075201035207,26888.700000000004,0,0
TX11750,1905.27,E-commerce,20,0,19195.84,48419.52,Pune,Mobile,152,0,0,3,0.0993,0,7.552903732103962,-29223.679999999997,0,0
TXF20337,54394.75,UPI,3,0,69714.68,369.94,Ahmedabad,Mobile,11,1,1,14,0.7802,1,10.904041304792118,69344.73999999999,1,0
TX14096,742.68,Wallet,8,0,27764.42,17309.2,Hyderabad,Mobile,176,0,0,4,0.0267,0,6.611610834783437,10455.219999999998,0,0
TX11799,1541.11,Card,17,2,88308.76,33496.49,Delhi,Mobile,5,0,0,4,0.0175,0,7.340906887506356,54812.27,0,0
TX10338,671.67,E-commerce,12,0,89602.1,47787.01,Kolkata,Desktop,189,0,0,4,0.0075,0,6.511254867634554,41815.090000000004,0,0
TX10215,579.68,Card,20,6,83726.31,48254.84,Delhi,Mobile,24,0,0,3,0.0069,0,6.364199830593227,35471.47,0,1
TX13663,564.5,UPI,13,1,39586.46,31167.43,Delhi,Tablet,104,0,0,2,0.0143,0,6.3377102955561755,8419.029999999999,0,0
TX11341,2486.98,E-commerce,11,4,12738.74,2298.89,Bengaluru,Mobile,197,0,0,1,0.1952,0,7.819226415241552,10439.85,0,0
TX10011,868.39,Bank Transfer,8,4,13511.19,24809.33,Bengaluru,Mobile,150,0,0,3,0.0643,0,6.767791816303125,-11298.140000000001,0,0
TX11520,330.56,E-commerce,15,1,97074.04,35784.74,Mumbai,Mobile,72,0,0,2,0.0034,0,5.803808788723326,61289.299999999996,0,0
TX13640,614.9,UPI,11,2,7586.97,48746.14,Delhi,Laptop,69,0,0,2,0.081,0,6.423084612692998,-41159.17,0,0
TX13937,727.42,Bank Transfer,17,1,72142.86,44111.18,Jaipur,Mobile,131,0,0,1,0.0101,0,6.59087780491747,28031.68,0,0
TX14427,462.1,Bank Transfer,8,6,22756.42,3687.78,Chennai,Tablet,103,0,0,4,0.0203,0,6.137943013486706,19068.64,0,1
TX13004,793.68,UPI,14,5,26452.75,25918.32,Delhi,Desktop,32,0,0,1,0.03,0,6.677939517899863,534.4300000000003,0,1
TX12864,800.51,Card,20,5,68363.65,27121.16,Ahmedabad,Mobile,170,0,0,2,0.0117,0,6.686497448578138,41242.48999999999,0,1
TX13115,1730.89,Wallet,11,4,87597.11,19629.77,Delhi,Desktop,8,0,0,3,0.0198,0,7.4569685767129,67967.34,0,0
TXF20340,38377.96,Card,0,5,19188.98,3892.34,Bengaluru,Desktop,22,1,1,9,2.0,1,10.555264671747961,15296.64,1,1
TX12322,3276.28,E-commerce,14,1,76960.59,33223.2,Delhi,Desktop,194,0,0,3,0.0426,0,8.094769089052345,43737.39,0,0
TX12571,4414.96,Wallet,18,4,70874.13,42641.68,Mumbai,Laptop,42,0,0,4,0.0623,0,8.392980529944893,28232.450000000004,0,0
TX12913,949.85,UPI,12,6,52857.94,36827.27,Bengaluru,Laptop,155,0,0,2,0.018,0,6.857356321398285,16030.670000000006,0,1
TX10101,2037.97,E-commerce,9,3,51453.75,23726.24,Jaipur,Desktop,54,0,0,2,0.0396,0,7.620200057371562,27727.51,0,0
TX13549,2843.92,Bank Transfer,10,2,81395.85,33967.79,Hyderabad,Desktop,193,0,0,2,0.0349,0,7.953290226657162,47428.060000000005,0,0
TX11458,1313.71,UPI,9,6,87138.01,4958.61,Kolkata,Mobile,197,0,0,2,0.0151,0,7.181371387971645,82179.4,0,1
TX10171,1163.6,Wallet,17,3,87468.79,47481.08,Bengaluru,Laptop,16,0,0,3,0.0133,0,7.0601329594030195,39987.70999999999,0,0
TX10107,678.46,E-commerce,10,2,94731.37,28816.16,Jaipur,Mobile,68,0,0,1,0.0072,0,6.521298365044646,65915.20999999999,0,0
TX14196,706.77,Card,17,2,35059.18,15974.81,Hyderabad,Tablet,73,0,0,1,0.0202,0,6.562119182158621,19084.370000000003,0,0
TX13569,251.05,Bank Transfer,16,0,89275.58,30473.51,Chennai,Laptop,97,0,0,3,0.0028,0,5.52962748052864,58802.07000000001,0,0
TXF20491,165049.17,UPI,1,4,178784.31,419.78,Chennai,Mobile,7,1,1,23,0.9232,1,12.01400476727172,178364.53,1,0
TX14295,1281.74,Card,16,4,9529.81,9665.79,Bengaluru,Tablet,13,0,0,4,0.1345,0,7.156753694040372,-135.98000000000138,0,0
TX14063,634.35,Wallet,13,6,35924.86,4732.97,Mumbai,Laptop,38,0,0,3,0.0177,0,6.454176028150544,31191.89,0,1
TX13861,479.3,Bank Transfer,16,5,94572.64,10165.06,Kolkata,Desktop,47,0,0,4,0.0051,0,6.174410908670779,84407.58,0,1
TX14122,820.34,Bank Transfer,11,6,86501.83,8454.41,Kolkata,Mobile,55,0,0,1,0.0095,0,6.710937152835476,78047.42,0,1
TXF20129,21023.48,UPI,2,6,131125.56,517.72,Chennai,Mobile,7,1,0,5,0.1603,1,9.953442752073942,130607.84,1,1
TX10060,1386.39,Bank Transfer,14,1,2390.02,8124.32,Pune,Desktop,36,0,0,3,0.5801,0,7.2351795631985425,-5734.299999999999,0,0
TX11240,1271.74,UPI,15,0,83687.42,27853.92,Delhi,Mobile,183,0,0,4,0.0152,0,7.1489273357490255,55833.5,0,0
TXF20137,26580.57,Card,1,0,66721.68,912.99,Chennai,Desktop,22,1,0,1,0.3984,1,10.187973397490497,65808.68999999999,1,0
TX11040,2009.08,UPI,8,2,87882.4,49881.65,Delhi,Mobile,21,0,0,4,0.0229,0,7.605929801256107,38000.74999999999,0,0
TX14187,1302.37,UPI,19,0,95929.59,35624.0,Bengaluru,Desktop,10,0,0,4,0.0136,0,7.172708496907904,60305.59,0,0
TX12760,1144.18,Card,13,5,73772.75,21858.81,Bengaluru,Laptop,166,0,0,3,0.0155,0,7.043317108873066,51913.94,0,1
TX12120,770.1,Card,18,6,41372.46,32492.78,Bengaluru,Mobile,199,0,0,2,0.0186,0,6.647818066838915,8879.68,0,1
TX11524,888.8,E-commerce,17,4,1482.67,2059.33,Kolkata,Mobile,92,0,0,3,0.5995,0,6.790996718371941,-576.6599999999999,0,0
TX13521,285.15,E-commerce,17,3,94346.61,14754.45,Hyderabad,Tablet,158,0,0,1,0.003,0,5.656516148855111,79592.16,0,0
TX10153,4746.52,Bank Transfer,16,4,9745.78,1415.71,Pune,Laptop,47,0,0,3,0.487,0,8.465377655421117,8330.07,0,0
TX12248,1403.06,Wallet,8,5,23319.82,43095.09,Ahmedabad,Laptop,115,0,0,1,0.0602,0,7.247123318715375,-19775.269999999997,0,1
TX10481,4069.57,Bank Transfer,9,3,73466.97,49563.67,Delhi,Laptop,192,0,0,4,0.0554,0,8.311538317770724,23903.300000000003,0,0
TX14233,459.73,Bank Transfer,17,6,43374.68,6637.63,Bengaluru,Tablet,86,0,0,4,0.0106,0,6.132812188120009,36737.05,0,1
TX14305,496.18,UPI,20,1,33431.09,28192.78,Delhi,Mobile,84,0,0,3,0.0148,0,6.208952133566035,5238.309999999998,0,0
TX13578,266.55,E-commerce,14,2,95053.0,23246.87,Delhi,Mobile,136,0,0,4,0.0028,0,5.589306464757314,71806.13,0,0
TX14125,3510.91,Bank Transfer,17,0,40905.93,35476.81,Hyderabad,Mobile,121,0,0,4,0.0858,0,8.163915328002954,5429.120000000003,0,0
TX13562,1798.04,E-commerce,8,1,34103.02,19117.36,Chennai,Mobile,160,0,0,3,0.0527,0,7.495008468278113,14985.659999999996,0,0
TX13315,4264.58,Card,11,4,24833.73,21544.29,Pune,Laptop,115,0,0,3,0.1717,0,8.35833344130123,3289.4399999999987,0,0
TX11762,1986.18,Bank Transfer,12,4,13135.58,39056.9,Pune,Mobile,183,0,0,3,0.1512,0,7.594471827276275,-25921.32,0,0
TX13538,2911.55,Wallet,8,2,89074.13,41100.17,Delhi,Laptop,192,0,0,4,0.0327,0,7.976784265108573,47973.96000000001,0,0
TXF20303,6874.14,Card,16,2,58659.51,195.66,Lucknow,Mobile,27,1,0,12,0.1172,1,8.8356672859638,58463.85,0,0
TX10750,9094.95,Bank Transfer,20,5,32256.05,48205.04,Delhi,Desktop,106,0,0,1,0.282,0,9.11558453849354,-15948.990000000002,0,1
TX13619,2202.53,UPI,14,0,19094.26,2203.31,Mumbai,Laptop,196,0,0,4,0.1154,0,7.697815898893243,16890.949999999997,0,0
TX11785,193.01,UPI,13,3,81890.66,21660.16,Mumbai,Mobile,46,0,0,4,0.0024,0,5.267909704126611,60230.5,0,0
TX14270,2019.32,Wallet,14,2,98432.69,46542.49,Kolkata,Mobile,20,0,0,1,0.0205,0,7.61101119369037,51890.200000000004,0,0
TX13383,763.45,UPI,19,5,3560.46,6755.72,Bengaluru,Desktop,6,0,0,4,0.2144,0,6.639156621006623,-3195.26,0,1
TX14348,1031.71,Wallet,20,2,71330.75,49321.29,Delhi,Mobile,56,0,0,2,0.0145,0,6.939941693984789,22009.46,0,0
TX10405,1207.16,Card,17,1,8890.9,1629.56,Chennai,Tablet,150,0,0,3,0.1358,0,7.096853820055116,7261.34,0,0
TX10757,1052.46,UPI,18,0,29987.92,10240.83,Hyderabad,Desktop,25,0,0,1,0.0351,0,6.959835263847573,19747.089999999997,0,0
TX12711,834.04,UPI,8,2,94178.81,32894.16,Bengaluru,Desktop,176,0,0,4,0.0089,0,6.727479627895103,61284.649999999994,0,0
TX12670,1237.84,Bank Transfer,20,3,81931.87,14545.94,Chennai,Laptop,38,0,0,2,0.0151,0,7.121930736889997,67385.93,0,0
TX13983,1321.64,UPI,15,4,56441.04,275.19,Hyderabad,Mobile,176,0,0,1,0.0234,0,7.18738501824309,56165.85,0,0
TX10097,1516.23,Wallet,19,2,97025.33,36921.06,Pune,Mobile,126,0,0,4,0.0156,0,7.324641582885799,60104.270000000004,0,0
TX11333,670.95,Card,13,5,23734.83,33359.45,Bengaluru,Desktop,61,0,0,1,0.0283,0,6.5101839329930735,-9624.619999999995,0,1
TX14451,1209.77,UPI,19,6,46605.69,7539.58,Jaipur,Desktop,170,0,0,4,0.026,0,7.099011799833671,39066.11,0,1
TX12791,1130.98,Wallet,8,4,94819.26,18972.0,Kolkata,Mobile,67,0,0,1,0.0119,0,7.031723590762527,75847.26,0,0
TX12854,2167.38,Wallet,12,2,19058.41,17632.66,Mumbai,Desktop,169,0,0,2,0.1137,0,7.681735623953129,1425.75,0,0
TX10186,326.31,UPI,10,6,46848.51,37398.8,Mumbai,Desktop,101,0,0,4,0.007,0,5.790907734049872,9449.71,0,1
TX14003,1039.39,UPI,16,5,20700.71,17868.87,Mumbai,Mobile,8,0,0,4,0.0502,0,6.947350921840491,2831.84,0,1
TX12723,1046.95,UPI,17,5,73671.6,34936.03,Bengaluru,Mobile,148,0,0,2,0.0142,0,6.954591153819169,38735.57000000001,0,1
TX13583,415.66,UPI,18,0,90603.65,4584.93,Bengaluru,Mobile,11,0,0,4,0.0046,0,6.032270541500236,86018.72,0,0
TX12058,597.54,Bank Transfer,8,3,77938.16,3868.8,Ahmedabad,Desktop,51,0,0,4,0.0077,0,6.394493356515796,74069.36,0,0
TX11319,1729.88,UPI,18,6,14602.29,43769.17,Jaipur,Desktop,178,0,0,4,0.1185,0,7.456385228683062,-29166.879999999997,0,1
TX10148,597.46,Bank Transfer,18,1,98049.74,49311.92,Mumbai,Laptop,195,0,0,1,0.0061,0,6.394359689013509,48737.82000000001,0,0
TX10028,1175.72,Wallet,20,3,32954.14,25477.68,Mumbai,Mobile,115,0,0,3,0.0357,0,7.070486186011087,7476.459999999999,0,0
TX14140,1896.51,E-commerce,10,1,60360.4,27691.74,Bengaluru,Tablet,16,0,0,3,0.0314,0,7.5482977793481245,32668.66,0,0
TX14009,323.76,E-commerce,11,1,58711.99,26151.47,Ahmedabad,Desktop,36,0,0,2,0.0055,0,5.783086447994246,32560.519999999997,0,0
TX13363,4098.2,Wallet,8,5,50161.7,28509.83,Pune,Desktop,10,0,0,4,0.0817,0,8.318547111702415,21651.869999999995,0,1
TX10692,356.01,Card,20,0,61628.63,14106.09,Bengaluru,Mobile,112,0,0,4,0.0058,0,5.877763792591814,47522.53999999999,0,0
TX12866,1733.6,Card,13,0,67027.77,42828.63,Ahmedabad,Mobile,43,0,0,4,0.0259,0,7.458532118250355,24199.140000000007,0,0
TX13776,3028.1,Wallet,16,3,49994.54,40620.46,Hyderabad,Tablet,164,0,0,1,0.0606,0,8.016020824678385,9374.080000000002,0,0
TX11386,397.01,E-commerce,12,1,27642.37,10012.36,Chennai,Mobile,123,0,0,4,0.0144,0,5.986477130596935,17630.01,0,0
TX11845,791.94,Bank Transfer,17,4,72931.62,5148.16,Kolkata,Laptop,67,0,0,4,0.0109,0,6.675747556729456,67783.45999999999,0,0
TXF20230,47625.93,E-commerce,9,2,23812.97,4172.25,Ahmedabad,Laptop,21,0,1,1,2.0,1,10.771153636542273,19640.72,0,0
TX10129,848.01,Card,15,3,62860.71,5146.02,Bengaluru,Laptop,135,0,0,2,0.0135,0,6.744070964804996,57714.69,0,0
TX11599,322.35,Bank Transfer,9,6,23541.31,3017.05,Pune,Desktop,20,0,0,1,0.0137,0,5.778735327892602,20524.260000000002,0,1
TX13629,1613.28,Card,17,5,92719.22,840.03,Pune,Desktop,117,0,0,4,0.0174,0,7.386644315815845,91879.19,0,1
TXF20003,95045.47,UPI,20,5,266170.52,4846.65,Bengaluru,Desktop,23,0,1,3,0.3571,1,11.462121208878692,261323.87000000002,0,1
TX10701,326.7,Wallet,12,2,91133.99,35730.23,Delhi,Mobile,97,0,0,4,0.0036,0,5.792098555704769,55403.76,0,0
TX13982,2524.38,Card,14,2,97876.97,33800.2,Mumbai,Laptop,33,0,0,1,0.0258,0,7.834146825435721,64076.770000000004,0,0
TX13028,1163.39,Card,16,6,94524.39,40320.22,Mumbai,Laptop,151,0,0,2,0.0123,0,7.05995262372054,54204.17,0,1
TX12969,1177.93,Bank Transfer,16,3,32823.95,41011.42,Mumbai,Tablet,85,0,0,2,0.0359,0,7.072362526425315,-8187.470000000001,0,0
TX14356,922.73,Card,19,6,76910.78,4969.2,Bengaluru,Desktop,61,0,0,3,0.012,0,6.828419821148461,71941.58,0,1
TX11708,1619.45,Card,16,6,66529.99,6504.66,Kolkata,Tablet,79,0,0,4,0.0243,0,7.3904591674311035,60025.33,0,1
TX12953,729.77,Card,18,5,11749.36,33273.91,Delhi,Laptop,21,0,0,2,0.0621,0,6.59409877275812,-21524.550000000003,0,1
TX10454,148.48,Wallet,17,5,3199.87,17128.27,Hyderabad,Mobile,79,0,0,3,0.0464,0,5.0071626046172835,-13928.400000000001,0,1
TX12868,898.58,Wallet,13,6,9183.67,39427.14,Hyderabad,Tablet,61,0,0,3,0.0978,0,6.801927987734866,-30243.47,0,1
TX12040,1363.67,Wallet,19,2,34897.74,37247.66,Chennai,Mobile,122,0,0,4,0.0391,0,7.218667920149067,-2349.9200000000055,0,0
TX11772,535.36,UPI,17,6,2718.18,45487.26,Pune,Desktop,34,0,0,1,0.197,0,6.284805577411442,-42769.08,0,1
TX12315,318.76,Wallet,20,6,79328.3,17613.68,Delhi,Mobile,15,0,0,1,0.004,0,5.767570714403068,61714.62,0,1
TX10609,2224.39,Card,8,0,4895.82,33223.11,Delhi,Mobile,29,0,0,2,0.4543,0,7.707687460139315,-28327.29,0,0
TX10167,3277.73,E-commerce,10,6,17346.69,825.78,Mumbai,Laptop,42,0,0,2,0.189,0,8.095211431276851,16520.91,0,1
TX10730,408.51,Bank Transfer,15,6,99218.09,22754.68,Lucknow,Tablet,198,0,0,3,0.0041,0,6.014961323019381,76463.41,0,1
TX14248,1786.81,E-commerce,12,3,31358.4,46558.33,Bengaluru,Desktop,16,0,0,2,0.057,0,7.48874668610494,-15199.93,0,0
TX13358,188.23,E-commerce,13,5,89388.01,8377.31,Hyderabad,Desktop,20,0,0,2,0.0021,0,5.242963206415959,81010.7,0,1
TX12074,281.03,Card,9,6,74092.09,22725.47,Mumbai,Desktop,25,0,0,2,0.0038,0,5.642013448258569,51366.619999999995,0,1
TX14039,733.92,E-commerce,18,5,84777.04,18082.87,Chennai,Tablet,83,0,0,2,0.0087,0,6.599761649751534,66694.17,0,1
TX13700,423.62,UPI,16,2,18555.95,43664.48,Mumbai,Tablet,30,0,0,1,0.0228,0,6.051194651315749,-25108.530000000002,0,0
TX11622,1370.15,Wallet,19,6,29911.74,9296.64,Mumbai,Desktop,147,0,0,2,0.0458,0,7.223405082767938,20615.100000000002,0,1
TX10587,763.12,Bank Transfer,19,5,79730.31,25911.73,Hyderabad,Laptop,166,0,0,2,0.0096,0,6.638724844895451,53818.58,0,1
TX11401,582.47,Card,17,3,41945.39,10563.54,Delhi,Mobile,14,0,0,3,0.0139,0,6.368993036523124,31381.85,0,0
TX13045,883.41,Card,14,2,46307.26,46929.56,Mumbai,Tablet,64,0,0,2,0.0191,0,6.784920756020226,-622.2999999999956,0,0
TX13224,1021.78,UPI,15,6,63239.52,27255.58,Pune,Desktop,63,0,0,1,0.0162,0,6.930279689060809,35983.939999999995,0,1
TX11700,643.24,Card,20,4,12326.74,2560.52,Hyderabad,Mobile,134,0,0,3,0.0522,0,6.46807132748729,9766.22,0,0
TX13088,345.45,Bank Transfer,18,3,15584.78,32726.12,Delhi,Mobile,114,0,0,1,0.0222,0,5.84773850807339,-17141.339999999997,0,0
TX14390,1486.85,E-commerce,13,6,77656.8,26206.58,Delhi,Desktop,30,0,0,1,0.0191,0,7.305087403860113,51450.22,0,1
TX12981,61.51,Card,17,0,17447.18,35951.16,Hyderabad,Mobile,169,0,0,1,0.0035,0,4.135326543943721,-18503.980000000003,0,0
TX10040,236.27,UPI,13,2,29077.9,1940.66,Mumbai,Desktop,149,0,0,1,0.0081,0,5.469198733199436,27137.24,0,0
TX11379,1068.68,Card,18,3,59759.05,47079.56,Bengaluru,Desktop,178,0,0,1,0.0179,0,6.97511481730641,12679.490000000005,0,0
TX12089,181.35,Bank Transfer,10,3,22100.62,40574.12,Bengaluru,Laptop,43,0,0,4,0.0082,0,5.205927917254689,-18473.500000000004,0,0
TX12175,1489.39,Bank Transfer,14,5,85128.77,2278.68,Mumbai,Mobile,179,0,0,4,0.0175,0,7.30679310965671,82850.09000000001,0,1
TX13217,2556.11,UPI,16,0,26485.52,6972.64,Pune,Mobile,167,0,0,4,0.0965,0,7.846632993528971,19512.88,0,0
TX12885,1688.86,Bank Transfer,19,4,25300.06,26786.57,Bengaluru,Mobile,75,0,0,4,0.0668,0,7.432400964248991,-1486.5099999999984,0,0
TX10074,767.23,Card,16,5,18131.76,27884.38,Mumbai,Mobile,44,0,0,2,0.0423,0,6.644089167479405,-9752.620000000003,0,1
TX13909,440.87,Card,16,2,18679.21,46229.06,Kolkata,Tablet,60,0,0,4,0.0236,0,6.091015721169561,-27549.85,0,0
TXF20464,177629.76,UPI,4,5,207091.64,528.21,Mumbai,Desktop,24,1,1,10,0.8577,1,12.087462292741328,206563.43000000002,1,1
TX12657,1712.5,E-commerce,17,5,96455.98,6883.04,Pune,Mobile,134,0,0,4,0.0178,0,7.4462933413146635,89572.94,0,1
TX13180,752.5,Wallet,16,6,61106.58,30355.22,Ahmedabad,Desktop,166,0,0,3,0.0123,0,6.62472901806655,30751.36,0,1
TX12076,880.21,Bank Transfer,9,5,51442.0,15865.2,Pune,Mobile,55,0,0,4,0.0171,0,6.781295963025396,35576.8,0,1
TX10441,2834.51,UPI,12,5,42524.02,32596.53,Kolkata,Desktop,34,0,0,2,0.0667,0,7.949977094162729,9927.489999999998,0,1
TX14051,496.85,E-commerce,12,5,10432.48,17408.16,Pune,Desktop,137,0,0,4,0.0476,0,6.2102988268340935,-6975.68,0,1
TX12051,1529.45,UPI,9,3,82510.87,14805.6,Mumbai,Mobile,18,0,0,3,0.0185,0,7.333317088789424,67705.26999999999,0,0
TX12541,1032.83,UPI,16,1,88451.61,16535.97,Hyderabad,Mobile,21,0,0,2,0.0117,0,6.941025631493532,71915.64,0,0
TX13306,776.01,UPI,17,2,23165.13,539.86,Bengaluru,Tablet,11,0,0,1,0.0335,0,6.6554532202977,22625.27,0,0
TX11301,960.54,Card,10,5,17571.88,32939.3,Pune,Laptop,46,0,0,1,0.0547,0,6.868536165827575,-15367.420000000002,0,1
TX11781,498.88,E-commerce,19,6,84871.96,22349.74,Chennai,Tablet,28,0,0,2,0.0059,0,6.214368069617583,62522.22,0,1
TXF20314,17184.68,Card,14,3,146372.59,3503.66,Mumbai,Desktop,29,0,0,25,0.1174,1,9.751831757892997,142868.93,0,0
TX13430,623.07,Card,12,1,3591.6,19250.32,Delhi,Laptop,173,0,0,2,0.1735,0,6.436262541564959,-15658.72,0,0
TX11304,621.9,Wallet,12,3,65621.13,3166.17,Chennai,Laptop,27,0,0,1,0.0095,0,6.4343859922601,62454.96000000001,0,0
TX10236,2198.84,E-commerce,8,2,71746.71,27181.95,Delhi,Desktop,180,0,0,4,0.0306,0,7.696139909428924,44564.76000000001,0,0
TX12599,523.61,E-commerce,9,5,87912.42,35275.07,Mumbai,Desktop,92,0,0,1,0.006,0,6.262655129393678,52637.35,0,1
TX10520,671.34,UPI,9,1,70041.39,3208.36,Delhi,Desktop,119,0,0,2,0.0096,0,6.510764164953352,66833.03,0,0
TX12573,281.09,Card,15,5,59988.2,4600.77,Mumbai,Desktop,195,0,0,1,0.0047,0,5.642226168957095,55387.42999999999,0,1
TX13280,907.57,Bank Transfer,10,2,17899.6,49104.03,Pune,Desktop,145,0,0,3,0.0507,0,6.811871934950575,-31204.43,0,0
TX13186,1036.22,Wallet,15,4,14516.56,48782.69,Bengaluru,Mobile,192,0,0,3,0.0714,0,6.94429933616275,-34266.130000000005,0,0
TX12768,500.98,Wallet,18,2,100201.54,21335.24,Hyderabad,Mobile,64,0,0,3,0.005,0,6.21856027826062,78866.29999999999,0,0
TX10735,815.65,E-commerce,20,0,76558.9,22980.3,Delhi,Mobile,9,0,0,3,0.0107,0,6.705210606499148,53578.59999999999,0,0
TXF20203,42792.45,UPI,12,1,103351.03,437.4,Delhi,Mobile,12,0,1,4,0.414,1,10.664140332475295,102913.63,0,0
TXF20429,135950.06,Card,0,2,67975.03,1503.1,Jaipur,Mobile,0,1,1,18,2.0,1,11.820050247014406,66471.93,1,0
TX12106,807.58,E-commerce,17,3,95155.57,46593.4,Delhi,Tablet,53,0,0,1,0.0085,0,6.695279622792442,48562.170000000006,0,0
TX12679,1058.47,Wallet,20,4,10496.13,29578.61,Mumbai,Desktop,72,0,0,2,0.1008,0,6.96552406206443,-19082.480000000003,0,0
TX13229,1225.48,Wallet,14,5,76190.92,37963.83,Pune,Tablet,71,0,0,4,0.0161,0,7.111903557002199,38227.09,0,1
TX12761,2191.26,UPI,10,3,65379.7,17094.74,Delhi,Mobile,118,0,0,3,0.0335,0,7.6926882541726105,48284.95999999999,0,0
TX10592,2912.67,Bank Transfer,8,1,15187.12,20554.25,Chennai,Mobile,78,0,0,3,0.1918,0,7.977168733945588,-5367.129999999999,0,0
TX11303,284.33,Wallet,14,4,42059.48,19424.99,Delhi,Mobile,141,0,0,4,0.0068,0,5.653646405162403,22634.49,0,0
TX11387,1379.62,E-commerce,13,1,26441.89,15390.13,Bengaluru,Mobile,32,0,0,1,0.0522,0,7.230287952619612,11051.76,0,0
TXF20195,52812.2,Wallet,16,1,26406.1,290.32,Ahmedabad,Desktop,29,0,1,2,2.0,1,10.874516438449561,26115.78,0,0
TXF20026,113435.4,Card,19,0,56717.7,1539.72,Ahmedabad,Laptop,10,1,1,4,2.0,1,11.638997606424594,55177.979999999996,0,0
TX13947,1724.18,UPI,20,3,88178.92,29851.93,Hyderabad,Laptop,175,0,0,4,0.0196,0,7.453086671847691,58326.99,0,0
TX11890,405.19,Wallet,16,2,20575.38,16008.98,Ahmedabad,Mobile,39,0,0,1,0.0197,0,6.006821030428672,4566.4000000000015,0,0
TX12987,964.78,Wallet,18,3,69758.26,1015.95,Delhi,Mobile,88,0,0,4,0.0138,0,6.872936065003859,68742.31,0,0
TXF20424,102319.17,Card,4,5,185901.01,2819.62,Ahmedabad,Mobile,16,1,1,13,0.5504,1,11.535862097705605,183081.39,1,1
TX13297,498.84,E-commerce,17,1,34738.06,35523.78,Lucknow,Mobile,37,0,0,3,0.0144,0,6.214288047211267,-785.7200000000012,0,0
TX10904,457.89,UPI,8,5,79185.35,36748.75,Hyderabad,Desktop,130,0,0,4,0.0058,0,6.128810529923434,42436.600000000006,0,1
TXF20109,28819.42,Wallet,2,6,61348.5,2519.65,Jaipur,Laptop,21,1,0,2,0.4698,1,10.26883944266037,58828.85,1,1
TX11279,463.94,Card,16,1,68842.01,15830.45,Bengaluru,Desktop,8,0,0,2,0.0067,0,6.141908365003914,53011.56,0,0
TX10933,882.43,Card,16,0,65908.66,13443.36,Mumbai,Laptop,130,0,0,2,0.0134,0,6.783812058286963,52465.3,0,0
TXF20399,90275.33,Bank Transfer,2,3,45137.67,968.58,Jaipur,Mobile,30,1,1,15,2.0,1,11.410630578798141,44169.09,1,0
TX12308,2820.85,E-commerce,16,5,31702.66,12036.63,Bengaluru,Mobile,176,0,0,3,0.089,0,7.94514797720841,19666.03,0,1
TX11555,1761.73,Wallet,9,3,9713.87,5397.4,Mumbai,Mobile,60,0,0,4,0.1814,0,7.474619022626403,4316.470000000001,0,0
TXF20033,167584.88,E-commerce,18,5,85815.07,4177.7,Delhi,Desktop,24,0,1,4,1.9529,1,12.029251215271016,81637.37000000001,0,1
TX13190,6407.18,Card,12,4,56919.84,24641.38,Delhi,Mobile,112,0,0,1,0.1126,0,8.765330578241322,32278.459999999995,0,0
TX14441,1112.74,UPI,9,4,78631.88,7642.98,Kolkata,Mobile,32,0,0,1,0.0142,0,7.015479000069065,70988.90000000001,0,0
TX10706,884.64,E-commerce,10,5,46780.17,18515.75,Kolkata,Mobile,174,0,0,3,0.0189,0,6.786310547492762,28264.42,0,1
TXF20190,19156.77,E-commerce,8,5,133691.75,4767.87,Ahmedabad,Mobile,28,1,1,3,0.1433,1,9.86046365644223,128923.88,0,1
TX13070,375.37,Bank Transfer,11,3,38052.63,16712.31,Mumbai,Desktop,143,0,0,4,0.0099,0,5.930572702090608,21340.319999999996,0,0
TX10745,751.69,Card,16,5,56743.72,17429.12,Pune,Laptop,147,0,0,4,0.0132,0,6.6236534564467195,39314.600000000006,0,1
TX13594,3628.07,UPI,9,5,75176.48,14701.38,Delhi,Desktop,18,0,0,1,0.0483,0,8.196731696087387,60475.1,0,1
TX11939,13231.14,Card,19,3,30470.68,9577.74,Kolkata,Mobile,116,0,0,1,0.4342,0,9.490403997618625,20892.940000000002,0,0
TX14400,1030.02,Wallet,15,3,7806.0,39478.28,Delhi,Desktop,39,0,0,3,0.132,0,6.938303882470904,-31672.28,0,0
TX12862,4369.36,Wallet,11,4,43325.49,10642.02,Bengaluru,Desktop,27,0,0,4,0.1008,0,8.382600664559302,32683.469999999998,0,0
TX13996,2714.44,Card,10,3,94226.67,33754.61,Mumbai,Mobile,76,0,0,4,0.0288,0,7.90670928185241,60472.06,0,0
TX10513,859.04,Bank Transfer,19,5,3927.32,6844.8,Kolkata,Mobile,82,0,0,3,0.2187,0,6.756978899793828,-2917.48,0,1
TX10081,1654.13,UPI,15,0,53032.7,25125.66,Delhi,Mobile,121,0,0,3,0.0312,0,7.411634834575228,27907.039999999997,0,0
TXF20476,167430.91,E-commerce,2,2,172782.94,2115.59,Pune,Tablet,24,1,1,10,0.969,1,12.028332040138014,170667.35,1,0
TX11308,285.39,Wallet,10,0,13404.38,19647.95,Mumbai,Laptop,120,0,0,2,0.0213,0,5.657354518275788,-6243.5700000000015,0,0
TXF20114,30001.13,UPI,0,2,75550.69,4757.5,Chennai,Laptop,13,1,0,5,0.3971,1,10.309023658123913,70793.19,1,0
TX10914,2891.57,Card,20,5,93547.23,706.62,Hyderabad,Desktop,117,0,0,2,0.0309,0,7.969900659293587,92840.61,0,1
TX13452,502.05,E-commerce,14,2,14810.25,15071.52,Delhi,Mobile,65,0,0,3,0.0339,0,6.2206895687380594,-261.27000000000044,0,0
TX13695,898.09,Wallet,16,2,3782.25,38234.6,Kolkata,Laptop,108,0,0,1,0.2374,0,6.80138314069553,-34452.35,0,0
TXF20304,1112.29,UPI,11,5,7162.74,2031.64,Bengaluru,Laptop,25,0,0,12,0.1553,1,7.015074874389461,5131.099999999999,0,1
TX13156,268.94,E-commerce,11,3,92859.11,41463.6,Bengaluru,Mobile,52,0,0,2,0.0029,0,5.5981997120811355,51395.51,0,0
TX12198,987.58,Bank Transfer,18,6,27597.98,12164.05,Kolkata,Desktop,63,0,0,3,0.0358,0,6.896269570039045,15433.93,0,1
TX14232,1128.11,Wallet,9,1,29394.61,8142.07,Chennai,Desktop,42,0,0,3,0.0384,0,7.029184990758718,21252.54,0,0
TX10774,1452.67,UPI,18,5,10768.84,24432.63,Bengaluru,Mobile,173,0,0,3,0.1349,0,7.28184667222408,-13663.79,0,1
TX10329,924.09,Bank Transfer,15,5,62458.52,8434.99,Jaipur,Desktop,139,0,0,3,0.0148,0,6.829891030076648,54023.53,0,1
TX12054,1168.71,Bank Transfer,19,5,67484.6,45173.35,Delhi,Tablet,45,0,0,2,0.0173,0,7.0645111338207665,22311.250000000007,0,1
TX12001,926.02,Wallet,10,1,47190.24,30387.96,Mumbai,Mobile,142,0,0,1,0.0196,0,6.83197514030615,16802.28,0,0
TX10943,839.44,E-commerce,18,4,98551.63,5184.47,Kolkata,Desktop,19,0,0,3,0.0085,0,6.733925564220849,93367.16,0,0
TX10822,1943.62,Bank Transfer,10,1,54312.58,48803.09,Kolkata,Laptop,127,0,0,4,0.0358,0,7.572821864214162,5509.490000000005,0,0
TXF20027,163092.84,E-commerce,18,3,81546.42,2538.42,Lucknow,Laptop,27,0,1,1,2.0,1,12.002081019655524,79008.0,0,0
TX10909,646.61,Card,17,1,18982.54,40020.17,Hyderabad,Mobile,49,0,0,1,0.0341,0,6.473288663314896,-21037.629999999997,0,0
TX12516,425.99,Wallet,17,6,58357.36,3388.02,Chennai,Mobile,71,0,0,2,0.0073,0,6.056760593750644,54969.340000000004,0,1
TX10181,479.05,Bank Transfer,19,1,51069.07,34550.7,Pune,Mobile,152,0,0,2,0.0094,0,6.1738902651436325,16518.370000000003,0,0
TX10164,2817.03,Wallet,11,2,58231.76,28090.8,Mumbai,Mobile,168,0,0,1,0.0484,0,7.943793338250078,30140.960000000003,0,0
TX11523,1045.73,Wallet,13,5,26636.93,22391.65,Chennai,Mobile,7,0,0,2,0.0393,0,6.953426297957701,4245.279999999999,0,1
TX10451,556.93,Wallet,11,2,24692.57,18725.26,Jaipur,Laptop,41,0,0,3,0.0226,0,6.324233506483375,5967.310000000001,0,0
TX12538,1231.94,Wallet,15,3,53537.15,37135.83,Hyderabad,Mobile,110,0,0,2,0.023,0,7.117156840179834,16401.32,0,0
TX14137,2045.31,Bank Transfer,12,4,48381.35,12662.79,Pune,Desktop,70,0,0,2,0.0423,0,7.6237934501858255,35718.56,0,0
TXF20275,4249.69,Bank Transfer,14,0,224227.98,324.37,Lucknow,Tablet,7,0,0,22,0.019,1,8.354836601681827,223903.61000000002,0,0
TX11311,2842.5,E-commerce,13,3,37717.84,40170.29,Delhi,Desktop,199,0,0,1,0.0754,0,7.952790966746854,-2452.4500000000044,0,0
TX13149,741.25,Wallet,16,6,59735.88,25119.68,Mumbai,Desktop,20,0,0,1,0.0124,0,6.609686113643869,34616.2,0,1
TX11111,539.51,E-commerce,19,6,79902.69,31403.71,Mumbai,Desktop,146,0,0,1,0.0068,0,6.2925131382957185,48498.98,0,1
TXF20047,140786.46,Card,19,1,194365.26,2262.67,Hyderabad,Desktop,1,0,1,4,0.7243,1,11.855006656239778,192102.59,0,0
TX14085,326.47,Card,20,4,81660.52,23876.51,Hyderabad,Mobile,164,0,0,1,0.004,0,5.791396447826056,57784.01000000001,0,0
TX13489,257.07,Wallet,13,5,99251.34,20403.27,Pune,Mobile,101,0,0,3,0.0026,0,5.553230865951049,78848.06999999999,0,1
TX11287,499.77,Card,10,1,9559.97,2945.64,Mumbai,Desktop,57,0,0,2,0.0523,0,6.216146913838209,6614.33,0,0
TX14177,2283.02,Card,11,2,46940.61,14316.94,Delhi,Laptop,107,0,0,4,0.0486,0,7.733692327304988,32623.67,0,0
TXF20145,18724.72,Bank Transfer,3,5,61070.42,3127.48,Chennai,Desktop,29,1,0,2,0.3066,1,9.837653258914546,57942.939999999995,1,1
TX13680,1362.87,E-commerce,20,0,89109.22,27222.84,Chennai,Tablet,118,0,0,4,0.0153,0,7.218081525943431,61886.380000000005,0,0
TXF20011,128621.85,Wallet,13,0,185546.78,86.94,Delhi,Mobile,8,1,0,1,0.6932,1,11.764639757739118,185459.84,0,0
TX14168,3809.04,UPI,20,5,55326.32,23834.98,Chennai,Tablet,116,0,0,3,0.0688,0,8.2453949667533,31491.34,0,1
TX13300,264.04,UPI,14,3,48767.96,29907.73,Bengaluru,Mobile,100,0,0,3,0.0054,0,5.57988075799164,18860.23,0,0
TX13310,271.56,UPI,11,4,76754.44,4937.87,Bengaluru,Mobile,156,0,0,4,0.0035,0,5.607858773352711,71816.57,0,0
TXF20056,121406.1,Wallet,19,5,60703.05,622.12,Ahmedabad,Tablet,19,1,0,4,2.0,1,11.70690464024665,60080.93,0,1
TX13125,3646.64,Bank Transfer,10,2,71738.65,23577.99,Mumbai,Desktop,81,0,0,2,0.0508,0,8.201835662114089,48160.65999999999,0,0
TX10327,1322.62,Card,12,1,23538.88,47503.06,Lucknow,Desktop,110,0,0,3,0.0562,0,7.188125686238526,-23964.179999999997,0,0
TX11790,1899.0,Bank Transfer,10,2,34240.6,25351.63,Kolkata,Laptop,139,0,0,2,0.0555,0,7.549609165154532,8888.969999999998,0,0
TX12490,231.95,E-commerce,20,5,97619.34,33201.79,Lucknow,Laptop,180,0,0,3,0.0024,0,5.450823838262806,64417.549999999996,0,1
TX12006,1018.85,Wallet,13,2,77238.95,35679.41,Chennai,Laptop,186,0,0,1,0.0132,0,6.927410836640578,41559.53999999999,0,0
TX12007,1110.78,Bank Transfer,16,0,38056.28,2741.5,Ahmedabad,Desktop,184,0,0,4,0.0292,0,7.013717613510653,35314.78,0,0
TX11858,886.71,Bank Transfer,17,1,95840.19,15324.47,Delhi,Desktop,137,0,0,4,0.0093,0,6.78864511307785,80515.72,0,0
TXF20185,37398.39,UPI,17,3,18699.19,3397.77,Kolkata,Mobile,14,1,1,2,2.0,1,10.529409673109184,15301.419999999998,0,0
TX10312,774.64,UPI,20,5,8931.48,34844.81,Bengaluru,Desktop,97,0,0,1,0.0867,0,6.653688495014417,-25913.329999999998,0,1
TX10832,1009.69,Bank Transfer,16,4,75880.41,23743.11,Mumbai,Laptop,137,0,0,2,0.0133,0,6.918388544898891,52137.3,0,0
TX13079,1594.24,Card,10,4,67157.4,33644.48,Pune,Mobile,133,0,0,3,0.0237,0,7.374779474118872,33512.91999999999,0,0
TXF20217,29828.19,Bank Transfer,20,4,32785.26,1039.44,Delhi,Mobile,5,1,1,5,0.9098,1,10.30324272326818,31745.820000000003,0,0
TX13462,491.04,UPI,19,4,3290.17,2651.47,Kolkata,Desktop,178,0,0,2,0.1492,0,6.198560014000584,638.7000000000003,0,0
TX11201,1743.91,E-commerce,18,4,100781.97,1385.9,Mumbai,Tablet,107,0,0,1,0.0173,0,7.464458257375211,99396.07,0,0
TX14391,1905.62,Wallet,12,4,94367.27,41269.44,Mumbai,Desktop,98,0,0,4,0.0202,0,7.553087319881728,53097.83,0,0
TX13547,1737.93,UPI,8,0,91244.55,35783.77,Bengaluru,Laptop,109,0,0,2,0.019,0,7.461025260525132,55460.780000000006,0,0
TXF20422,75901.44,Card,3,6,246086.49,1193.44,Kolkata,Laptop,27,1,1,13,0.3084,1,11.237204110429582,244893.05,1,1
TX12134,809.97,E-commerce,15,0,21103.48,30124.16,Pune,Tablet,175,0,0,2,0.0384,0,6.6982310620625345,-9020.68,0,0
TX13451,1805.65,E-commerce,13,5,17220.13,4589.37,Hyderabad,Mobile,102,0,0,3,0.1049,0,7.49922958063078,12630.760000000002,0,1
TX12209,834.26,UPI,14,1,94266.01,9260.62,Mumbai,Mobile,199,0,0,1,0.0089,0,6.727743053628531,85005.39,0,0
TX11901,447.63,Wallet,9,5,16212.21,18390.9,Chennai,Desktop,194,0,0,2,0.0276,0,6.106198494571449,-2178.6900000000023,0,1
TX11481,261.26,UPI,15,0,95848.38,47686.27,Pune,Desktop,194,0,0,2,0.0027,0,5.569336378103278,48162.11000000001,0,0
TX10777,976.9,E-commerce,16,0,81896.3,47389.63,Ahmedabad,Mobile,68,0,0,3,0.0119,0,6.885407415318229,34506.670000000006,0,0
TX10799,1280.33,Wallet,14,5,39323.48,48207.51,Mumbai,Desktop,187,0,0,2,0.0326,0,7.155653879961874,-8884.029999999999,0,1
TX13714,1731.91,Bank Transfer,16,6,12439.07,42626.6,Bengaluru,Desktop,134,0,0,2,0.1392,0,7.4575573553029875,-30187.53,0,1
TX13942,394.78,Card,17,3,95783.6,39202.77,Bengaluru,Mobile,178,0,0,2,0.0041,0,5.980858501320758,56580.83000000001,0,0
TX10054,1315.49,Bank Transfer,15,0,54515.72,12168.43,Chennai,Laptop,62,0,0,1,0.0241,0,7.1827243830093,42347.29,0,0
TX12972,1042.41,Card,11,6,40681.02,42342.88,Bengaluru,Desktop,86,0,0,2,0.0256,0,6.950249474594503,-1661.8600000000006,0,1
TX13335,927.51,Card,17,5,52535.95,34757.64,Bengaluru,Mobile,113,0,0,1,0.0177,0,6.833581150793999,17778.309999999998,0,1
TX11920,606.79,Card,20,1,85053.0,9827.64,Delhi,Laptop,46,0,0,1,0.0071,0,6.409829427566824,75225.36,0,0
TX13715,3335.96,UPI,8,1,63672.04,48046.69,Pune,Desktop,192,0,0,3,0.0524,0,8.112815491865028,15625.349999999999,0,0
TXF20146,18365.02,Card,2,4,142650.98,1141.6,Pune,Desktop,8,1,0,1,0.1287,1,9.818257497141621,141509.38,1,0
TX10946,773.24,Wallet,16,1,73256.3,551.8,Hyderabad,Tablet,184,0,0,2,0.0106,0,6.651881903045008,72704.5,0,0
TX11701,1284.77,E-commerce,15,2,27403.95,6869.51,Hyderabad,Mobile,181,0,0,3,0.0469,0,7.159113039657515,20534.440000000002,0,0
TX13293,691.05,E-commerce,8,2,46119.91,29022.58,Kolkata,Mobile,91,0,0,3,0.015,0,6.539658207342711,17097.33,0,0
TX12161,343.52,Card,9,2,93365.63,24241.47,Chennai,Desktop,22,0,0,3,0.0037,0,5.8421521439209725,69124.16,0,0
TX11136,2210.2,Card,13,5,101226.03,15662.78,Bengaluru,Desktop,59,0,0,1,0.0218,0,7.70129063357335,85563.25,0,1
TX10987,697.97,UPI,15,1,62519.87,27888.23,Mumbai,Mobile,9,0,0,4,0.0112,0,6.549607822857851,34631.64,0,0
TX12549,483.67,Wallet,15,5,48420.68,13606.66,Mumbai,Desktop,60,0,0,2,0.01,0,6.183468246980797,34814.020000000004,0,1
TX10193,461.63,Card,14,1,60024.08,33987.21,Bengaluru,Tablet,95,0,0,1,0.0077,0,6.1369275985376746,26036.870000000003,0,0
TX13057,2096.88,E-commerce,12,0,61111.46,28577.41,Delhi,Mobile,130,0,0,1,0.0343,0,7.648682589989622,32534.05,0,0
TX13246,1749.54,Wallet,11,6,42959.35,12775.66,Mumbai,Mobile,79,0,0,4,0.0407,0,7.4676795907477596,30183.69,0,1
TX11394,6925.12,Wallet,18,6,73396.33,33985.42,Jaipur,Laptop,35,0,0,4,0.0944,0,8.843055050830177,39410.91,0,1
TX12637,4162.23,UPI,12,0,56454.02,32803.62,Kolkata,Laptop,184,0,0,3,0.0737,0,8.33404649428761,23650.399999999994,0,0
TX10768,664.23,UPI,10,4,22129.37,47876.66,Ahmedabad,Mobile,180,0,0,3,0.03,0,6.500132845520113,-25747.290000000005,0,0
TXF20202,45491.35,Bank Transfer,20,3,26480.47,3987.83,Ahmedabad,Mobile,3,1,1,1,1.7179,1,10.725299458935163,22492.64,0,0
TX13090,2393.85,UPI,12,2,96059.95,40387.81,Kolkata,Mobile,187,0,0,4,0.0249,0,7.781075877403478,55672.14,0,0
TX13495,2747.57,Card,15,0,53592.91,19992.2,Lucknow,Laptop,182,0,0,4,0.0513,0,7.918836055413729,33600.71000000001,0,0
TX13215,937.91,Wallet,18,1,78001.71,12315.0,Mumbai,Desktop,166,0,0,4,0.012,0,6.8447196279693125,65686.71,0,0
TX10285,501.35,E-commerce,16,3,65817.68,41504.12,Chennai,Mobile,179,0,0,2,0.0076,0,6.219297087908323,24313.55999999999,0,0
TXF20438,123767.1,Bank Transfer,23,6,61883.55,1712.36,Mumbai,Mobile,4,1,1,21,2.0,1,11.726164932361865,60171.19,1,1
TX10428,891.38,Card,18,2,28231.47,2948.63,Bengaluru,Mobile,132,0,0,1,0.0316,0,6.793892050832562,25282.84,0,0
TX14448,690.99,E-commerce,10,5,50798.63,26713.01,Lucknow,Desktop,179,0,0,1,0.0136,0,6.539571504646203,24085.62,0,1
TX12332,1553.01,E-commerce,8,4,74181.83,44748.62,Kolkata,Desktop,191,0,0,2,0.0209,0,7.348593965913323,29433.21,0,0
TX12717,1118.28,UPI,8,6,2887.55,34791.96,Bengaluru,Tablet,51,0,0,1,0.3873,0,7.02044090042503,-31904.41,0,1
TX12079,2778.89,UPI,9,5,42927.53,15913.96,Mumbai,Tablet,198,0,0,2,0.0647,0,7.930166637556511,27013.57,0,1
TX13389,810.83,Card,10,1,27943.67,45588.68,Bengaluru,Desktop,111,0,0,2,0.029,0,6.699290958636985,-17645.010000000002,0,0
TX10722,984.91,Card,8,6,33212.16,29151.72,Bengaluru,Laptop,68,0,0,1,0.0297,0,6.893565072546089,4060.4400000000023,0,1
TX10951,631.16,Card,12,0,7352.53,23001.13,Bengaluru,Laptop,138,0,0,1,0.0858,0,6.44914252666308,-15648.600000000002,0,0
TX14383,1128.04,E-commerce,15,0,33923.62,9226.09,Mumbai,Desktop,44,0,0,4,0.0333,0,7.0291229931057515,24697.530000000002,0,0
TX14366,1372.99,Bank Transfer,9,3,70462.33,33413.6,Delhi,Tablet,14,0,0,4,0.0195,0,7.2254741947354315,37048.73,0,0
TX12262,2650.69,E-commerce,18,0,13050.56,30248.28,Mumbai,Desktop,188,0,0,3,0.2031,0,7.882952451562234,-17197.72,0,0
TX10989,243.73,UPI,19,3,70607.27,8667.53,Hyderabad,Mobile,37,0,0,2,0.0035,0,5.5001555620349105,61939.740000000005,0,0
TX13212,846.8,UPI,19,3,72381.3,21828.26,Pune,Desktop,156,0,0,1,0.0117,0,6.742644758918536,50553.04000000001,0,0
TX11759,2020.48,E-commerce,14,2,91172.38,28517.91,Pune,Laptop,53,0,0,4,0.0222,0,7.611585195388549,62654.47,0,0
TXF20079,176877.72,Wallet,17,1,90668.24,3045.41,Lucknow,Desktop,28,1,0,2,1.9508,1,12.083219578960595,87622.83,0,0
TX10326,1066.62,Card,16,5,39807.12,34014.4,Chennai,Desktop,86,0,0,3,0.0268,0,6.97318715096299,5792.720000000001,0,1
TX12608,1601.21,Bank Transfer,8,0,2142.03,29849.52,Bengaluru,Mobile,84,0,0,3,0.7475,0,7.379139205179589,-27707.49,0,0
TX11383,1142.91,Wallet,13,3,87378.57,28898.14,Bengaluru,Mobile,33,0,0,3,0.0131,0,7.042207497516321,58480.43000000001,0,0
TX11724,1705.32,Bank Transfer,19,1,7057.57,42202.07,Kolkata,Mobile,134,0,0,4,0.2416,0,7.442094283732767,-35144.5,0,0
TX11086,1270.38,UPI,20,6,16106.22,31237.52,Pune,Desktop,28,0,0,4,0.0789,0,7.147858203688003,-15131.300000000001,0,1
TX12523,163.27,Card,17,6,30026.6,36696.75,Hyderabad,Desktop,32,0,0,3,0.0054,0,5.101511415553109,-6670.1500000000015,0,1
TX10341,5476.18,Bank Transfer,10,2,43058.69,13061.71,Delhi,Desktop,67,0,0,4,0.1272,0,8.608345648950644,29996.980000000003,0,0
TX13701,1561.51,Card,15,6,75963.23,33004.01,Kolkata,Tablet,30,0,0,3,0.0206,0,7.354048781590077,42959.219999999994,0,1
TX10147,574.42,E-commerce,11,6,47212.41,17732.28,Delhi,Mobile,184,0,0,3,0.0122,0,6.355100208942306,29480.130000000005,0,1
TX10688,1135.56,Bank Transfer,17,0,64728.91,3639.52,Mumbai,Mobile,73,0,0,4,0.0175,0,7.035761435563821,61089.39000000001,0,0
TX13432,832.97,Card,15,1,84574.05,12512.29,Mumbai,Laptop,94,0,0,1,0.0098,0,6.726197430488745,72061.76000000001,0,0
TX11107,727.38,Wallet,10,0,56627.48,42271.53,Jaipur,Desktop,120,0,0,2,0.0128,0,6.590822890035524,14355.950000000004,0,0
TX10848,777.91,UPI,16,0,96860.29,9926.59,Chennai,Desktop,107,0,0,4,0.008,0,6.6578955064620535,86933.7,0,0
TX10966,739.15,Card,20,2,66428.93,13085.81,Mumbai,Desktop,119,0,0,1,0.0111,0,6.606852868359501,53343.119999999995,0,0
TXF20227,53811.16,Wallet,20,2,60734.35,3043.65,Bengaluru,Desktop,25,0,1,2,0.886,1,10.893254742915516,57690.7,0,0
TX11492,670.85,Wallet,11,0,31010.66,32175.47,Bengaluru,Desktop,46,0,0,4,0.0216,0,6.510035101321419,-1164.8100000000013,0,0
TX13953,1513.25,Wallet,18,0,44655.35,17982.54,Chennai,Mobile,11,0,0,3,0.0339,0,7.322675545861056,26672.809999999998,0,0
TX12203,336.02,Bank Transfer,19,3,78454.38,38584.12,Pune,Mobile,167,0,0,3,0.0043,0,5.820142275772397,39870.26,0,0
TX12713,1030.71,Bank Transfer,20,2,4415.89,34522.07,Mumbai,Desktop,146,0,0,3,0.2334,0,6.938972898799493,-30106.18,0,0
TX10661,1266.06,Bank Transfer,12,0,80216.57,33282.75,Chennai,Mobile,40,0,0,1,0.0158,0,7.1444545351588395,46933.82000000001,0,0
TX11002,578.23,Wallet,15,1,39666.93,40196.53,Delhi,Desktop,84,0,0,4,0.0146,0,6.361699635310273,-529.5999999999985,0,0
TX10062,422.82,Wallet,14,4,71784.65,11938.73,Hyderabad,Laptop,162,0,0,3,0.0059,0,6.04930883679242,59845.92,0,0
TX10284,1282.64,E-commerce,15,0,29051.13,27753.48,Pune,Desktop,154,0,0,4,0.0442,0,7.15745507110604,1297.6500000000015,0,0
TX12224,1710.86,Wallet,19,5,7236.35,2289.67,Hyderabad,Mobile,151,0,0,3,0.2364,0,7.445335777656938,4946.68,0,1
TXF20206,47214.05,Wallet,13,0,53263.19,242.67,Jaipur,Laptop,12,1,1,2,0.8864,1,10.762467976682101,53020.520000000004,0,0
TX11879,979.15,E-commerce,18,4,47883.42,18147.14,Delhi,Desktop,87,0,0,2,0.0204,0,6.887705621176433,29736.28,0,0
TX13572,669.26,Wallet,10,2,58309.16,41669.54,Hyderabad,Desktop,14,0,0,4,0.0115,0,6.507665696810812,16639.620000000003,0,0
TXF20357,113656.96,UPI,23,1,56828.48,3926.47,Mumbai,Tablet,2,1,1,9,2.0,1,11.64094886642328,52902.01,1,0
TX11203,2582.44,Wallet,14,1,96466.15,9141.05,Kolkata,Desktop,91,0,0,1,0.0268,0,7.856877123149442,87325.09999999999,0,0
TX11990,880.96,UPI,8,6,9815.19,40400.53,Hyderabad,Mobile,35,0,0,1,0.0898,0,6.782146703504459,-30585.339999999997,0,1
TX10024,2100.69,Bank Transfer,12,3,90878.36,23663.52,Bengaluru,Desktop,35,0,0,2,0.0231,0,7.650497061969042,67214.84,0,0
TXF20352,75667.94,Wallet,23,5,103778.9,4443.64,Kolkata,Desktop,12,1,1,12,0.7291,1,11.23412305139698,99335.26,1,1
TX14102,1635.41,UPI,11,5,88676.46,39865.89,Pune,Mobile,83,0,0,4,0.0184,0,7.400260097011883,48810.57000000001,0,1
TX14167,532.38,Wallet,17,5,75839.11,22539.51,Bengaluru,Mobile,73,0,0,4,0.007,0,6.279234115731861,53299.600000000006,0,1
TX10762,936.48,Wallet,14,2,86405.7,22013.58,Mumbai,Mobile,126,0,0,1,0.0108,0,6.843195424283674,64392.119999999995,0,0
TX10875,2292.32,Card,15,6,52297.54,10313.54,Bengaluru,Laptop,76,0,0,3,0.0438,0,7.73775582828889,41984.0,0,1
TXF20242,15895.32,Wallet,8,5,197189.65,4650.13,Mumbai,Tablet,23,0,1,2,0.0806,1,9.673842914879557,192539.52,0,1
TX10938,1704.76,Card,19,3,22366.71,29420.53,Mumbai,Mobile,170,0,0,1,0.0762,0,7.441766038202165,-7053.82,0,0
TX12687,1145.96,Card,9,6,80446.08,6446.34,Jaipur,Mobile,187,0,0,4,0.0142,0,7.044870242938012,73999.74,0,1
TX13600,1544.85,Wallet,20,5,92561.82,25511.34,Hyderabad,Mobile,81,0,0,1,0.0167,0,7.3433291998606185,67050.48000000001,0,1
TX12394,336.27,Wallet,15,4,43510.57,32647.97,Delhi,Mobile,162,0,0,4,0.0077,0,5.820883796517047,10862.599999999999,0,0
TXF20067,172282.79,Bank Transfer,12,3,113131.21,3966.72,Lucknow,Desktop,15,1,0,3,1.5229,1,12.05689833799735,109164.49,0,0
TXF20480,156945.3,Wallet,1,0,78472.65,1742.48,Kolkata,Mobile,4,1,1,17,2.0,1,11.963658987605472,76730.17,1,0
TX14124,555.32,UPI,15,6,93364.68,4813.41,Hyderabad,Mobile,17,0,0,4,0.0059,0,6.321343668259551,88551.26999999999,0,1
TXF20064,147058.07,E-commerce,20,1,73529.04,211.75,Kolkata,Tablet,19,0,0,2,2.0,1,11.89858962178081,73317.29,0,0
TX10385,157.73,Wallet,15,2,69808.43,43020.11,Hyderabad,Desktop,22,0,0,3,0.0023,0,5.06720464558415,26788.319999999992,0,0
TX13877,1197.91,E-commerce,9,5,30985.55,38189.07,Lucknow,Desktop,40,0,0,4,0.0387,0,7.089168089658053,-7203.52,0,1
TX14370,1932.58,Wallet,15,6,83389.36,323.64,Bengaluru,Mobile,136,0,0,2,0.0232,0,7.5671284859348695,83065.72,0,1
TXF20069,158106.02,Wallet,18,3,79053.01,3791.53,Lucknow,Desktop,28,0,0,2,2.0,1,11.97102742448885,75261.48,0,0
TX10536,642.1,Bank Transfer,13,5,69611.5,21936.4,Pune,Desktop,35,0,0,4,0.0092,0,6.466300233140817,47675.1,0,1
TX12291,4178.94,Wallet,8,4,52384.71,18427.16,Chennai,Laptop,56,0,0,2,0.0798,0,8.338052171348796,33957.55,0,0
TXF20165,12017.83,E-commerce,3,3,192230.76,4149.79,Lucknow,Mobile,0,1,0,3,0.0625,1,9.394229865581188,188080.97,1,0
TX13874,221.7,Bank Transfer,15,1,83896.15,37946.45,Chennai,Tablet,93,0,0,2,0.0026,0,5.405825574263322,45949.7,0,0
TX10936,2475.33,Wallet,8,1,97175.34,5384.7,Hyderabad,Desktop,113,0,0,4,0.0255,0,7.814532904406603,91790.64,0,0
TX13737,2238.37,E-commerce,11,2,64118.51,25499.21,Pune,Mobile,42,0,0,1,0.0349,0,7.7139498552908865,38619.3,0,0
TXF20228,33236.1,E-commerce,19,1,29990.56,2141.75,Jaipur,Mobile,6,1,1,4,1.1082,1,10.411422000879385,27848.81,0,0
TX12360,1140.77,UPI,17,6,62823.62,24172.94,Lucknow,Desktop,120,0,0,2,0.0182,0,7.040334968881252,38650.68000000001,0,1
TX13507,254.54,Wallet,13,1,48933.74,41598.84,Mumbai,Laptop,87,0,0,4,0.0052,0,5.543378953163177,7334.9000000000015,0,0
TX10201,549.39,Wallet,20,5,9032.65,26273.12,Bengaluru,Desktop,153,0,0,4,0.0608,0,6.310627117849432,-17240.47,0,1
TX13208,16348.74,Bank Transfer,9,0,113764.85,45581.55,Delhi,Desktop,76,0,0,1,0.1437,0,9.701967274058287,68183.3,0,0
TX11332,1232.03,E-commerce,8,1,77719.41,26217.73,Mumbai,Mobile,113,0,0,3,0.0159,0,7.117229833768596,51501.68000000001,0,0
TX13016,3548.5,E-commerce,13,0,51381.06,26877.5,Delhi,Mobile,167,0,0,1,0.0691,0,8.17456202747944,24503.559999999998,0,0
TX13502,1086.13,Bank Transfer,19,2,20769.92,31406.04,Hyderabad,Mobile,66,0,0,2,0.0523,0,6.991296475186463,-10636.120000000003,0,0
TX12708,9260.6,E-commerce,16,3,101320.2,2553.01,Ahmedabad,Desktop,147,0,0,2,0.0914,0,9.13363209889152,98767.19,0,0
TX14021,975.25,UPI,14,1,54971.27,29695.99,Mumbai,Mobile,164,0,0,4,0.0177,0,6.883718701153896,25275.279999999995,0,0
TX11854,456.59,Bank Transfer,12,5,85211.7,41613.88,Pune,Tablet,42,0,0,3,0.0054,0,6.125973586679952,43597.82,0,1
TX14469,3738.39,E-commerce,14,6,40986.74,44447.92,Pune,Tablet,180,0,0,4,0.0912,0,8.226677775501786,-3461.1800000000003,0,1
TX12872,1135.98,Wallet,9,0,54503.39,40298.48,Mumbai,Mobile,95,0,0,2,0.0208,0,7.0361309034463115,14204.909999999996,0,0
TX13030,375.26,Wallet,17,2,91499.65,8811.74,Delhi,Laptop,32,0,0,3,0.0041,0,5.930280393782985,82687.90999999999,0,0
TX11205,1733.53,Card,20,6,43744.28,8095.26,Ahmedabad,Mobile,135,0,0,3,0.0396,0,7.458491762310964,35649.02,0,1
TX11645,1104.17,UPI,9,3,78433.3,8606.08,Mumbai,Laptop,57,0,0,4,0.0141,0,7.0077544482725935,69827.22,0,0
TX13417,218.93,Card,17,0,49058.08,4390.09,Lucknow,Desktop,44,0,0,2,0.0045,0,5.393309313903605,44667.990000000005,0,0
TX13476,1346.72,Wallet,10,2,40926.43,318.26,Delhi,Tablet,131,0,0,3,0.0329,0,7.206169554762945,40608.17,0,0
TX12861,1864.81,E-commerce,14,4,71584.74,38312.64,Delhi,Laptop,182,0,0,1,0.0261,0,7.531450554143755,33272.100000000006,0,0
TX11792,3475.72,Card,20,1,18291.4,530.09,Chennai,Desktop,47,0,0,4,0.19,0,8.15384459957338,17761.31,0,0
TX13797,1434.04,Bank Transfer,18,1,16141.13,5146.15,Kolkata,Mobile,152,0,0,1,0.0888,0,7.268948002369693,10994.98,0,0
TX13368,833.94,Card,12,2,93541.34,34962.98,Hyderabad,Desktop,133,0,0,4,0.0089,0,6.727359865981644,58578.35999999999,0,0
TX13367,2077.36,UPI,17,3,87074.66,24065.32,Bengaluru,Tablet,151,0,0,4,0.0239,0,7.639334400157619,63009.340000000004,0,0
TX13533,846.57,E-commerce,19,5,60459.98,35436.55,Pune,Mobile,124,0,0,3,0.014,0,6.742373431713961,25023.43,0,1
TX13449,463.72,UPI,10,4,73273.84,44756.04,Delhi,Mobile,144,0,0,4,0.0063,0,6.141435073684277,28517.799999999996,0,0
TX10603,1396.09,E-commerce,19,3,97079.24,3541.01,Delhi,Mobile,22,0,0,2,0.0144,0,7.242146780947051,93538.23000000001,0,0
TX13056,2182.33,Wallet,20,1,69039.42,11778.01,Mumbai,Desktop,184,0,0,4,0.0316,0,7.6886065132424655,57261.409999999996,0,0
TXF20031,149528.68,Wallet,9,0,74764.34,1151.87,Delhi,Desktop,29,0,1,2,2.0,1,11.91525018053681,73612.47,0,0
TX10126,1085.94,E-commerce,8,5,7313.04,27521.49,Chennai,Desktop,84,0,0,1,0.1485,0,6.991121687805667,-20208.45,0,1
TX13876,680.0,Wallet,17,3,34704.22,37684.67,Ahmedabad,Desktop,163,0,0,3,0.0196,0,6.523562306149512,-2980.449999999997,0,0
TX12935,924.38,Wallet,12,2,39249.32,16928.16,Delhi,Laptop,82,0,0,2,0.0236,0,6.830204463963578,22321.16,0,0
TX13531,1535.22,E-commerce,16,6,57308.36,34529.45,Pune,Mobile,173,0,0,3,0.0268,0,7.337080132617967,22778.910000000003,0,1
TX12730,1384.51,E-commerce,18,0,74747.42,38869.62,Pune,Laptop,102,0,0,1,0.0185,0,7.233823581887957,35877.799999999996,0,0
TX10827,3786.57,Card,18,5,4421.26,15060.05,Pune,Mobile,157,0,0,1,0.8564,0,8.239479931495023,-10638.789999999999,0,1
TX11639,1714.14,UPI,18,5,46983.54,34676.15,Pune,Mobile,101,0,0,2,0.0365,0,7.447249988921338,12307.39,0,1
TX10984,621.62,Bank Transfer,18,0,11603.5,11195.83,Mumbai,Desktop,41,0,0,1,0.0536,0,6.433936380845242,407.6700000000001,0,0
TX13281,384.05,Card,19,0,10460.58,29501.67,Hyderabad,Mobile,123,0,0,2,0.0367,0,5.953373195985259,-19041.089999999997,0,0
TXF20471,175241.14,Card,23,1,126207.33,3419.9,Jaipur,Desktop,14,1,1,11,1.3885,1,12.073923953677056,122787.43000000001,1,0
TX12188,1425.46,Wallet,10,2,68496.28,6401.55,Kolkata,Mobile,62,0,0,3,0.0208,0,7.262951129601452,62094.729999999996,0,0
TXF20112,11859.26,Wallet,3,5,24358.65,236.75,Ahmedabad,Mobile,8,1,0,4,0.4869,1,9.380948594739754,24121.9,1,1
TX12443,1226.26,Card,16,6,68326.42,41595.54,Pune,Mobile,103,0,0,2,0.0179,0,7.112539321204007,26730.879999999997,0,1
TX10362,701.25,Wallet,12,3,76648.44,1326.89,Hyderabad,Desktop,194,0,0,4,0.0091,0,6.554289465984353,75321.55,0,0
TX12349,780.66,Card,16,1,52480.49,10087.7,Mumbai,Desktop,138,0,0,3,0.0149,0,6.661419863391251,42392.78999999999,0,0
TX10345,2837.6,Card,8,2,85393.36,17455.68,Kolkata,Mobile,186,0,0,2,0.0332,0,7.951066251865157,67937.68,0,0
TX10814,423.46,Card,14,1,71887.54,10040.84,Hyderabad,Desktop,32,0,0,1,0.0059,0,6.050817772807495,61846.7,0,0
TX13205,497.88,E-commerce,13,3,48358.06,49689.28,Chennai,Desktop,133,0,0,2,0.0103,0,6.212365585869412,-1331.2200000000012,0,0
TX14160,4198.76,Wallet,19,4,15629.81,21291.71,Bengaluru,Mobile,131,0,0,1,0.2686,0,8.342782659781601,-5661.9,0,0
TXF20295,1895.01,E-commerce,20,3,207441.62,205.33,Kolkata,Desktop,5,0,1,20,0.0091,1,7.547506957062661,207236.29,0,0
TX13325,1295.68,Bank Transfer,12,1,51642.13,18810.73,Pune,Mobile,7,0,0,1,0.0251,0,7.167562430667864,32831.399999999994,0,0
TX14106,1587.19,Card,19,4,35424.58,38949.44,Ahmedabad,Mobile,134,0,0,4,0.0448,0,7.370350282005071,-3524.8600000000006,0,0
TX12116,677.52,Card,16,4,30218.3,8720.59,Mumbai,Mobile,96,0,0,3,0.0224,0,6.519913955627522,21497.71,0,0
TX11834,1027.89,Card,14,3,8713.1,34253.32,Bengaluru,Desktop,86,0,0,3,0.118,0,6.936235830217029,-25540.22,0,0
TX10793,1238.78,E-commerce,13,6,1752.18,25605.34,Ahmedabad,Desktop,142,0,0,1,0.707,0,7.122689223503568,-23853.16,0,1
TXF20446,105533.55,UPI,1,4,109570.97,3060.24,Pune,Mobile,16,1,1,12,0.9632,1,11.566793666437377,106510.73,1,0
TX12674,719.64,Bank Transfer,14,1,87359.5,36248.67,Pune,Mobile,31,0,0,1,0.0082,0,6.580139706071217,51110.83,0,0
TX10094,1642.52,Wallet,15,6,42833.34,8747.39,Pune,Desktop,91,0,0,1,0.0383,0,7.4045955621814326,34085.95,0,1
TX13756,1376.27,UPI,11,0,23161.6,20951.02,Delhi,Desktop,40,0,0,4,0.0594,0,7.2278585579391645,2210.579999999998,0,0
TX12891,2060.21,Wallet,17,6,96993.63,38881.58,Mumbai,Desktop,27,0,0,2,0.0212,0,7.631048467985091,58112.05,0,1
TX12371,317.91,Card,20,4,23031.82,46123.16,Mumbai,Mobile,116,0,0,2,0.0138,0,5.7649089313167785,-23091.340000000004,0,0
TX14149,1996.5,Wallet,17,0,33808.05,24147.19,Ahmedabad,Mobile,152,0,0,1,0.0591,0,7.59965167764043,9660.860000000004,0,0
TX14432,861.02,E-commerce,17,2,94139.84,31567.36,Pune,Laptop,120,0,0,1,0.0091,0,6.759278472250682,62572.479999999996,0,0
TX13228,615.69,Card,14,4,89880.84,1636.08,Lucknow,Mobile,154,0,0,1,0.0069,0,6.424366466526266,88244.76,0,0
TX12853,273.08,Bank Transfer,11,4,75202.54,7034.1,Hyderabad,Mobile,134,0,0,4,0.0036,0,5.613420034575809,68168.43999999999,0,0
TX12912,119.22,Bank Transfer,12,5,95743.18,10815.28,Hyderabad,Mobile,70,0,0,1,0.0012,0,4.789323397611016,84927.9,0,1
TX11865,784.03,E-commerce,8,1,21679.46,37125.57,Bengaluru,Mobile,194,0,0,2,0.0362,0,6.665721933612684,-15446.11,0,0
TX11857,858.78,Wallet,17,0,49763.82,16768.87,Delhi,Mobile,59,0,0,3,0.0173,0,6.756676542568094,32994.95,0,0
TX12645,443.32,UPI,11,0,4405.84,20521.55,Pune,Tablet,190,0,0,2,0.1006,0,6.096545023558489,-16115.71,0,0
TX12243,1657.91,UPI,12,6,8765.24,49468.54,Delhi,Mobile,9,0,0,2,0.1891,0,7.413916039170964,-40703.3,0,1
TX12336,1594.57,E-commerce,9,0,35571.38,10639.29,Mumbai,Mobile,37,0,0,2,0.0448,0,7.374986318149809,24932.089999999997,0,0
TX10950,585.81,UPI,15,3,28031.04,12453.23,Bengaluru,Mobile,24,0,0,1,0.0209,0,6.37470108770508,15577.810000000001,0,0
TX13068,3179.08,E-commerce,13,3,16078.19,42897.03,Pune,Desktop,12,0,0,1,0.1977,0,8.06466163269049,-26818.839999999997,0,0
TX11120,1227.83,E-commerce,14,5,62933.18,45539.23,Delhi,Desktop,129,0,0,3,0.0195,0,7.113817776157889,17393.949999999997,0,1
TX12597,662.35,Wallet,11,5,44621.68,26057.02,Bengaluru,Tablet,28,0,0,4,0.0148,0,6.497302754362926,18564.66,0,1
TX12204,274.73,Wallet,18,1,50717.32,30293.06,Delhi,Mobile,188,0,0,3,0.0054,0,5.619422126038128,20424.26,0,0
TX10419,272.66,UPI,18,5,97229.19,12980.86,Mumbai,Desktop,38,0,0,2,0.0028,0,5.6118864599516645,84248.33,0,1
TX10922,2680.93,UPI,8,2,22980.65,20974.86,Chennai,Desktop,126,0,0,4,0.1167,0,7.894291963575586,2005.7900000000009,0,0
TX11254,465.6,UPI,17,4,55506.05,8814.89,Delhi,Laptop,121,0,0,3,0.0084,0,6.1454723595873295,46691.16,0,0
TX10477,1526.97,UPI,15,5,4379.01,32134.38,Mumbai,Desktop,10,0,0,4,0.3487,0,7.331695336025873,-27755.370000000003,0,1
TX12035,315.13,E-commerce,14,1,69043.55,42963.13,Mumbai,Mobile,165,0,0,1,0.0046,0,5.756153521393322,26080.420000000006,0,0
TX11202,4103.46,Card,20,1,73063.99,6107.34,Kolkata,Tablet,164,0,0,1,0.0562,0,8.319829466339446,66956.65000000001,0,0
TX12626,11479.58,E-commerce,12,4,103423.89,45005.49,Mumbai,Tablet,120,0,0,3,0.111,0,9.348412191245416,58418.4,0,0
TXF20318,8172.87,Wallet,19,3,131062.8,3042.56,Bengaluru,Mobile,25,1,0,13,0.0624,1,9.008697759911625,128020.24,0,0
TX11970,1433.04,Bank Transfer,14,6,56927.08,5825.62,Kolkata,Desktop,91,0,0,4,0.0252,0,7.268250914773325,51101.46,0,1
TX13110,622.69,E-commerce,20,0,5048.16,822.09,Hyderabad,Desktop,130,0,0,1,0.1233,0,6.435653450054175,4226.07,0,0
TX14018,2364.9,Bank Transfer,18,4,29014.92,2356.96,Kolkata,Desktop,123,0,0,2,0.0815,0,7.768913778218243,26657.96,0,0
TX12151,1004.25,Wallet,13,3,56297.96,40857.99,Bengaluru,Desktop,179,0,0,2,0.0178,0,6.912991545777383,15439.970000000001,0,0
TX13687,416.74,UPI,17,1,75494.64,25542.72,Mumbai,Mobile,48,0,0,3,0.0055,0,6.0348592294271715,49951.92,0,0
TX11997,647.27,Bank Transfer,8,6,7779.92,49928.18,Mumbai,Mobile,140,0,0,1,0.0832,0,6.474307276237491,-42148.26,0,1
TX14033,1264.37,Bank Transfer,18,0,2241.95,25504.77,Kolkata,Laptop,180,0,0,1,0.564,0,7.143119848513302,-23262.82,0,0
TX13054,5672.33,Wallet,9,1,44691.82,12640.25,Bengaluru,Mobile,63,0,0,3,0.1269,0,8.643531525915018,32051.57,0,0
TX11248,473.37,E-commerce,11,2,63193.72,37379.21,Mumbai,Mobile,137,0,0,1,0.0075,0,6.161987607909893,25814.510000000002,0,0
TX12192,5812.52,Bank Transfer,17,2,82924.9,5287.57,Bengaluru,Mobile,158,0,0,1,0.0701,0,8.667941518371086,77637.32999999999,0,0
TX12712,690.37,UPI,14,4,92741.69,23567.78,Pune,Tablet,53,0,0,3,0.0074,0,6.538675136323405,69173.91,0,0
TX10992,523.04,E-commerce,18,6,34575.09,7227.81,Mumbai,Mobile,69,0,0,1,0.0151,0,6.2615680172854695,27347.279999999995,0,1
TX12190,606.44,Bank Transfer,18,4,93998.96,36025.98,Bengaluru,Desktop,62,0,0,2,0.0065,0,6.4092534049049785,57972.98,0,0
TX13762,911.75,Card,9,6,95362.01,29516.32,Pune,Desktop,82,0,0,3,0.0096,0,6.816462020535746,65845.69,0,1
TX13597,1507.35,Wallet,8,1,26291.66,5803.14,Kolkata,Desktop,119,0,0,1,0.0573,0,7.318771617128626,20488.52,0,0
TX11318,1624.81,Wallet,17,0,29693.2,47049.92,Bengaluru,Desktop,5,0,0,3,0.0547,0,7.3937614321116145,-17356.719999999998,0,0
TX11863,622.45,E-commerce,19,4,76694.7,10378.81,Kolkata,Desktop,98,0,0,1,0.0081,0,6.435268569442595,66315.89,0,0
TX12343,1281.09,Wallet,15,1,91448.26,37558.38,Mumbai,Mobile,123,0,0,2,0.014,0,7.156246837824626,53889.88,0,0
TX12449,1147.56,E-commerce,19,1,74452.23,35488.12,Pune,Mobile,174,0,0,3,0.0154,0,7.046264262819438,38964.10999999999,0,0
TX12136,189.52,Wallet,8,4,75182.4,41413.46,Bengaluru,Desktop,45,0,0,1,0.0025,0,5.249757175932659,33768.939999999995,0,0
TX11065,3859.97,Card,12,5,7518.47,21224.42,Bengaluru,Mobile,42,0,0,1,0.5134,0,8.258673726226279,-13705.949999999997,0,1
TXF20460,131567.93,Card,1,4,119792.59,4077.93,Hyderabad,Mobile,29,1,1,12,1.0983,1,11.7872861757738,115714.66,1,0
TX12621,149.27,Card,16,3,39267.35,4874.94,Mumbai,Mobile,45,0,0,1,0.0038,0,5.012433676037635,34392.409999999996,0,0
TX10077,1240.14,Wallet,13,2,15678.5,25964.65,Kolkata,Laptop,112,0,0,2,0.0791,0,7.1237855910899714,-10286.150000000001,0,0
TX12898,426.33,E-commerce,16,4,45556.31,31349.62,Pune,Mobile,36,0,0,2,0.0094,0,6.05755654847007,14206.689999999999,0,0
TX11314,1033.62,Bank Transfer,15,5,44594.38,29824.42,Pune,Mobile,179,0,0,3,0.0232,0,6.941789488525041,14769.96,0,1
TX14372,1542.14,E-commerce,9,3,10411.09,9148.16,Hyderabad,Laptop,188,0,0,4,0.1481,0,7.34157458058683,1262.9300000000003,0,0
TX10872,3998.88,Wallet,15,0,32607.24,17717.21,Pune,Mobile,95,0,0,3,0.1226,0,8.294019639652019,14890.030000000002,0,0
TX13850,1901.9,UPI,10,3,23942.71,13252.29,Pune,Tablet,67,0,0,1,0.0794,0,7.5511343173079615,10690.419999999998,0,0
TXF20287,18543.9,Bank Transfer,18,1,16109.94,3999.46,Chennai,Tablet,26,1,0,12,1.1511,1,9.827950097620127,12110.48,0,0
TX12965,554.06,Card,11,1,71324.19,39154.31,Hyderabad,Mobile,143,0,0,2,0.0078,0,6.3190762160112826,32169.880000000005,0,0
TX13391,987.68,E-commerce,10,2,42105.75,13764.74,Hyderabad,Laptop,149,0,0,2,0.0235,0,6.896370720115499,28341.010000000002,0,0
TX12560,6090.01,Wallet,9,6,89178.26,2558.76,Hyderabad,Tablet,40,0,0,2,0.0683,0,8.714569192601678,86619.5,0,1
TXF20396,70761.41,Bank Transfer,4,2,111884.94,1929.28,Lucknow,Mobile,30,1,1,6,0.6324,1,11.167083206484012,109955.66,1,0
TX12635,1244.48,Card,16,6,41832.04,45371.43,Mumbai,Mobile,181,0,0,2,0.0297,0,7.127276276765198,-3539.3899999999994,0,1
TX13530,3736.5,E-commerce,16,3,15239.13,41933.06,Bengaluru,Laptop,37,0,0,2,0.2452,0,8.226172217698942,-26693.93,0,0
TX10375,3480.78,Card,15,2,100316.03,9357.72,Bengaluru,Mobile,182,0,0,1,0.0347,0,8.155298936252798,90958.31,0,0
TX11908,3232.11,Bank Transfer,11,3,89980.85,44709.26,Mumbai,Laptop,64,0,0,2,0.0359,0,8.081199801272824,45271.590000000004,0,0
TX14332,821.08,E-commerce,15,5,50709.34,23688.07,Lucknow,Mobile,126,0,0,1,0.0162,0,6.711837713921518,27021.269999999997,0,1
TX14379,4756.69,UPI,17,5,46135.59,18642.13,Delhi,Laptop,105,0,0,1,0.1031,0,8.467517535314517,27493.459999999995,0,1
TX14027,551.41,Bank Transfer,12,0,30632.82,23580.02,Chennai,Desktop,74,0,0,2,0.018,0,6.314290524195323,7052.799999999999,0,0
TX11604,609.01,E-commerce,15,5,51320.42,466.92,Bengaluru,Mobile,36,0,0,3,0.0119,0,6.413475350475609,50853.5,0,1
TX11118,719.82,Card,12,2,83561.35,8618.35,Pune,Laptop,96,0,0,3,0.0086,0,6.580389452857024,74943.0,0,0
TX13677,247.71,Wallet,20,4,44477.22,3116.3,Mumbai,Mobile,181,0,0,2,0.0056,0,5.516287559088249,41360.92,0,0
TX13490,2789.94,Card,19,4,81682.48,12768.81,Mumbai,Tablet,182,0,0,4,0.0342,0,7.934133735634158,68913.67,0,0
TXF20364,63861.44,Card,4,6,253338.0,4986.6,Delhi,Mobile,18,1,1,11,0.2521,1,11.064486674120115,248351.4,1,1
TX12958,1249.17,E-commerce,19,0,60437.69,10110.76,Bengaluru,Laptop,162,0,0,1,0.0207,0,7.131034821049186,50326.93,0,0
TX11994,309.27,UPI,13,0,84919.6,36385.42,Delhi,Mobile,115,0,0,3,0.0036,0,5.7374428861488145,48534.18000000001,0,0
TXF20455,155787.28,Bank Transfer,1,3,85420.96,3066.43,Jaipur,Tablet,18,1,1,20,1.8238,1,11.956253184942286,82354.53000000001,1,0
TX14355,1267.97,Bank Transfer,8,4,81985.83,44432.74,Kolkata,Desktop,176,0,0,2,0.0155,0,7.145960826773004,37553.090000000004,0,0
TX12376,1321.38,UPI,19,1,92825.72,10511.73,Delhi,Desktop,33,0,0,4,0.0142,0,7.187188422375507,82313.99,0,0
TX11342,1261.72,Wallet,19,1,65996.15,2374.7,Hyderabad,Desktop,118,0,0,4,0.0191,0,7.141023403394196,63621.45,0,0
TX10320,725.0,Card,13,1,48972.62,31412.52,Lucknow,Mobile,37,0,0,2,0.0148,0,6.587550014824796,17560.100000000002,0,0
TX11619,964.39,Card,20,6,94986.87,17217.03,Mumbai,Laptop,191,0,0,4,0.0102,0,6.872532164772081,77769.84,0,1
TX13713,1972.7,Wallet,20,6,13820.7,17448.82,Pune,Desktop,162,0,0,3,0.1427,0,7.587665232760062,-3628.119999999999,0,1
TX12060,575.89,E-commerce,10,5,34643.12,4576.08,Delhi,Mobile,43,0,0,1,0.0166,0,6.357651607085914,30067.04,0,1
TX12219,206.72,Wallet,17,1,66565.93,21759.04,Mumbai,Tablet,57,0,0,4,0.0031,0,5.336191018976118,44806.88999999999,0,0
TX11673,367.79,E-commerce,14,6,37352.34,19606.78,Mumbai,Desktop,102,0,0,1,0.0098,0,5.910227376347359,17745.559999999998,0,1
TX10260,131.53,E-commerce,10,4,40507.45,28026.05,Ahmedabad,Mobile,36,0,0,2,0.0032,0,4.886809034892587,12481.399999999998,0,0
TX14417,1073.02,Bank Transfer,9,4,20978.53,5804.72,Mumbai,Laptop,33,0,0,1,0.0511,0,6.979163896869353,15173.809999999998,0,0
TX12039,607.31,Card,10,2,35605.83,37347.96,Jaipur,Mobile,70,0,0,2,0.0171,0,6.410684620448482,-1742.1299999999974,0,0
TX10901,669.28,Bank Transfer,16,1,34562.52,48928.42,Mumbai,Desktop,79,0,0,2,0.0194,0,6.507695535532523,-14365.900000000001,0,0
TX13744,1638.47,Bank Transfer,20,0,78933.54,44921.64,Bengaluru,Mobile,107,0,0,3,0.0208,0,7.402128297855622,34011.899999999994,0,0
TX12026,916.09,UPI,14,1,49680.84,27087.27,Chennai,Tablet,66,0,0,4,0.0184,0,6.821205613569129,22593.569999999996,0,0
TX11917,2933.62,Card,10,3,33588.66,31947.4,Mumbai,Mobile,137,0,0,2,0.0873,0,7.984333251989017,1641.260000000002,0,0
TX11828,674.06,E-commerce,8,2,81283.42,42521.62,Jaipur,Desktop,148,0,0,3,0.0083,0,6.514801575811036,38761.799999999996,0,0
TX11573,10422.51,UPI,11,0,106809.19,18911.61,Mumbai,Mobile,179,0,0,3,0.0976,0,9.251819110792685,87897.58,0,0
TX14394,579.74,Card,13,5,83617.29,41842.36,Delhi,Desktop,127,0,0,4,0.0069,0,6.364303152389052,41774.92999999999,0,1
TX14208,1264.15,UPI,8,4,77261.14,9616.79,Bengaluru,Mobile,156,0,0,4,0.0164,0,7.142945971207014,67644.35,0,0
TX10224,1112.91,Bank Transfer,20,4,24718.07,44988.77,Bengaluru,Desktop,116,0,0,1,0.045,0,7.015631627277406,-20270.699999999997,0,0
TX10723,2097.8,UPI,15,0,39529.46,30093.6,Bengaluru,Laptop,126,0,0,4,0.0531,0,7.649121031812557,9435.86,0,0
TX14485,439.5,Wallet,16,5,50544.72,43795.1,Mumbai,Mobile,184,0,0,3,0.0087,0,6.0879104453762345,6749.620000000003,0,1
TX11141,941.62,E-commerce,11,5,17639.32,29801.12,Pune,Laptop,165,0,0,2,0.0534,0,6.8486632321724485,-12161.8,0,1
TX12762,1882.04,Bank Transfer,8,0,51945.94,29018.86,Bengaluru,Mobile,25,0,0,3,0.0362,0,7.540642771129352,22927.08,0,0
TX10846,186.89,Wallet,8,0,5054.93,8370.91,Mumbai,Desktop,48,0,0,3,0.037,0,5.235856685205431,-3315.9799999999996,0,0
TX12551,816.11,Card,10,0,87576.74,37362.49,Pune,Desktop,162,0,0,2,0.0093,0,6.705773724719886,50214.25000000001,0,0
TX12928,2071.31,Card,9,1,66776.45,41353.71,Ahmedabad,Desktop,17,0,0,2,0.031,0,7.636419206087944,25422.739999999998,0,0
TX10117,1204.55,UPI,9,2,35614.5,46544.79,Kolkata,Desktop,159,0,0,3,0.0338,0,7.094691173326837,-10930.29,0,0
TX10645,1423.16,UPI,18,3,20570.65,42923.03,Kolkata,Mobile,47,0,0,3,0.0692,0,7.261337445210621,-22352.379999999997,0,0
TX10003,2026.26,Wallet,20,0,85354.3,10695.72,Delhi,Mobile,200,0,0,3,0.0237,0,7.614440406603227,74658.58,0,0
TX14170,2951.21,E-commerce,20,4,75011.27,32175.9,Jaipur,Mobile,134,0,0,2,0.0393,0,7.990309321401543,42835.37,0,0
TX10467,1416.33,Card,15,3,97727.55,24228.93,Mumbai,Desktop,67,0,0,3,0.0145,0,7.2565300989565324,73498.62,0,0
TX10005,755.53,UPI,15,3,44234.06,14632.33,Lucknow,Mobile,146,0,0,3,0.0171,0,6.6287421887540825,29601.729999999996,0,0
TX10919,3740.53,UPI,15,5,32673.48,21695.07,Pune,Tablet,94,0,0,4,0.1145,0,8.227249897662796,10978.41,0,1
TX12595,3747.8,Wallet,20,2,99985.3,45084.14,Bengaluru,Mobile,147,0,0,1,0.0375,0,8.229191067753531,54901.16,0,0
TX11063,864.99,Wallet,15,6,28927.74,46073.24,Mumbai,Desktop,53,0,0,3,0.0299,0,6.763873361151653,-17145.499999999996,0,1
TX12590,501.37,Card,13,6,18877.47,34486.54,Chennai,Desktop,169,0,0,1,0.0266,0,6.2193368999952785,-15609.07,0,1
TX10242,1611.32,Bank Transfer,20,2,72481.56,7711.7,Chennai,Desktop,25,0,0,4,0.0222,0,7.3854294145320925,64769.86,0,0
TX11160,3689.02,UPI,15,4,7417.14,32970.01,Mumbai,Laptop,51,0,0,1,0.4974,0,8.213387157074084,-25552.870000000003,0,0
TX12870,1558.25,UPI,9,0,53806.48,41529.48,Pune,Desktop,135,0,0,2,0.029,0,7.351960215406232,12277.0,0,0
TX13735,429.46,Card,15,2,13909.58,38158.04,Pune,Mobile,169,0,0,2,0.0309,0,6.064854404336033,-24248.46,0,0
TX12397,546.44,E-commerce,16,2,99188.26,15829.32,Ahmedabad,Desktop,71,0,0,3,0.0055,0,6.305252866644242,83358.94,0,0
TX13517,1734.99,Card,15,5,33525.42,41461.97,Delhi,Laptop,115,0,0,2,0.0518,0,7.459333134835041,-7936.550000000003,0,1
TX13421,1155.85,E-commerce,8,3,73674.23,45282.89,Chennai,Desktop,43,0,0,4,0.0157,0,7.053456073153691,28391.339999999997,0,0
TX12563,489.66,Wallet,20,4,6132.39,8010.95,Bengaluru,Desktop,150,0,0,4,0.0798,0,6.1957514235718865,-1878.5599999999995,0,0
TX11605,4125.6,Card,15,3,73451.75,33101.0,Kolkata,Desktop,161,0,0,4,0.0562,0,8.32520910235113,40350.75,0,0
TXF20328,4598.61,Card,15,0,125437.56,2299.11,Jaipur,Mobile,12,1,0,22,0.0367,1,8.433726796274241,123138.45,0,0
TX12324,2393.64,Bank Transfer,9,0,94420.8,2852.31,Chennai,Mobile,36,0,0,2,0.0254,0,7.7809881853944605,91568.49,0,0
TX12709,1185.27,UPI,10,2,58748.48,42696.13,Chennai,Mobile,63,0,0,2,0.0202,0,7.078569209634488,16052.350000000006,0,0
TX14398,16353.78,Bank Transfer,12,2,109061.71,1677.59,Mumbai,Mobile,92,0,0,3,0.1499,0,9.702275488338142,107384.12000000001,0,0
TX11312,570.79,UPI,8,3,57372.92,45410.13,Hyderabad,Tablet,15,0,0,1,0.0099,0,6.3487717911028945,11962.79,0,0
TX13448,518.7,E-commerce,9,6,61943.88,21972.81,Mumbai,Mobile,102,0,0,4,0.0084,0,6.253251722014396,39971.06999999999,0,1
TX13812,1665.73,E-commerce,14,2,100681.65,38911.8,Mumbai,Desktop,99,0,0,4,0.0165,0,7.418618902026146,61769.84999999999,0,0
TXF20155,7681.13,Card,1,3,26094.6,2348.24,Kolkata,Mobile,22,1,0,1,0.2944,1,8.94665213143905,23746.36,1,0
TX12362,561.97,Bank Transfer,15,3,31532.77,41908.28,Pune,Desktop,183,0,0,1,0.0178,0,6.3332263407519145,-10375.509999999998,0,0
TX11975,623.52,Bank Transfer,19,6,62358.7,20345.15,Pune,Laptop,87,0,0,2,0.01,0,6.43698335467332,42013.549999999996,0,1
TX13514,1510.98,Bank Transfer,17,2,23141.86,42893.63,Mumbai,Mobile,191,0,0,1,0.0653,0,7.321175329138766,-19751.769999999997,0,0
TX11761,543.06,UPI,12,3,99110.33,34365.26,Ahmedabad,Laptop,133,0,0,1,0.0055,0,6.299059534891641,64745.07,0,0
TX12739,499.77,Card,20,0,9756.37,44687.38,Mumbai,Desktop,37,0,0,3,0.0512,0,6.216146913838209,-34931.009999999995,0,0
TXF20344,147576.38,UPI,0,3,92372.52,4398.54,Kolkata,Laptop,4,1,1,9,1.5976,1,11.902107927371697,87973.98000000001,1,0
TX12472,977.57,UPI,16,6,97024.07,34689.15,Bengaluru,Mobile,47,0,0,1,0.0101,0,6.886092322345878,62334.920000000006,0,1
TX14007,3356.95,UPI,19,1,100325.44,8764.6,Delhi,Desktop,158,0,0,3,0.0335,0,8.119085947711266,91560.84,0,0
TX11493,621.52,Wallet,19,4,60915.6,34834.39,Chennai,Desktop,157,0,0,2,0.0102,0,6.433775756336809,26081.21,0,0
TX14206,1085.84,UPI,14,1,7141.74,48888.4,Mumbai,Laptop,140,0,0,3,0.152,0,6.991029682174857,-41746.66,0,0
TX12158,503.6,Card,19,4,93802.09,19214.63,Hyderabad,Laptop,134,0,0,1,0.0054,0,6.223766036206958,74587.45999999999,0,0
TX11169,3167.31,Wallet,14,4,83835.91,16476.16,Mumbai,Desktop,9,0,0,3,0.0378,0,8.060953601682325,67359.75,0,0
TXF20016,149605.23,Card,13,2,265955.05,4397.82,Jaipur,Laptop,10,0,0,2,0.5625,1,11.915761988040437,261557.22999999998,0,0
TX10232,1608.7,Wallet,10,6,36145.83,41080.74,Mumbai,Mobile,151,0,0,4,0.0445,0,7.383803105212184,-4934.909999999996,0,1
TX10066,538.29,Card,12,2,97852.84,19715.58,Mumbai,Mobile,126,0,0,1,0.0055,0,6.2902534596161015,78137.26,0,0
TX11603,1294.76,E-commerce,8,5,67936.31,21024.8,Kolkata,Desktop,68,0,0,2,0.0191,0,7.166852674578141,46911.509999999995,0,1
TX13283,6423.28,Bank Transfer,14,4,62147.62,14431.91,Hyderabad,Mobile,149,0,0,4,0.1034,0,8.767839841227167,47715.71000000001,0,0
TX13596,780.8,UPI,16,1,1837.42,2234.89,Delhi,Tablet,141,0,0,1,0.4249,0,6.661598953358855,-397.4699999999998,0,0
TX10125,415.15,Bank Transfer,8,1,79677.26,39501.95,Pune,Laptop,117,0,0,4,0.0052,0,6.031045772192104,40175.31,0,0
TX11296,482.46,Bank Transfer,14,3,68210.92,19857.27,Bengaluru,Mobile,155,0,0,1,0.0071,0,6.180968581377955,48353.649999999994,0,0
TX11976,1000.16,E-commerce,8,3,27890.4,34335.95,Mumbai,Laptop,11,0,0,4,0.0359,0,6.908914606701983,-6445.549999999996,0,0
TXF20017,144577.21,Card,16,6,142104.54,3699.11,Chennai,Laptop,23,1,1,3,1.0174,1,11.881575885788754,138405.43000000002,0,1
TX14481,1020.25,Card,10,6,23127.21,49214.06,Delhi,Laptop,111,0,0,3,0.0441,0,6.928782646174213,-26086.85,0,1
TX12075,699.89,UPI,19,0,99633.24,2831.77,Bengaluru,Desktop,58,0,0,1,0.007,0,6.552350956033975,96801.47,0,0
TX13086,3627.75,UPI,14,2,56541.26,15904.18,Mumbai,Mobile,154,0,0,1,0.0642,0,8.19664351533884,40637.08,0,0
TX14345,1740.65,Bank Transfer,20,1,47813.11,43247.42,Pune,Desktop,182,0,0,4,0.0364,0,7.462588218741125,4565.690000000002,0,0
TX13345,959.63,Wallet,12,5,12045.28,24809.06,Mumbai,Mobile,114,0,0,3,0.0797,0,6.867589319224012,-12763.78,0,1
TX14464,1760.65,Card,8,1,53400.32,35464.34,Bengaluru,Mobile,17,0,0,1,0.033,0,7.474006148853538,17935.980000000003,0,0
TX12797,5986.76,Card,8,1,66466.11,49300.98,Bengaluru,Mobile,52,0,0,1,0.0901,0,8.697472664575967,17165.129999999997,0,0
TX10918,662.88,Card,15,0,7964.02,39209.62,Ahmedabad,Desktop,14,0,0,2,0.0832,0,6.498101410252518,-31245.600000000002,0,0
TX11646,314.06,Bank Transfer,19,0,43778.87,39110.81,Kolkata,Laptop,118,0,0,3,0.0072,0,5.752763096877823,4668.060000000005,0,0
TX10364,3836.9,Card,10,4,72324.79,22350.55,Bengaluru,Desktop,136,0,0,4,0.0531,0,8.252680620991098,49974.23999999999,0,0
TX13287,1117.34,Wallet,8,5,38678.0,22841.22,Lucknow,Tablet,10,0,0,2,0.0289,0,7.019600721971767,15836.779999999999,0,1
TX12125,602.76,UPI,10,5,81893.55,43370.89,Ahmedabad,Desktop,77,0,0,3,0.0074,0,6.403176767976613,38522.66,0,1
TX14123,323.12,UPI,13,3,27243.91,22327.14,Mumbai,Tablet,80,0,0,1,0.0119,0,5.781113817592525,4916.77,0,0
TX10525,916.16,Bank Transfer,19,3,83756.18,36707.36,Bengaluru,Mobile,94,0,0,4,0.0109,0,6.821281939042793,47048.81999999999,0,0
TX10055,3120.39,Bank Transfer,11,4,12884.12,44871.07,Delhi,Mobile,76,0,0,3,0.2422,0,8.04603369441267,-31986.949999999997,0,0
TX10638,5710.26,E-commerce,13,6,14514.94,44132.58,Pune,Mobile,194,0,0,3,0.3934,0,8.650194943806131,-29617.64,0,1
TX10302,1033.24,Wallet,16,4,19953.97,27140.86,Kolkata,Mobile,134,0,0,4,0.0518,0,6.941422136452621,-7186.889999999999,0,0
TX12766,1819.98,Wallet,20,4,50576.71,15348.27,Mumbai,Laptop,9,0,0,2,0.036,0,7.507130096690908,35228.44,0,0
TX11276,3411.22,E-commerce,16,3,90836.26,49778.89,Mumbai,Laptop,158,0,0,3,0.0376,0,8.135118384844773,41057.369999999995,0,0
TX12055,2012.35,E-commerce,14,0,12317.76,11680.72,Ahmedabad,Mobile,148,0,0,4,0.1634,0,7.607555280372183,637.0400000000009,0,0
TX13644,1256.37,UPI,18,3,21970.19,45988.21,Mumbai,Mobile,153,0,0,2,0.0572,0,7.136777516908173,-24018.02,0,0
TX14143,206.96,UPI,19,2,80598.48,20041.96,Delhi,Mobile,133,0,0,3,0.0026,0,5.337345753515515,60556.52,0,0
TX12878,244.69,Card,18,5,53964.53,43842.25,Mumbai,Laptop,108,0,0,1,0.0045,0,5.5040705786581645,10122.279999999999,0,1
TX14202,549.2,Wallet,19,6,8888.02,13917.39,Delhi,Mobile,89,0,0,3,0.0618,0,6.310281848490474,-5029.369999999999,0,1
TX12286,3031.62,Wallet,15,0,58995.38,12875.46,Chennai,Laptop,120,0,0,2,0.0514,0,8.017182211346082,46119.92,0,0
TX12261,821.55,E-commerce,15,1,20134.78,45055.3,Pune,Laptop,194,0,0,3,0.0408,0,6.71240927106543,-24920.520000000004,0,0
TX12296,1036.73,Wallet,17,2,67944.58,736.99,Delhi,Laptop,14,0,0,2,0.0153,0,6.944790914282965,67207.59,0,0
TX11753,2556.13,UPI,8,2,12311.36,7279.01,Kolkata,Mobile,135,0,0,4,0.2076,0,7.846640814827932,5032.35,0,0
TX11968,1785.8,Wallet,10,2,74069.99,47069.82,Kolkata,Mobile,162,0,0,2,0.0241,0,7.488181589477963,27000.170000000006,0,0
TX14351,3646.43,Card,16,0,4318.05,4973.55,Kolkata,Desktop,86,0,0,3,0.8445,0,8.201778088985918,-655.5,0,0
TX13117,1548.15,Wallet,16,4,81208.54,20911.06,Jaipur,Mobile,37,0,0,4,0.0191,0,7.345461672397319,60297.479999999996,0,0
TX12393,1894.4,Card,12,2,4821.3,29113.1,Chennai,Mobile,15,0,0,1,0.3929,0,7.547185177036095,-24291.8,0,0
TX10523,2842.72,Card,11,6,55783.35,21361.56,Delhi,Mobile,10,0,0,1,0.051,0,7.952868333193065,34421.78999999999,0,1
TX13900,770.68,Wallet,16,1,4085.03,6939.69,Mumbai,Mobile,132,0,0,2,0.1887,0,6.648569956320662,-2854.6599999999994,0,0
TX13122,89.05,E-commerce,11,2,52218.56,7081.96,Pune,Mobile,128,0,0,3,0.0017,0,4.500365071621965,45136.6,0,0
TX14156,498.93,Wallet,18,1,2833.13,7482.94,Kolkata,Mobile,181,0,0,2,0.1761,0,6.214468088621277,-4649.8099999999995,0,0
TX11969,315.99,UPI,12,3,88538.71,25808.09,Pune,Mobile,132,0,0,2,0.0036,0,5.758870227638378,62730.62000000001,0,0
TX10671,2614.39,E-commerce,12,1,89953.4,5717.76,Jaipur,Desktop,108,0,0,1,0.0291,0,7.869168504958171,84235.64,0,0
TX14188,1092.95,E-commerce,13,0,48828.36,5590.06,Hyderabad,Laptop,160,0,0,1,0.0224,0,6.997550278098352,43238.3,0,0
TX10666,714.61,UPI,15,3,74835.07,45912.02,Delhi,Desktop,137,0,0,3,0.0095,0,6.573135325824236,28923.05000000001,0,0
TX14338,831.4,Card,20,3,57240.26,21725.7,Mumbai,Mobile,44,0,0,1,0.0145,0,6.724313094519479,35514.56,0,0
TX11887,372.25,Bank Transfer,16,1,41409.33,49329.82,Mumbai,Mobile,88,0,0,4,0.009,0,5.9222484364192995,-7920.489999999998,0,0
TX13266,5662.71,Bank Transfer,20,0,52977.97,2493.58,Mumbai,Mobile,58,0,0,4,0.1069,0,8.64183443349779,50484.39,0,0
TX10280,1402.82,Wallet,15,4,64933.9,12968.6,Mumbai,Laptop,40,0,0,3,0.0216,0,7.246952371238572,51965.3,0,0
TX11719,558.1,E-commerce,11,5,87592.84,44552.52,Mumbai,Mobile,142,0,0,4,0.0064,0,6.326328348032599,43040.32,0,1
TX12947,2109.88,Wallet,16,0,100387.36,43026.37,Mumbai,Laptop,153,0,0,1,0.021,0,7.654860201135467,57360.99,0,0
TX10899,4610.86,UPI,14,3,77644.48,43098.38,Pune,Mobile,181,0,0,4,0.0594,0,8.436386525334107,34546.1,0,0
TXF20350,58087.5,Wallet,23,0,97840.0,1485.38,Jaipur,Desktop,24,1,1,8,0.5937,1,10.96972298865284,96354.62,1,0
TX10760,1049.52,UPI,12,0,83887.65,38249.94,Delhi,Desktop,88,0,0,2,0.0125,0,6.957040558656894,45637.70999999999,0,0
TX11906,2125.35,Card,20,3,57758.23,8807.47,Delhi,Mobile,141,0,0,1,0.0368,0,7.662162173762283,48950.76,0,0
TX14042,3996.67,Wallet,12,1,15385.0,13596.41,Delhi,Laptop,193,0,0,4,0.2598,0,8.293466970382992,1788.5900000000001,0,0
TX13823,1760.47,Wallet,18,5,9640.65,49609.37,Kolkata,Desktop,148,0,0,2,0.1826,0,7.473903966696724,-39968.72,0,1
TX14138,2890.38,Card,15,6,86398.8,15278.71,Pune,Mobile,90,0,0,2,0.0335,0,7.969489175786022,71120.09,0,1
TX13818,776.82,E-commerce,14,2,83875.64,42670.26,Delhi,Desktop,89,0,0,2,0.0093,0,6.656495134942101,41205.38,0,0
TX14300,103.8,Wallet,20,3,75771.45,44026.53,Pune,Laptop,113,0,0,4,0.0014,0,4.6520537718869415,31744.92,0,0
TX12593,832.49,E-commerce,20,3,70467.15,22133.21,Mumbai,Mobile,178,0,0,3,0.0118,0,6.725621704518397,48333.939999999995,0,0
TX14164,689.11,E-commerce,18,1,90022.05,49915.33,Hyderabad,Desktop,142,0,0,4,0.0077,0,6.536851005175096,40106.72,0,0
TX13031,849.07,Card,11,0,29812.05,25890.15,Ahmedabad,Mobile,99,0,0,1,0.0285,0,6.745318699034722,3921.899999999998,0,0
TX13579,1113.92,UPI,11,5,7464.12,36490.39,Kolkata,Laptop,180,0,0,4,0.1492,0,7.016537932441222,-29026.27,0,1
TX12832,5289.79,E-commerce,19,4,39095.95,34804.87,Jaipur,Desktop,194,0,0,4,0.1353,0,8.573722852076772,4291.0799999999945,0,0
TX13472,517.61,UPI,11,4,86506.24,20235.79,Pune,Laptop,20,0,0,2,0.006,0,6.251152155602805,66270.45000000001,0,0
TX10137,491.75,Bank Transfer,15,1,6593.93,6029.01,Delhi,Desktop,171,0,0,1,0.0746,0,6.200001946032829,564.9200000000001,0,0
TX12180,1533.04,Card,11,0,42633.07,9644.74,Mumbai,Mobile,151,0,0,2,0.036,0,7.3356600572065345,32988.33,0,0
TX12128,957.3,E-commerce,17,5,45911.13,454.12,Chennai,Mobile,33,0,0,1,0.0209,0,6.865160881349716,45457.009999999995,0,1
TX13177,1954.99,Bank Transfer,12,3,45787.74,3710.19,Ahmedabad,Desktop,96,0,0,2,0.0427,0,7.578651738107256,42077.549999999996,0,0
TX14367,2094.75,E-commerce,16,5,47315.94,34498.01,Mumbai,Mobile,192,0,0,3,0.0443,0,7.647666763517967,12817.93,0,1
TX14261,2816.95,UPI,20,1,10301.51,49018.07,Bengaluru,Mobile,69,0,0,4,0.2735,0,7.943764949221016,-38716.56,0,0
TX14344,1882.57,Bank Transfer,17,2,83302.17,32171.59,Bengaluru,Mobile,45,0,0,2,0.0226,0,7.540924191294168,51130.58,0,0
TX11331,2233.29,Bank Transfer,9,2,59608.25,9323.44,Mumbai,Mobile,102,0,0,1,0.0375,0,7.711678783200717,50284.81,0,0
TX12017,683.33,Card,14,5,39393.23,42734.54,Delhi,Tablet,16,0,0,2,0.0173,0,6.528440257418357,-3341.3099999999977,0,1
TX12482,2684.14,E-commerce,15,5,97769.47,36510.95,Bengaluru,Tablet,64,0,0,2,0.0275,0,7.895488147110645,61258.520000000004,0,1
TX11358,1137.03,UPI,10,1,23990.44,20026.7,Delhi,Mobile,137,0,0,3,0.0474,0,7.037053976377468,3963.739999999998,0,0
TX11329,2646.67,Wallet,13,5,44353.71,47901.5,Hyderabad,Tablet,116,0,0,2,0.0597,0,7.881435286934392,-3547.790000000001,0,1
TX12150,950.13,Bank Transfer,16,3,36912.4,37407.83,Jaipur,Mobile,69,0,0,2,0.0257,0,6.857650751415449,-495.4300000000003,0,0
TX12122,663.2,Bank Transfer,16,0,43660.89,6524.85,Bengaluru,Desktop,183,0,0,4,0.0152,0,6.498583308942647,37136.04,0,0
TX13981,1500.03,Bank Transfer,14,0,43220.58,48861.43,Delhi,Mobile,102,0,0,2,0.0347,0,7.313906818109281,-5640.8499999999985,0,0
TX11252,2045.67,Wallet,19,6,35576.83,23320.31,Delhi,Mobile,41,0,0,4,0.0575,0,7.623969361136247,12256.52,0,1
TX13278,1244.03,Wallet,17,6,98046.09,23946.74,Bengaluru,Mobile,147,0,0,1,0.0127,0,7.126914904994037,74099.34999999999,0,1
TX13374,1649.83,E-commerce,16,3,41738.75,47655.51,Mumbai,Laptop,142,0,0,2,0.0395,0,7.409033470720327,-5916.760000000002,0,0
TX12814,519.84,Card,19,6,27975.31,42784.87,Delhi,Mobile,188,0,0,4,0.0186,0,6.255442892860527,-14809.560000000001,0,1
TX11848,1877.24,E-commerce,20,4,14994.02,43343.12,Hyderabad,Mobile,190,0,0,1,0.1252,0,7.538090447130212,-28349.100000000002,0,0
TX13037,797.41,Card,18,1,19609.49,14866.72,Bengaluru,Laptop,36,0,0,1,0.0407,0,6.682622249968917,4742.770000000002,0,0
TX10388,3650.86,Wallet,11,4,59835.9,587.57,Pune,Mobile,173,0,0,4,0.061,0,8.20299190582123,59248.33,0,0
TX10235,501.19,Card,9,5,23811.7,36140.4,Hyderabad,Desktop,153,0,0,3,0.021,0,6.218978534139727,-12328.7,0,1
TX11077,873.14,UPI,15,1,98194.28,37988.7,Lucknow,Laptop,15,0,0,4,0.0089,0,6.77324054589396,60205.58,0,0
TX11984,1062.19,UPI,12,5,96137.29,19242.09,Bengaluru,Mobile,156,0,0,4,0.011,0,6.969029101786707,76895.2,0,1
TX14363,1801.55,E-commerce,13,1,19399.09,17971.53,Kolkata,Mobile,155,0,0,3,0.0929,0,7.4969576080254186,1427.5600000000013,0,0
TX13962,2777.21,Card,9,3,64553.68,14687.24,Kolkata,Desktop,119,0,0,2,0.043,0,7.929562114409694,49866.44,0,0
TX10770,2350.77,Bank Transfer,12,1,32165.4,814.33,Hyderabad,Mobile,120,0,0,4,0.0731,0,7.762923515121204,31351.07,0,0
TX12165,1904.66,E-commerce,20,5,15440.61,30087.76,Chennai,Mobile,155,0,0,3,0.1234,0,7.552583684251453,-14647.149999999998,0,1
TX10673,4772.12,Bank Transfer,20,3,6506.32,23491.52,Kolkata,Tablet,152,0,0,3,0.7335,0,8.470755458110347,-16985.2,0,0
TX10249,291.81,E-commerce,20,4,35253.24,17412.96,Mumbai,Mobile,85,0,0,3,0.0083,0,5.679523934509421,17840.28,0,0
TX11574,607.62,E-commerce,11,2,69077.49,46635.08,Mumbai,Mobile,29,0,0,1,0.0088,0,6.411194099229851,22442.410000000003,0,0
TX13419,2026.06,E-commerce,14,4,96096.0,27770.18,Hyderabad,Laptop,83,0,0,2,0.0211,0,7.614341746408589,68325.82,0,0
TX12081,880.18,Bank Transfer,14,0,11135.61,26388.18,Hyderabad,Desktop,172,0,0,3,0.079,0,6.781261918347427,-15252.57,0,0
TX11823,1671.57,Bank Transfer,10,3,80784.85,30852.91,Bengaluru,Tablet,167,0,0,3,0.0207,0,7.422116644639255,49931.94,0,0
TX10716,706.99,UPI,11,6,13445.82,27976.26,Mumbai,Mobile,168,0,0,4,0.0526,0,6.562429969300186,-14530.439999999999,0,1
TXF20168,51298.68,Card,13,2,168788.54,747.99,Lucknow,Tablet,19,0,1,2,0.3039,1,10.845439793322642,168040.55000000002,0,0
TX12048,589.51,Card,15,0,79707.58,10967.26,Bengaluru,Desktop,74,0,0,2,0.0074,0,6.380986570295041,68740.32,0,0
TX14178,891.57,Bank Transfer,15,3,98131.42,27969.96,Delhi,Mobile,9,0,0,3,0.0091,0,6.7941049419507635,70161.45999999999,0,0
TX12724,662.04,Card,14,5,28272.52,41606.09,Delhi,Mobile,141,0,0,4,0.0234,0,6.496835320191009,-13333.569999999996,0,1
TXF20021,96872.7,E-commerce,8,2,236933.09,4701.74,Lucknow,Mobile,7,0,1,3,0.4089,1,11.481163347210769,232231.35,0,0
TX11460,1866.39,Bank Transfer,17,6,35930.79,41393.43,Hyderabad,Mobile,45,0,0,3,0.0519,0,7.532297012996396,-5462.639999999999,0,1
TX11668,334.54,Wallet,9,0,14145.47,47670.03,Mumbai,Mobile,57,0,0,3,0.0236,0,5.8157411743422545,-33524.56,0,0
TX12756,1714.68,UPI,18,2,83604.16,29425.95,Bengaluru,Mobile,191,0,0,3,0.0205,0,7.447564782471836,54178.21000000001,0,0
TX12000,992.84,Card,9,1,68089.72,44424.78,Pune,Desktop,117,0,0,2,0.0146,0,6.901576227905421,23664.940000000002,0,0
TX10404,1130.49,Card,20,0,21484.96,34043.39,Chennai,Desktop,94,0,0,4,0.0526,0,7.0312906272086435,-12558.43,0,0
TX10384,763.68,Bank Transfer,19,0,60965.72,14653.96,Delhi,Desktop,57,0,0,4,0.0125,0,6.639457445660818,46311.76,0,0
TXF20035,181082.81,Bank Transfer,11,0,133884.49,2939.67,Ahmedabad,Desktop,20,1,1,3,1.3525,1,12.10671524175267,130944.81999999999,0,0
TX12152,964.55,E-commerce,8,2,5451.42,49217.67,Ahmedabad,Laptop,42,0,0,3,0.1769,0,6.872697887166734,-43766.25,0,0
TX11633,664.44,Bank Transfer,8,1,44900.95,25571.96,Bengaluru,Mobile,200,0,0,1,0.0148,0,6.5004484759946015,19328.989999999998,0,0
TXF20086,13391.05,UPI,3,6,14266.68,460.4,Mumbai,Desktop,1,1,0,1,0.9386,1,9.502416526294569,13806.28,1,1
TX13925,881.04,Bank Transfer,10,1,38524.89,20934.39,Mumbai,Desktop,72,0,0,2,0.0229,0,6.782237406452367,17590.5,0,0
TX14158,788.45,UPI,16,5,56744.28,44440.77,Chennai,Mobile,60,0,0,2,0.0139,0,6.6713365004678975,12303.510000000002,0,1
TX10223,791.19,UPI,13,3,47327.83,15138.76,Hyderabad,Desktop,36,0,0,3,0.0167,0,6.674801262033164,32189.07,0,0
TX12193,489.64,UPI,9,1,96744.99,44522.01,Hyderabad,Tablet,169,0,0,1,0.0051,0,6.195710661317729,52222.98,0,0
TX13136,1193.0,Wallet,9,0,63633.33,15821.32,Bengaluru,Mobile,11,0,0,3,0.0187,0,7.085064293952548,47812.01,0,0
TX11824,1213.24,UPI,11,2,32450.55,18499.39,Hyderabad,Mobile,161,0,0,3,0.0374,0,7.101873645655603,13951.16,0,0
TXF20100,25893.74,Card,1,2,206455.25,285.9,Chennai,Mobile,14,1,0,2,0.1254,1,10.161795138259217,206169.35,1,0
TX10797,860.07,UPI,17,2,85209.9,15736.06,Hyderabad,Laptop,123,0,0,4,0.0101,0,6.758175801936007,69473.84,0,0
TX12871,2135.69,UPI,17,4,44350.99,9780.3,Chennai,Tablet,56,0,0,4,0.0482,0,7.667013181623796,34570.69,0,0
TX10009,350.79,E-commerce,18,5,61301.5,8609.15,Hyderabad,Mobile,102,0,0,3,0.0057,0,5.863034406657839,52692.35,0,1
TX11944,1104.37,Card,17,0,5338.47,28504.59,Delhi,Laptop,107,0,0,3,0.2069,0,7.007935399533865,-23166.12,0,0
TX11838,582.48,Wallet,17,1,63452.35,12734.63,Lucknow,Mobile,167,0,0,1,0.0092,0,6.369010175218013,50717.72,0,0
TX10255,452.5,Card,13,0,50920.9,29809.71,Mumbai,Mobile,40,0,0,2,0.0089,0,6.116995269555192,21111.190000000002,0,0
TXF20008,103826.29,Wallet,11,1,111208.76,1220.68,Lucknow,Mobile,30,1,0,1,0.9336,1,11.550484124600528,109988.08,0,0
TX11581,2548.32,Bank Transfer,18,5,50227.04,11366.9,Bengaluru,Mobile,75,0,0,3,0.0507,0,7.843581935923927,38860.14,0,1
TX12956,1323.94,Card,15,5,33829.36,6694.87,Bengaluru,Tablet,24,0,0,2,0.0391,0,7.189122454376148,27134.49,0,1
TX10924,507.24,Wallet,13,6,43993.12,49020.4,Mumbai,Desktop,142,0,0,2,0.0115,0,6.230953776958278,-5027.279999999999,0,1
TX14429,3701.57,Bank Transfer,12,5,38628.81,22615.15,Chennai,Mobile,85,0,0,4,0.0958,0,8.216782452107733,16013.659999999996,0,1
TX12508,373.8,E-commerce,10,6,82069.13,40147.78,Bengaluru,Desktop,55,0,0,2,0.0046,0,5.926392550364267,41921.350000000006,0,1
TX13775,365.01,E-commerce,10,4,66508.3,16246.52,Mumbai,Mobile,184,0,0,3,0.0055,0,5.902660655432488,50261.78,0,0
TX14136,949.84,Card,19,5,40620.62,15207.49,Mumbai,Mobile,170,0,0,4,0.0234,0,6.857345804437056,25413.130000000005,0,1
TX12779,1657.25,Bank Transfer,9,4,93945.89,42648.04,Pune,Laptop,61,0,0,3,0.0176,0,7.413518108405666,51297.85,0,0
TX10539,675.48,E-commerce,13,0,64524.11,30735.29,Kolkata,Laptop,41,0,0,3,0.0105,0,6.516902883241818,33788.82,0,0
TX12745,703.39,Bank Transfer,16,4,34954.13,16201.92,Mumbai,Mobile,94,0,0,1,0.0201,0,6.557332180042007,18752.21,0,0
TX14498,683.91,Card,16,1,55957.91,15433.95,Pune,Mobile,69,0,0,2,0.0122,0,6.529287442768902,40523.96000000001,0,0
TXF20071,89996.31,Wallet,17,6,145589.23,2813.33,Bengaluru,Desktop,8,0,1,3,0.6182,1,11.407535059976832,142775.90000000002,0,1
TX11145,3702.65,Bank Transfer,15,6,79528.94,2874.72,Hyderabad,Mobile,148,0,0,4,0.0466,0,8.217074098860774,76654.22,0,1
TX10667,1020.02,E-commerce,8,5,29383.73,42931.25,Bengaluru,Desktop,162,0,0,2,0.0347,0,6.9285574066114,-13547.52,0,1
TX13019,931.24,E-commerce,20,3,13257.07,846.0,Pune,Desktop,148,0,0,1,0.0702,0,6.837590292265008,12411.07,0,0
TX10357,3873.69,E-commerce,14,3,67319.57,46608.2,Delhi,Tablet,40,0,0,1,0.0575,0,8.262220938587276,20711.37000000001,0,0
TX12831,2030.37,Bank Transfer,16,2,4409.02,5116.46,Delhi,Mobile,178,0,0,1,0.4605,0,7.6164657212561515,-707.4399999999996,0,0
TX12783,1604.55,E-commerce,17,0,38919.44,37064.92,Mumbai,Desktop,188,0,0,4,0.0412,0,7.3812216559907595,1854.520000000004,0,0
TX11353,1866.73,Wallet,19,3,25940.67,4938.59,Pune,Desktop,140,0,0,4,0.072,0,7.53247906872737,21002.079999999998,0,0
TX10470,1140.35,Bank Transfer,20,1,24334.29,10681.04,Bengaluru,Tablet,93,0,0,3,0.0469,0,7.039967051290641,13653.25,0,0
TX12703,2608.46,E-commerce,13,6,11453.9,49640.92,Hyderabad,Tablet,31,0,0,3,0.2277,0,7.866898582358971,-38187.02,0,1
TX13330,180.43,Card,13,4,7231.73,31146.13,Pune,Mobile,46,0,0,3,0.0249,0,5.200869904382071,-23914.4,0,0
TX13637,1429.14,UPI,9,5,57686.94,19958.07,Delhi,Desktop,78,0,0,2,0.0248,0,7.265527620559758,37728.87,0,1
TX11396,503.36,UPI,9,2,88538.72,2556.12,Mumbai,Mobile,8,0,0,2,0.0057,0,6.223290298805026,85982.6,0,0
TX13584,1084.85,E-commerce,14,2,12193.47,17344.49,Mumbai,Mobile,121,0,0,2,0.089,0,6.99011836940726,-5151.020000000002,0,0
TX14486,1271.32,UPI,18,6,18761.4,1931.73,Chennai,Laptop,183,0,0,2,0.0678,0,7.148597284588099,16829.670000000002,0,1
TX13376,1066.73,UPI,9,5,47369.26,28366.68,Pune,Tablet,83,0,0,3,0.0225,0,6.973290178569797,19002.58,0,1
TX11256,1271.27,E-commerce,10,5,57881.27,25063.9,Hyderabad,Desktop,173,0,0,2,0.022,0,7.148557985526163,32817.369999999995,0,1
TX13512,946.88,Bank Transfer,14,0,63847.15,16884.8,Hyderabad,Mobile,118,0,0,1,0.0148,0,6.854227911964328,46962.350000000006,0,0
TX11250,1376.09,Wallet,19,3,86396.01,2345.34,Jaipur,Laptop,38,0,0,2,0.0159,0,7.227727856069942,84050.67,0,0
TXF20307,13742.99,Wallet,9,4,78963.05,1187.62,Jaipur,Mobile,16,0,0,30,0.174,1,9.52835691663355,77775.43000000001,0,0
TX14298,3161.09,Bank Transfer,10,1,44059.34,49235.81,Jaipur,Laptop,140,0,0,1,0.0717,0,8.058988480362457,-5176.470000000001,0,0
TX13284,539.92,Wallet,10,2,2149.8,12192.05,Hyderabad,Desktop,170,0,0,3,0.2511,0,6.293271393605159,-10042.25,0,0
TX12933,435.58,Bank Transfer,20,4,50305.08,41253.69,Hyderabad,Laptop,150,0,0,3,0.0087,0,6.078971634546217,9051.39,0,0
TX14175,297.42,UPI,19,2,77691.47,12559.09,Chennai,Laptop,13,0,0,3,0.0038,0,5.698501890212276,65132.380000000005,0,0
TX11852,1838.07,Bank Transfer,12,4,55639.12,19770.11,Pune,Mobile,186,0,0,4,0.033,0,7.517015288045206,35869.01,0,0
TXF20369,94482.77,Wallet,23,3,179441.28,4970.31,Kolkata,Mobile,24,1,1,5,0.5265,1,11.45618335270005,174470.97,1,0
TX12105,721.36,E-commerce,17,5,77561.08,10373.78,Mumbai,Mobile,86,0,0,4,0.0093,0,6.582523629584142,67187.3,0,1
TX10133,355.68,Card,11,1,98962.79,37693.57,Pune,Mobile,110,0,0,1,0.0036,0,5.876839021266679,61269.219999999994,0,0
TX10928,331.22,Wallet,11,3,21261.85,24203.68,Pune,Mobile,116,0,0,2,0.0156,0,5.805797400062931,-2941.8300000000017,0,0
TX10823,1947.98,Card,8,1,14940.23,945.69,Bengaluru,Desktop,142,0,0,3,0.1304,0,7.5750614377822565,13994.539999999999,0,0
TXF20043,136147.1,E-commerce,18,4,265853.12,3422.16,Bengaluru,Mobile,6,1,0,4,0.5121,1,11.821498542808056,262430.96,0,0
TX11531,591.08,Wallet,20,1,40257.81,23724.44,Bengaluru,Mobile,157,0,0,3,0.0147,0,6.383641760889211,16533.37,0,0
TX11214,1021.08,Bank Transfer,19,4,60062.13,19944.45,Chennai,Mobile,107,0,0,2,0.017,0,6.929595045586593,40117.67999999999,0,0
TX10504,1170.82,Card,20,4,39542.84,43910.92,Jaipur,Mobile,59,0,0,2,0.0296,0,7.0663133747240385,-4368.080000000002,0,0
TX14285,1097.12,Wallet,17,6,26903.96,38649.07,Kolkata,Laptop,117,0,0,3,0.0408,0,7.001354905715287,-11745.11,0,1
TX11996,630.25,UPI,15,5,79987.96,9426.67,Bengaluru,Mobile,160,0,0,1,0.0079,0,6.44770198058957,70561.29000000001,0,1
TX13072,2670.73,E-commerce,20,2,6365.63,32229.01,Hyderabad,Desktop,117,0,0,2,0.4196,0,7.8904814816466615,-25863.379999999997,0,0
TX11958,208.6,Wallet,8,4,44548.61,42861.81,Delhi,Desktop,156,0,0,4,0.0047,0,5.345200952446887,1686.800000000003,0,0
TX11384,1312.21,E-commerce,18,4,82423.24,21540.7,Kolkata,Laptop,79,0,0,3,0.0159,0,7.180229800584737,60882.54000000001,0,0
TX10894,1845.23,Wallet,12,2,31852.94,35749.77,Mumbai,Laptop,56,0,0,4,0.0579,0,7.520901001017788,-3896.829999999998,0,0
TX10455,6855.14,Wallet,13,1,45184.6,20001.26,Hyderabad,Desktop,86,0,0,4,0.1517,0,8.832899880139141,25183.34,0,0
TXF20379,96610.23,Card,4,0,67641.91,3572.48,Kolkata,Mobile,30,1,1,9,1.4283,1,11.478450266031793,64069.43,1,0
TX13709,1991.85,Card,8,4,61691.2,48699.64,Mumbai,Mobile,89,0,0,1,0.0323,0,7.597321053958384,12991.559999999998,0,0
TXF20118,7570.56,Card,4,3,74515.78,4895.77,Mumbai,Laptop,25,1,0,4,0.1016,1,8.932154401818854,69620.01,1,0
TX14268,953.79,Wallet,13,1,65790.22,17600.85,Delhi,Tablet,199,0,0,3,0.0145,0,6.861491421012259,48189.37,0,0
TX13522,3296.04,E-commerce,17,2,58125.49,27396.7,Bengaluru,Desktop,163,0,0,3,0.0567,0,8.100780375239568,30728.789999999997,0,0
TX14134,2649.57,UPI,17,3,85847.48,14173.91,Hyderabad,Mobile,150,0,0,2,0.0309,0,7.882529990190419,71673.56999999999,0,0
TX13602,313.07,UPI,18,0,43768.9,31739.12,Delhi,Laptop,98,0,0,4,0.0072,0,5.749615890999373,12029.780000000002,0,0
TX10713,1379.81,Bank Transfer,8,1,91673.91,3415.55,Mumbai,Laptop,116,0,0,4,0.0151,0,7.230425562481386,88258.36,0,0
TX14186,1012.18,Card,14,0,24045.42,6543.91,Jaipur,Mobile,127,0,0,3,0.0421,0,6.920849178493295,17501.51,0,0
TX12214,796.38,Wallet,20,3,90357.35,48605.47,Delhi,Desktop,46,0,0,1,0.0088,0,6.681331353117785,41751.880000000005,0,0
TX12923,794.17,Card,19,1,64401.36,38746.42,Pune,Tablet,41,0,0,3,0.0123,0,6.678555928272559,25654.940000000002,0,0
TX11810,697.53,Bank Transfer,8,0,41627.59,46336.61,Mumbai,Laptop,122,0,0,3,0.0168,0,6.548978126951535,-4709.020000000004,0,0
TX13486,637.36,Card,9,3,43467.76,37799.18,Hyderabad,Mobile,63,0,0,1,0.0147,0,6.458902387530985,5668.580000000002,0,0
TX13141,1881.37,UPI,17,6,53384.17,16596.98,Mumbai,Desktop,175,0,0,1,0.0352,0,7.540286900184583,36787.19,0,1
TX11827,989.37,Card,19,4,49635.16,44886.86,Pune,Mobile,104,0,0,3,0.0199,0,6.898078610679957,4748.300000000003,0,0
TX11155,1193.45,Wallet,10,1,67230.25,46584.59,Chennai,Desktop,43,0,0,3,0.0178,0,7.0854411073715635,20645.660000000003,0,0
TX11324,2148.63,Wallet,15,5,40778.56,10895.01,Hyderabad,Mobile,59,0,0,2,0.0527,0,7.673051013288749,29883.549999999996,0,1
TX14312,1855.4,Wallet,12,0,71943.6,36782.28,Mumbai,Desktop,171,0,0,1,0.0258,0,7.526394407367021,35161.32000000001,0,0
TX10510,1074.9,E-commerce,12,4,61897.07,38264.01,Kolkata,Laptop,72,0,0,4,0.0174,0,6.980912799599864,23633.059999999998,0,0
TX11680,595.85,E-commerce,14,0,81852.74,14766.45,Hyderabad,Desktop,78,0,0,3,0.0073,0,6.391665825541048,67086.29000000001,0,0
TX10499,970.71,UPI,10,3,5068.67,15226.1,Delhi,Desktop,62,0,0,3,0.1915,0,6.879057406034592,-10157.43,0,0
TXF20036,162825.29,UPI,12,4,86224.35,616.17,Ahmedabad,Mobile,28,1,1,1,1.8884,1,12.000439205999525,85608.18000000001,0,0
TX11856,9938.53,Wallet,18,3,34153.08,39718.36,Hyderabad,Desktop,44,0,0,2,0.291,0,9.204275014830497,-5565.279999999999,0,0
TX11388,6001.81,Wallet,19,2,48938.53,30809.5,Delhi,Mobile,130,0,0,2,0.1226,0,8.699982971909698,18129.03,0,0
TX13719,700.03,UPI,8,3,14933.78,33702.24,Mumbai,Laptop,172,0,0,3,0.0469,0,6.552550682124573,-18768.46,0,0
TX12386,2800.21,Bank Transfer,10,6,31413.03,18963.44,Delhi,Mobile,134,0,0,3,0.0891,0,7.937806745673606,12449.59,0,1
TX13236,1155.9,Bank Transfer,8,1,12085.75,42928.74,Ahmedabad,Desktop,158,0,0,1,0.0956,0,7.053499293034843,-30842.989999999998,0,0
TX11540,674.13,Card,13,4,31300.26,26670.3,Mumbai,Desktop,16,0,0,3,0.0215,0,6.51490526492155,4629.959999999999,0,0
TX11217,484.48,Card,12,6,38269.32,27538.44,Kolkata,Desktop,91,0,0,2,0.0127,0,6.1851380922381605,10730.880000000001,0,1
TX12681,4649.24,Card,16,2,56545.62,25286.5,Hyderabad,Laptop,92,0,0,2,0.0822,0,8.444674110152727,31259.120000000003,0,0
TX12993,862.85,Card,17,0,23416.76,13547.55,Chennai,Mobile,161,0,0,3,0.0368,0,6.761399142620791,9869.21,0,0
TX11191,1908.7,UPI,14,0,77272.29,26611.57,Kolkata,Mobile,109,0,0,3,0.0247,0,7.554701440641368,50660.719999999994,0,0
TX11542,798.11,UPI,8,6,62708.94,48493.96,Pune,Laptop,6,0,0,4,0.0127,0,6.683498608380455,14214.980000000003,0,1
TX13301,2569.17,UPI,9,6,50079.15,34945.83,Bengaluru,Desktop,73,0,0,1,0.0513,0,7.851727323561515,15133.32,0,1
TX13324,2304.02,UPI,10,6,96117.83,2776.06,Mumbai,Laptop,46,0,0,2,0.024,0,7.742844632182694,93341.77,0,1
TX12539,624.55,Bank Transfer,8,3,51843.23,21180.04,Kolkata,Laptop,185,0,0,2,0.012,0,6.438631262763409,30663.190000000002,0,0
TX10953,3603.99,Bank Transfer,18,6,98777.32,41940.74,Mumbai,Mobile,64,0,0,3,0.0365,0,8.190074275790098,56836.58000000001,0,1
TX14330,424.69,Wallet,15,2,76206.64,41641.22,Hyderabad,Desktop,48,0,0,3,0.0056,0,6.05371138183703,34565.42,0,0
TX10732,750.64,Wallet,8,6,51543.42,48204.47,Pune,Desktop,130,0,0,2,0.0146,0,6.622257485920952,3338.949999999997,0,1
TX11156,1354.54,E-commerce,20,6,67229.07,44929.48,Bengaluru,Mobile,106,0,0,3,0.0201,0,7.2119551779094495,22299.590000000004,0,1
TX13294,847.76,UPI,20,1,43778.92,30349.06,Delhi,Mobile,134,0,0,3,0.0194,0,6.743776460835899,13429.859999999997,0,0
TX12982,923.26,Card,10,5,72474.92,36823.18,Chennai,Mobile,80,0,0,1,0.0127,0,6.828993417341656,35651.74,0,1
TX12156,818.77,Bank Transfer,9,0,54819.14,33214.87,Pune,Mobile,173,0,0,4,0.0149,0,6.70902381310936,21604.269999999997,0,0
TX11062,144.94,Card,9,1,15937.2,28673.1,Jaipur,Mobile,188,0,0,4,0.0091,0,4.983195578337474,-12735.899999999998,0,0
TX12616,3454.55,Wallet,14,4,57817.42,16262.39,Jaipur,Mobile,129,0,0,3,0.0597,0,8.147736913112771,41555.03,0,0
TX11167,376.76,Card,9,5,36618.03,41195.26,Delhi,Desktop,65,0,0,4,0.0103,0,5.934259073337203,-4577.230000000003,0,1
TX13222,491.14,Wallet,14,1,13089.08,27847.26,Mumbai,Desktop,33,0,0,4,0.0375,0,6.198763228860354,-14758.179999999998,0,0
TX13636,684.08,E-commerce,12,2,25446.07,14964.03,Bengaluru,Desktop,155,0,0,3,0.0269,0,6.529535619764168,10482.039999999999,0,0
TX12938,823.26,Bank Transfer,15,0,36707.65,39571.1,Hyderabad,Tablet,199,0,0,2,0.0224,0,6.714486014119677,-2863.449999999997,0,0
TX14491,1595.3,E-commerce,18,0,97041.32,18634.55,Pune,Desktop,63,0,0,4,0.0164,0,7.375443730270433,78406.77,0,0
TX13140,2340.24,UPI,13,1,22117.26,13161.47,Pune,Mobile,92,0,0,2,0.1058,0,7.758435982526539,8955.789999999999,0,0
TX10143,1107.74,Wallet,9,4,98053.34,26202.58,Pune,Mobile,154,0,0,2,0.0113,0,7.010979514417389,71850.76,0,0
TX13577,322.53,UPI,15,5,17164.52,11916.22,Pune,Mobile,135,0,0,4,0.0188,0,5.7792918453445115,5248.300000000001,0,1
TX12782,1404.98,Wallet,8,5,43980.39,25905.8,Pune,Desktop,169,0,0,1,0.0319,0,7.24848984751837,18074.59,0,1
TX10717,1181.19,E-commerce,15,1,35826.34,36485.76,Bengaluru,Mobile,43,0,0,1,0.033,0,7.075123929548877,-659.4200000000055,0,0
TX11819,626.66,E-commerce,20,3,24906.93,14136.1,Delhi,Mobile,136,0,0,2,0.0252,0,6.441998618583725,10770.83,0,0
TX12502,1624.83,Wallet,17,3,34057.91,12687.42,Bengaluru,Desktop,44,0,0,2,0.0477,0,7.3937737335964036,21370.490000000005,0,0
TX14360,2950.99,E-commerce,12,5,50556.39,41481.41,Pune,Mobile,122,0,0,2,0.0584,0,7.99023479818075,9074.979999999996,0,1
TX14171,3876.45,Card,9,2,56090.83,34121.66,Kolkata,Mobile,193,0,0,3,0.0691,0,8.262933000061041,21969.17,0,0
TX10395,2297.8,E-commerce,14,2,7968.94,27110.69,Mumbai,Mobile,52,0,0,4,0.2883,0,7.740142526633586,-19141.75,0,0
TXF20336,63784.2,UPI,4,6,31892.1,607.21,Mumbai,Desktop,23,1,1,10,2.0,1,11.063276467500907,31284.89,1,1
TX14492,773.8,Card,20,6,81588.19,32908.95,Pune,Mobile,130,0,0,3,0.0095,0,6.65260493153284,48679.240000000005,0,1
TX11365,186.15,E-commerce,13,4,99840.52,6847.34,Pune,Mobile,44,0,0,3,0.0019,0,5.231910434350438,92993.18000000001,0,0
TXF20058,97997.24,UPI,19,6,55668.7,2856.76,Mumbai,Desktop,22,0,1,4,1.7604,1,11.492704798307768,52811.939999999995,0,1
TX10595,3769.11,Bank Transfer,16,1,37552.98,1407.22,Hyderabad,Mobile,102,0,0,4,0.1004,0,8.234859457735228,36145.76,0,0
TX13952,855.1,Card,17,3,43780.89,46980.1,Bengaluru,Laptop,87,0,0,4,0.0195,0,6.75238719174844,-3199.209999999999,0,0
TX12914,2003.67,Bank Transfer,17,5,40111.52,23237.42,Delhi,Desktop,62,0,0,3,0.05,0,7.603234737665813,16874.1,0,1
TX12326,1898.25,E-commerce,19,0,17134.28,37341.06,Kolkata,Desktop,146,0,0,3,0.1108,0,7.549214350383331,-20206.78,0,0
TX13766,3813.58,Card,9,6,39259.93,15762.58,Mumbai,Mobile,188,0,0,3,0.0971,0,8.246585845914897,23497.35,0,1
TX13440,2556.43,Card,15,6,49074.61,14044.18,Jaipur,Mobile,142,0,0,3,0.0521,0,7.84675812697222,35030.43,0,1
TX13851,1699.67,Bank Transfer,8,3,22948.16,38276.67,Bengaluru,Mobile,17,0,0,1,0.0741,0,7.438777570047407,-15328.509999999998,0,0
TX14132,545.54,Wallet,18,3,41974.49,12244.15,Delhi,Desktop,48,0,0,4,0.013,0,6.303607497984774,29730.339999999997,0,0
TXF20091,9170.5,Card,0,0,108449.35,1918.61,Kolkata,Desktop,21,1,0,3,0.0846,1,9.123856128754406,106530.74,1,0
TX12143,979.06,UPI,8,4,67849.23,45587.69,Hyderabad,Laptop,76,0,0,3,0.0144,0,6.887613794280271,22261.539999999994,0,0
TX11571,2023.74,UPI,15,6,36679.65,42617.22,Hyderabad,Mobile,10,0,0,2,0.0552,0,7.61319657623556,-5937.57,0,1
TX14079,429.43,Wallet,15,1,54654.28,9959.47,Jaipur,Laptop,161,0,0,3,0.0079,0,6.0647847090206914,44694.81,0,0
TX11122,207.0,Wallet,8,1,84205.45,8117.91,Chennai,Laptop,198,0,0,1,0.0025,0,5.337538079701318,76087.54,0,0
TX12786,2791.11,UPI,11,5,36061.79,6997.78,Bengaluru,Desktop,199,0,0,2,0.0774,0,7.934552861386973,29064.010000000002,0,1
TX12967,785.07,E-commerce,16,6,40900.94,29040.39,Pune,Laptop,8,0,0,3,0.0192,0,6.667045846987905,11860.550000000003,0,1
TX12504,705.94,Wallet,16,5,72050.73,19309.44,Pune,Desktop,65,0,0,3,0.0098,0,6.5609457966658615,52741.28999999999,0,1
TX13465,1263.21,Wallet,20,2,48017.87,47583.86,Lucknow,Mobile,109,0,0,2,0.0263,0,7.142202700147714,434.01000000000204,0,0
TX10675,300.95,E-commerce,15,5,74748.67,2502.33,Kolkata,Desktop,71,0,0,1,0.004,0,5.71026144075391,72246.34,0,1
TX12808,931.41,Card,9,3,14842.6,24854.17,Mumbai,Tablet,46,0,0,1,0.0628,0,6.837772632114815,-10011.569999999998,0,0
TX13348,582.88,Wallet,20,5,84113.02,21072.48,Pune,Mobile,181,0,0,4,0.0069,0,6.369695482262378,63040.54000000001,0,1
TX10728,699.43,Bank Transfer,17,1,41957.51,15629.75,Chennai,Mobile,132,0,0,1,0.0167,0,6.551694432161452,26327.760000000002,0,0
TX10412,1848.0,UPI,17,1,93128.15,10612.04,Hyderabad,Desktop,175,0,0,3,0.0198,0,7.522400231387125,82516.10999999999,0,0
TX13146,1559.75,Card,14,1,99984.16,1093.08,Mumbai,Desktop,33,0,0,3,0.0156,0,7.352921753941853,98891.08,0,0
TX11516,4168.27,E-commerce,17,3,49478.13,37473.26,Ahmedabad,Mobile,102,0,0,1,0.0842,0,8.335496239516027,12004.869999999995,0,0
TX10825,1760.67,Bank Transfer,19,2,4007.13,14736.1,Pune,Mobile,152,0,0,3,0.4394,0,7.474017501782026,-10728.970000000001,0,0
TX13267,280.12,Card,10,4,88543.91,22275.25,Mumbai,Desktop,49,0,0,2,0.0032,0,5.638781624438787,66268.66,0,0
TX13974,2020.17,E-commerce,13,2,38982.61,2256.36,Bengaluru,Desktop,93,0,0,3,0.0518,0,7.611431830639878,36726.25,0,0
TX10616,1287.5,Bank Transfer,16,5,53864.9,5826.97,Chennai,Mobile,27,0,0,3,0.0239,0,7.1612340300924195,48037.93,0,1
TX10114,2101.25,Card,9,4,30663.69,8954.23,Pune,Laptop,41,0,0,1,0.0685,0,7.650763478713007,21709.46,0,0
TX10417,2802.26,Card,18,6,47610.13,25789.39,Kolkata,Laptop,28,0,0,3,0.0589,0,7.938538304622597,21820.739999999998,0,1
TX13069,995.78,E-commerce,8,1,90797.91,47340.72,Pune,Desktop,152,0,0,1,0.011,0,6.904530083626442,43457.19,0,0
TX11625,1462.03,Card,8,2,44583.03,1452.62,Kolkata,Mobile,109,0,0,1,0.0328,0,7.288264906619863,43130.409999999996,0,0
TXF20450,64501.49,Bank Transfer,1,0,176573.14,3598.45,Lucknow,Desktop,24,1,1,23,0.3653,1,11.074459106689886,172974.69,1,0
TX14185,1086.24,Bank Transfer,13,1,64417.86,4374.64,Pune,Mobile,45,0,0,4,0.0169,0,6.99139765391878,60043.22,0,0
TX12896,669.53,Bank Transfer,16,6,48522.21,2324.05,Delhi,Desktop,58,0,0,3,0.0138,0,6.508068444450114,46198.159999999996,0,1
TXF20171,19788.76,UPI,9,2,33841.67,4223.95,Pune,Mobile,9,0,1,5,0.5847,1,9.892919911186036,29617.719999999998,0,0
TX12082,941.81,UPI,20,4,44550.28,40004.62,Mumbai,Desktop,192,0,0,1,0.0211,0,6.848864777709162,4545.659999999996,0,0
TX10753,1186.05,E-commerce,16,6,14105.72,39731.11,Pune,Desktop,29,0,0,1,0.0841,0,7.079226516721677,-25625.39,0,1
TX12546,633.63,Bank Transfer,13,5,71646.96,10821.24,Pune,Mobile,39,0,0,4,0.0088,0,6.453042151905027,60825.72000000001,0,1
TX13969,593.03,Wallet,15,6,10372.41,46052.22,Mumbai,Mobile,95,0,0,2,0.0572,0,6.386929823137812,-35679.81,0,1
TX13373,1424.73,UPI,10,2,52937.19,33819.76,Bengaluru,Laptop,153,0,0,2,0.0269,0,7.262439242233542,19117.43,0,0
TX14107,1004.9,Bank Transfer,11,5,86618.81,21836.76,Lucknow,Desktop,196,0,0,4,0.0116,0,6.9136379421402925,64782.05,0,1
TX12444,820.67,UPI,13,1,14154.07,23476.22,Delhi,Tablet,84,0,0,2,0.058,0,6.711338854595584,-9322.150000000001,0,0
TX14380,576.53,E-commerce,11,2,14815.85,6700.96,Mumbai,Laptop,126,0,0,3,0.0389,0,6.358760389098643,8114.89,0,0
TX11066,1281.8,E-commerce,12,0,89438.61,44157.45,Bengaluru,Mobile,154,0,0,4,0.0143,0,7.156800467819,45281.16,0,0
TX13913,1287.67,Wallet,11,4,47050.88,18025.63,Lucknow,Desktop,142,0,0,1,0.0274,0,7.161365957749692,29025.249999999996,0,0
TX13498,938.62,E-commerce,10,3,76845.5,26559.35,Hyderabad,Mobile,179,0,0,2,0.0122,0,6.845475538211691,50286.15,0,0
TX12738,1637.19,Bank Transfer,16,4,62777.0,32213.25,Delhi,Tablet,16,0,0,3,0.0261,0,7.401347252802097,30563.75,0,0
TX14000,590.02,Card,13,2,49247.1,35122.94,Hyderabad,Tablet,31,0,0,4,0.012,0,6.381849857781053,14124.159999999996,0,0
TX11568,573.92,Card,10,2,32718.86,46239.63,Delhi,Mobile,157,0,0,3,0.0175,0,6.354230900683031,-13520.769999999997,0,0
TX12427,843.66,Bank Transfer,8,5,28121.08,40176.34,Mumbai,Desktop,196,0,0,1,0.03,0,6.738934179522001,-12055.259999999995,0,1
TX13746,2693.89,E-commerce,17,4,80419.76,26800.18,Mumbai,Mobile,167,0,0,1,0.0335,0,7.899112666183558,53619.579999999994,0,0
TXF20139,22010.12,Bank Transfer,4,2,124946.94,1875.88,Mumbai,Tablet,4,1,0,1,0.1762,1,9.999303059186788,123071.06,1,0
TX11687,2490.12,Wallet,14,6,26159.55,24650.89,Hyderabad,Mobile,198,0,0,4,0.0952,0,7.820487687526206,1508.6599999999999,0,1
TX10851,1587.22,UPI,18,4,9358.84,31154.93,Hyderabad,Desktop,129,0,0,1,0.1696,0,7.370369171254255,-21796.09,0,0
TX13546,2431.67,UPI,16,4,13774.35,12611.52,Bengaluru,Mobile,86,0,0,4,0.1765,0,7.796744698565766,1162.83,0,0
TX10895,329.49,UPI,18,6,76350.52,5215.55,Mumbai,Tablet,60,0,0,1,0.0043,0,5.800576401647901,71134.97,0,1
TXF20092,9733.39,Wallet,1,0,14253.97,4037.49,Hyderabad,Mobile,24,1,0,2,0.6829,1,9.18342025533971,10216.48,1,0
TX10335,694.65,Bank Transfer,11,4,82370.05,11299.58,Delhi,Laptop,59,0,0,2,0.0084,0,6.544846660287885,71070.47,0,0
TX12839,726.36,Wallet,20,2,46374.86,25395.81,Pune,Laptop,73,0,0,3,0.0157,0,6.589421540664178,20979.05,0,0
TX13087,873.32,E-commerce,11,4,27060.06,1983.59,Mumbai,Desktop,126,0,0,3,0.0323,0,6.773446441368418,25076.47,0,0
TX11348,2397.67,UPI,19,1,10535.1,308.95,Chennai,Laptop,171,0,0,4,0.2276,0,7.782669696062271,10226.15,0,0
TX11015,3514.52,Card,8,3,83913.23,25948.6,Pune,Laptop,82,0,0,2,0.0419,0,8.1649427307142,57964.63,0,0
TX12816,553.88,Card,20,2,24123.91,39917.37,Bengaluru,Mobile,17,0,0,4,0.023,0,6.318751874152122,-15793.460000000003,0,0
TX11631,458.44,Card,16,1,41252.81,49939.77,Kolkata,Laptop,133,0,0,3,0.0111,0,6.130008356556041,-8686.96,0,0
TX12489,3024.1,UPI,18,1,77383.97,38543.55,Lucknow,Desktop,173,0,0,3,0.0391,0,8.014699427769783,38840.42,0,0
TX13730,2177.05,Wallet,8,1,53448.18,21745.84,Delhi,Desktop,175,0,0,3,0.0407,0,7.68618526007054,31702.34,0,0
TX13251,1346.95,Card,13,0,66397.27,43572.23,Pune,Tablet,118,0,0,3,0.0203,0,7.206340198796197,22825.04,0,0
TXF20134,37326.09,Bank Transfer,3,6,99532.58,3206.0,Ahmedabad,Laptop,30,1,0,4,0.375,1,10.527474615481411,96326.58,1,1
TX12070,727.76,UPI,16,5,80115.34,45297.26,Mumbai,Mobile,200,0,0,1,0.0091,0,6.591344459697484,34818.079999999994,0,1
TX14452,756.33,Card,9,0,19548.98,47076.42,Jaipur,Laptop,200,0,0,4,0.0387,0,6.629799089754796,-27527.44,0,0
TXF20382,110708.06,Wallet,2,4,89834.12,1950.57,Chennai,Desktop,5,1,1,6,1.2324,1,11.614660958166215,87883.54999999999,1,0
TX11635,445.48,E-commerce,9,2,97118.04,47240.9,Ahmedabad,Desktop,200,0,0,1,0.0046,0,6.101394606480178,49877.13999999999,0,0
TX12479,2696.8,Card,16,0,63844.89,29301.22,Ahmedabad,Desktop,132,0,0,2,0.0422,0,7.900191905035579,34543.67,0,0
TX12265,1895.68,Card,12,3,45278.49,8821.86,Pune,Tablet,61,0,0,2,0.0419,0,7.547860268304535,36456.63,0,0
TX12959,3626.5,UPI,9,1,32715.87,8178.59,Kolkata,Desktop,182,0,0,1,0.1108,0,8.196298984758343,24537.28,0,0
TXF20231,24422.92,UPI,16,2,80193.7,4486.69,Ahmedabad,Desktop,3,1,1,1,0.3045,1,10.103318258942595,75707.01,0,0
TX13059,532.94,E-commerce,18,2,72225.78,5570.45,Lucknow,Mobile,14,0,0,4,0.0074,0,6.2802834730968256,66655.33,0,0
TX12141,144.69,E-commerce,8,6,94861.53,12111.56,Bengaluru,Desktop,44,0,0,2,0.0015,0,4.981481076665904,82749.97,0,1
TX13118,610.12,Card,13,2,90799.41,41712.44,Jaipur,Laptop,22,0,0,2,0.0067,0,6.415293339233104,49086.97,0,0
TXF20225,31764.57,Bank Transfer,19,1,143877.61,4999.62,Lucknow,Mobile,9,0,1,1,0.2208,1,10.36613827781793,138877.99,0,0
TX14045,1284.15,Bank Transfer,8,0,98806.79,48117.68,Delhi,Tablet,10,0,0,3,0.013,0,7.1586307220342364,50689.10999999999,0,0
TX13356,3998.35,Wallet,14,5,59926.41,42662.51,Kolkata,Mobile,104,0,0,2,0.0667,0,8.293887126897472,17263.9,0,1
TX12744,2076.38,Wallet,19,6,3106.14,28284.48,Delhi,Mobile,112,0,0,1,0.6685,0,7.638862763328478,-25178.34,0,1
TX13506,1514.2,Bank Transfer,18,2,24291.97,22251.44,Chennai,Laptop,89,0,0,3,0.0623,0,7.323302722431814,2040.5300000000025,0,0
TX11679,837.78,Card,20,6,34111.02,34699.54,Pune,Tablet,37,0,0,2,0.0246,0,6.7319484551574265,-588.5200000000041,0,1
TX14249,1603.26,Wallet,18,1,57121.48,34857.3,Kolkata,Desktop,107,0,0,3,0.0281,0,7.380417870053615,22264.18,0,0
TX13147,722.87,UPI,16,4,70776.1,12720.3,Mumbai,Mobile,108,0,0,3,0.0102,0,6.584611818252197,58055.8,0,0
TX12294,312.02,UPI,20,6,82193.49,2014.36,Delhi,Mobile,155,0,0,1,0.0038,0,5.746267086262356,80179.13,0,1
TX10580,323.59,Card,17,0,79846.22,4740.23,Mumbai,Laptop,60,0,0,4,0.0041,0,5.782562847458682,75105.99,0,0
TX11470,1267.56,Card,20,6,9514.28,47776.86,Mumbai,Tablet,127,0,0,1,0.1332,0,7.145637677881312,-38262.58,0,1
TX14070,1251.87,E-commerce,20,0,69564.6,17017.52,Kolkata,Mobile,186,0,0,4,0.018,0,7.133192198515955,52547.08,0,0
TX13343,4455.23,Wallet,9,0,88750.75,11577.02,Pune,Desktop,49,0,0,3,0.0502,0,8.402058396073993,77173.73,0,0
TXF20083,173103.37,UPI,15,1,86551.68,4351.65,Ahmedabad,Desktop,3,0,1,2,2.0,1,12.061649986368456,82200.03,0,0
TX13672,1487.71,E-commerce,16,5,97491.23,16523.92,Hyderabad,Mobile,152,0,0,1,0.0153,0,7.305665252130552,80967.31,0,1
TX10559,878.79,Wallet,12,2,29826.52,40815.75,Mumbai,Tablet,15,0,0,3,0.0295,0,6.779683242630428,-10989.23,0,0
TX12849,1520.07,UPI,12,1,52966.4,27487.2,Bengaluru,Mobile,173,0,0,4,0.0287,0,7.327169313554012,25479.2,0,0
TX10512,467.74,Wallet,17,2,37537.42,3501.8,Mumbai,Laptop,89,0,0,2,0.0125,0,6.150048243723728,34035.619999999995,0,0
TX11081,827.54,Wallet,9,0,68389.96,3221.99,Hyderabad,Laptop,11,0,0,3,0.0121,0,6.719665115725315,65167.97000000001,0,0
TX11664,2772.5,Bank Transfer,10,3,63701.28,4520.06,Delhi,Desktop,63,0,0,2,0.0435,0,7.927865339495289,59181.22,0,0
TX11012,933.37,Wallet,20,4,81480.59,38663.2,Chennai,Mobile,174,0,0,4,0.0115,0,6.839872505394165,42817.39,0,0
TX11931,1203.1,Card,14,1,68440.47,13545.03,Pune,Laptop,13,0,0,4,0.0176,0,7.093487678898173,54895.44,0,0
TX11150,2917.45,Bank Transfer,13,4,15346.61,36772.8,Mumbai,Mobile,100,0,0,3,0.1901,0,7.978807932408688,-21426.190000000002,0,0
TX12838,646.25,Wallet,15,3,78244.66,6572.34,Ahmedabad,Desktop,73,0,0,4,0.0083,0,6.472732618631647,71672.32,0,0
TX10116,1078.45,Bank Transfer,15,6,38594.25,38843.01,Hyderabad,Laptop,133,0,0,4,0.0279,0,6.984206931142468,-248.76000000000204,0,1
TX10740,312.09,E-commerce,15,3,54682.15,7791.84,Hyderabad,Mobile,98,0,0,2,0.0057,0,5.74649068914457,46890.31,0,0
TXF20306,3271.09,Wallet,9,5,49786.21,2946.69,Chennai,Mobile,11,1,0,18,0.0657,1,8.09318420345682,46839.52,0,1
TX13675,403.57,Card,9,0,18270.89,3633.65,Hyderabad,Desktop,30,0,0,4,0.0221,0,6.002824774678617,14637.24,0,0
TX10830,917.3,UPI,12,0,41018.83,15215.49,Delhi,Mobile,56,0,0,1,0.0224,0,6.822524134619476,25803.340000000004,0,0
TX10119,2641.29,Card,8,6,13402.11,45137.39,Bengaluru,Desktop,76,0,0,2,0.1971,0,7.879401244387793,-31735.28,0,1
TXF20353,141630.52,E-commerce,0,3,123987.48,3731.86,Ahmedabad,Mobile,22,1,1,5,1.1423,1,11.86098403434036,120255.62,1,0
TXF20238,44251.5,Card,20,5,22125.75,3081.78,Bengaluru,Mobile,18,0,1,5,2.0,1,10.697667146015311,19043.97,0,1
TX10635,2169.43,Card,17,2,81598.93,15906.41,Hyderabad,Desktop,96,0,0,1,0.0266,0,7.682680583586091,65692.51999999999,0,0
TX14465,3003.18,UPI,20,3,42391.12,42081.29,Hyderabad,Desktop,26,0,0,3,0.0708,0,8.007759931195412,309.83000000000175,0,0
TX14364,704.44,Bank Transfer,19,1,19816.6,24501.97,Mumbai,Laptop,180,0,0,3,0.0355,0,6.558821721609627,-4685.370000000003,0,0
TX14142,1663.99,Wallet,15,1,82887.23,10900.51,Jaipur,Mobile,160,0,0,3,0.0201,0,7.417574396390502,71986.72,0,0
TX10991,1099.6,Wallet,8,2,54583.75,5858.19,Chennai,Mobile,32,0,0,1,0.0201,0,7.003610764625658,48725.56,0,0
TX10876,402.66,Bank Transfer,17,2,33893.35,42766.01,Kolkata,Mobile,33,0,0,2,0.0119,0,6.000572939471973,-8872.660000000003,0,0
TX10004,756.93,UPI,9,4,31529.03,26285.35,Delhi,Mobile,72,0,0,1,0.024,0,6.6305910330930455,5243.68,0,0
TX13051,844.45,Bank Transfer,17,0,88357.73,37485.94,Mumbai,Tablet,40,0,0,3,0.0096,0,6.739869029984439,50871.78999999999,0,0
TX13124,786.87,E-commerce,19,4,63637.92,36406.91,Bengaluru,Desktop,70,0,0,4,0.0124,0,6.66933310162878,27231.009999999995,0,0
TX12660,436.33,Wallet,11,0,1855.87,40427.04,Kolkata,Mobile,34,0,0,1,0.2351,0,6.0806880588556576,-38571.17,0,0
TX12491,1093.3,UPI,17,3,42212.93,14095.11,Bengaluru,Tablet,49,0,0,1,0.0259,0,6.997870168424397,28117.82,0,0
TX13854,696.48,UPI,8,3,56141.88,27927.3,Mumbai,Mobile,151,0,0,2,0.0124,0,6.547473839449293,28214.579999999998,0,0
TX11715,230.52,Bank Transfer,19,6,36556.48,23945.58,Pune,Mobile,119,0,0,4,0.0063,0,5.444666262883174,12610.900000000001,0,1
TX11148,2720.3,E-commerce,19,1,30247.8,9611.43,Mumbai,Mobile,126,0,0,1,0.0899,0,7.908864986289008,20636.37,0,0
TX13261,402.33,UPI,8,2,45074.85,37779.19,Hyderabad,Laptop,159,0,0,2,0.0089,0,5.999755085425717,7295.659999999996,0,0
TX10574,585.27,UPI,14,4,96413.58,18460.24,Pune,Mobile,28,0,0,3,0.0061,0,6.373780434317173,77953.34,0,0
TX13769,841.5,Bank Transfer,12,0,44295.95,48470.55,Hyderabad,Laptop,39,0,0,2,0.019,0,6.736373662226517,-4174.600000000006,0,0
TX13736,1268.69,Bank Transfer,14,1,36775.47,11706.47,Bengaluru,Laptop,169,0,0,1,0.0345,0,7.14652805516854,25069.0,0,0
TX14146,2806.83,Wallet,14,2,43570.04,21509.49,Hyderabad,Laptop,162,0,0,2,0.0644,0,7.9401672220024615,22060.55,0,0
TX10853,1113.56,UPI,9,3,49065.12,35944.73,Hyderabad,Desktop,102,0,0,3,0.0227,0,7.016214987177636,13120.39,0,0
TX11982,464.54,E-commerce,19,5,59917.64,24176.4,Pune,Mobile,134,0,0,4,0.0078,0,6.143198022133913,35741.24,0,1
TX12774,748.24,Card,20,3,40772.38,28608.87,Kolkata,Desktop,145,0,0,1,0.0184,0,6.619059359427691,12163.509999999998,0,0
TX11166,1711.7,Wallet,8,4,27371.08,28923.82,Mumbai,Mobile,87,0,0,3,0.0625,0,7.445826351638323,-1552.739999999998,0,0
TX10971,566.61,UPI,17,5,36576.76,17754.08,Mumbai,Mobile,139,0,0,3,0.0155,0,6.341434563171566,18822.68,0,1
TX12701,387.27,Bank Transfer,16,6,66022.08,35494.78,Kolkata,Desktop,164,0,0,4,0.0059,0,5.961700973902294,30527.300000000003,0,1
TX14495,505.63,E-commerce,11,4,99958.89,699.26,Bengaluru,Laptop,105,0,0,4,0.0051,0,6.227780954132439,99259.63,0,0
TX13847,712.64,E-commerce,8,2,59072.72,6596.45,Hyderabad,Mobile,65,0,0,2,0.0121,0,6.570378633506502,52476.270000000004,0,0
TX12368,3785.42,UPI,10,2,57754.65,42055.18,Hyderabad,Desktop,98,0,0,3,0.0655,0,8.239176260640205,15699.470000000001,0,0
TX14115,619.41,E-commerce,13,3,53844.38,42187.68,Mumbai,Desktop,29,0,0,2,0.0115,0,6.43038054980562,11656.699999999997,0,0
TX14131,2279.92,Wallet,19,2,49245.57,46399.33,Pune,Mobile,133,0,0,2,0.0463,0,7.732334149332645,2846.239999999998,0,0
TX12950,3489.65,Wallet,20,3,42440.76,16581.68,Pune,Desktop,87,0,0,3,0.0822,0,8.1578432442731,25859.08,0,0
TX10524,367.42,Card,10,2,37459.48,20765.07,Pune,Mobile,69,0,0,3,0.0098,0,5.909223591724071,16694.410000000003,0,0
TX12455,442.65,Wallet,16,5,21789.81,22820.9,Mumbai,Tablet,42,0,0,2,0.0203,0,6.0950359632813464,-1031.0900000000001,0,1
TX11841,1528.16,E-commerce,8,3,15208.99,27391.08,Kolkata,Desktop,146,0,0,2,0.1005,0,7.332473844012188,-12182.090000000002,0,0
TX10537,2519.77,E-commerce,18,6,28359.5,42059.49,Jaipur,Mobile,54,0,0,1,0.0889,0,7.832319689388433,-13699.989999999998,0,1
TX12806,683.27,E-commerce,16,5,36518.88,20417.5,Jaipur,Desktop,153,0,0,4,0.0187,0,6.528352576576564,16101.379999999997,0,1
TX14341,343.28,Wallet,9,3,49531.7,40685.83,Mumbai,Mobile,84,0,0,1,0.0069,0,5.8414552797812735,8845.869999999995,0,0
TX13175,2213.35,Card,16,1,54551.99,24431.16,Hyderabad,Desktop,157,0,0,3,0.0406,0,7.702714185688661,30120.829999999998,0,0
TX10784,1150.49,E-commerce,9,4,37252.99,32426.09,Jaipur,Mobile,86,0,0,2,0.0309,0,7.048812034898237,4826.899999999998,0,0
TX14057,1502.13,Wallet,18,0,78771.35,3326.81,Bengaluru,Mobile,149,0,0,2,0.0191,0,7.3153048796919204,75444.54000000001,0,0
TX11409,661.03,Card,18,1,91631.67,18574.59,Pune,Mobile,32,0,0,2,0.0072,0,6.495310872130758,73057.08,0,0
TX12537,3427.9,Wallet,17,2,38004.18,5487.33,Mumbai,Laptop,181,0,0,2,0.0902,0,8.139994789016383,32516.85,0,0
TX10154,2817.35,Bank Transfer,15,4,101551.32,7605.8,Hyderabad,Mobile,34,0,0,4,0.0277,0,7.943906886307642,93945.52,0,0
TX13009,1771.46,UPI,17,5,57979.83,39504.71,Pune,Laptop,138,0,0,1,0.0306,0,7.4801236911558755,18475.120000000003,0,1
TX11686,5211.77,UPI,17,5,57327.18,2653.16,Lucknow,Mobile,194,0,0,3,0.0909,0,8.55886666332671,54674.020000000004,0,1
TX12901,1802.77,UPI,19,2,68285.98,17151.42,Mumbai,Laptop,123,0,0,4,0.0264,0,7.497634198037697,51134.56,0,0
TXF20449,121101.53,Wallet,1,2,108575.71,4362.83,Hyderabad,Mobile,29,1,1,14,1.1154,1,11.704392821147891,104212.88,1,0
TX13863,585.55,UPI,16,1,58309.25,36935.78,Mumbai,Desktop,101,0,0,1,0.01,0,6.37425791595173,21373.47,0,0
TX12733,553.83,UPI,15,6,45210.3,28585.57,Hyderabad,Mobile,80,0,0,4,0.0123,0,6.31866176051877,16624.730000000003,0,1
TX11895,1604.06,Bank Transfer,15,4,22930.01,3718.86,Mumbai,Laptop,71,0,0,3,0.07,0,7.380916418042952,19211.149999999998,0,0
TX10569,1487.61,Wallet,13,5,17914.74,23131.72,Mumbai,Tablet,161,0,0,1,0.083,0,7.3055980776245955,-5216.98,0,1
TX11816,2184.52,Bank Transfer,9,1,10507.88,16612.65,Mumbai,Desktop,190,0,0,1,0.2079,0,7.689609065485473,-6104.770000000002,0,0
TX12065,1297.56,Wallet,12,1,69375.14,3796.34,Hyderabad,Mobile,13,0,0,2,0.0187,0,7.169011237197395,65578.8,0,0
TX10127,534.96,Card,14,4,44967.24,44396.44,Lucknow,Laptop,123,0,0,1,0.0119,0,6.284059531420407,570.7999999999956,0,0
TX13394,601.2,Wallet,20,3,91141.69,28044.2,Bengaluru,Mobile,13,0,0,2,0.0066,0,6.400589616047633,63097.490000000005,0,0
TX13327,1672.35,UPI,14,3,72690.84,6808.11,Delhi,Tablet,92,0,0,1,0.023,0,7.422582884127426,65882.73,0,0
TXF20486,133632.16,Bank Transfer,1,5,66816.08,4345.24,Chennai,Desktop,21,1,1,17,2.0,1,11.802853712880081,62470.840000000004,1,1
TX12975,560.25,UPI,17,2,78743.16,10828.74,Mumbai,Laptop,110,0,0,2,0.0071,0,6.330166439056464,67914.42,0,0
TX10980,1710.28,Bank Transfer,8,1,25055.3,5965.81,Bengaluru,Desktop,96,0,0,2,0.0683,0,7.444996907493549,19089.489999999998,0,0
TX12300,1643.51,UPI,17,4,61771.62,40393.15,Bengaluru,Desktop,141,0,0,3,0.0266,0,7.4051977464862695,21378.47,0,0
TX10190,303.34,Bank Transfer,14,1,27593.04,18926.48,Hyderabad,Desktop,139,0,0,3,0.011,0,5.718145497491968,8666.560000000001,0,0
TX11139,801.13,UPI,9,0,94381.84,9368.08,Kolkata,Mobile,134,0,0,3,0.0085,0,6.68727068949367,85013.76,0,0
TX10699,1115.49,Card,10,0,100400.77,6661.31,Pune,Laptop,112,0,0,4,0.0111,0,7.017945114679422,93739.46,0,0
TXF20280,17891.43,Bank Transfer,11,6,138452.0,4707.13,Kolkata,Desktop,14,1,0,17,0.1292,1,9.792132997351363,133744.87,0,1
TX10606,2277.58,Wallet,18,2,47526.69,38857.86,Delhi,Desktop,164,0,0,2,0.0479,0,7.731307720906088,8668.830000000002,0,0
TX14276,543.21,UPI,20,1,96556.9,19016.43,Pune,Laptop,104,0,0,1,0.0056,0,6.299335201777524,77540.47,0,0
TX10301,2387.6,E-commerce,12,3,38804.5,4669.95,Mumbai,Laptop,77,0,0,4,0.0615,0,7.778462699234327,34134.55,0,0
TX13420,1408.52,Bank Transfer,8,2,65800.37,1636.25,Hyderabad,Desktop,60,0,0,3,0.0214,0,7.251004499882374,64164.119999999995,0,0
TXF20320,18147.05,UPI,14,2,150824.58,3725.4,Chennai,Mobile,2,0,1,23,0.1203,1,9.80631839590459,147099.18,0,0
TX11060,3802.17,E-commerce,8,1,87698.59,40160.27,Pune,Desktop,27,0,0,4,0.0434,0,8.243590208480581,47538.32,0,0
TX12565,1334.13,UPI,8,1,53287.66,38204.16,Delhi,Mobile,82,0,0,2,0.025,0,7.196783944370547,15083.5,0,0
TXF20494,136295.31,Wallet,3,2,68147.65,3913.1,Kolkata,Mobile,6,1,1,15,2.0,1,11.822586544684258,64234.549999999996,1,0
TX11069,576.25,Card,13,6,100301.42,1598.3,Bengaluru,Mobile,160,0,0,1,0.0057,0,6.358275448234605,98703.12,0,1
TX12524,902.15,UPI,20,4,11115.22,44900.01,Chennai,Mobile,103,0,0,1,0.0812,0,6.805888652578567,-33784.79,0,0
TX12205,3187.87,E-commerce,17,5,59396.98,24371.61,Delhi,Mobile,23,0,0,3,0.0537,0,8.067421901049002,35025.37,0,1
TX11243,638.04,E-commerce,20,2,87261.5,5231.85,Delhi,Desktop,150,0,0,1,0.0073,0,6.45996705022745,82029.65,0,0
TX10016,336.02,UPI,12,2,83295.4,17901.99,Hyderabad,Mobile,142,0,0,3,0.004,0,5.820142275772397,65393.40999999999,0,0
TX13120,162.7,Bank Transfer,10,4,91752.65,6368.07,Chennai,Mobile,19,0,0,4,0.0018,0,5.098035484377089,85384.57999999999,0,0
TXF20142,36173.75,Bank Transfer,4,2,150411.14,3480.73,Kolkata,Laptop,14,1,0,5,0.2405,1,10.49611664062577,146930.41,1,0
TX10815,4081.17,E-commerce,19,5,93157.56,14441.74,Ahmedabad,Laptop,78,0,0,4,0.0438,0,8.314383988754447,78715.81999999999,0,1
TX13067,487.79,E-commerce,14,0,45800.92,16324.13,Pune,Mobile,101,0,0,4,0.0107,0,6.191932949382974,29476.79,0,0
TXF20284,6182.34,E-commerce,14,3,111374.28,1153.17,Pune,Desktop,16,1,1,29,0.0555,1,8.729613857534007,110221.11,0,0
TX10959,7266.99,E-commerce,10,3,96853.93,33356.51,Hyderabad,Desktop,93,0,0,2,0.075,0,8.891235053620784,63497.41999999999,0,0
TX10225,4192.91,Wallet,11,3,42890.09,27223.29,Kolkata,Laptop,111,0,0,1,0.0978,0,8.341388752004145,15666.799999999996,0,0
TX13354,1648.2,E-commerce,11,2,24377.75,4134.26,Jaipur,Desktop,75,0,0,2,0.0676,0,7.408045600832745,20243.489999999998,0,0
TX12485,2640.67,E-commerce,19,4,56104.95,45275.56,Hyderabad,Mobile,179,0,0,1,0.0471,0,7.879166571906229,10829.39,0,0
TX10562,1863.67,Bank Transfer,19,5,20017.83,27296.84,Chennai,Mobile,107,0,0,4,0.0931,0,7.5308393727218,-7279.009999999998,0,1
TX13436,304.12,Bank Transfer,10,4,70715.52,47144.32,Kolkata,Mobile,119,0,0,3,0.0043,0,5.720705141852109,23571.200000000004,0,0
TX11693,566.97,E-commerce,16,6,65384.5,22972.34,Kolkata,Mobile,93,0,0,3,0.0087,0,6.342068600424882,42412.16,0,1
TX11045,383.84,Wallet,12,6,76937.0,31224.78,Delhi,Desktop,130,0,0,3,0.005,0,5.952827663493064,45712.22,0,1
TX13446,1438.0,UPI,11,4,4413.15,18904.09,Hyderabad,Mobile,84,0,0,1,0.3258,0,7.271703706887368,-14490.94,0,0
TXF20065,168932.84,Wallet,9,0,84466.42,3476.65,Delhi,Mobile,29,1,0,1,2.0,1,12.037262437967248,80989.77,0,0
TX10954,1635.57,Bank Transfer,17,5,94940.27,27258.27,Bengaluru,Desktop,140,0,0,4,0.0172,0,7.400357867239705,67682.0,0,1
TXF20485,53220.64,Wallet,3,2,26610.32,1077.51,Hyderabad,Desktop,16,1,1,12,2.0,1,10.882220359539794,25532.81,1,0
TX12735,1125.64,E-commerce,9,3,17296.94,29757.15,Bengaluru,Mobile,73,0,0,2,0.0651,0,7.026995030889795,-12460.210000000003,0,0
TXF20403,106433.23,Bank Transfer,3,3,223533.41,934.68,Ahmedabad,Desktop,11,1,1,9,0.4761,1,11.575282514678262,222598.73,1,0
TXF20235,28818.53,Wallet,20,1,170099.99,1224.06,Ahmedabad,Laptop,17,0,1,2,0.1694,1,10.268808561301173,168875.93,0,0
TXF20323,7034.92,UPI,19,1,75912.71,223.3,Jaipur,Tablet,8,1,0,20,0.0927,1,8.858783735696163,75689.41,0,0
TX11218,1013.05,Card,11,6,84333.22,40301.88,Kolkata,Laptop,10,0,0,2,0.012,0,6.921707492600141,44031.340000000004,0,1
TX11527,1587.61,Card,13,0,74535.2,30052.55,Mumbai,Mobile,26,0,0,2,0.0213,0,7.370614699030031,44482.649999999994,0,0
TX13987,882.68,Card,16,6,64509.45,41401.2,Mumbai,Mobile,61,0,0,4,0.0137,0,6.784095006152877,23108.25,0,1
TX11300,681.95,UPI,13,6,34942.82,25345.99,Hyderabad,Desktop,71,0,0,4,0.0195,0,6.526421650448901,9596.829999999998,0,1
TXF20391,85654.49,Wallet,23,4,119737.92,4040.55,Lucknow,Laptop,12,1,1,13,0.7153,1,11.358088599771628,115697.37,1,0
TX10160,466.8,E-commerce,11,2,95894.88,30348.11,Mumbai,Desktop,176,0,0,4,0.0049,0,6.148040854150079,65546.77,0,0
TX14067,1164.15,UPI,16,4,32087.22,23033.39,Hyderabad,Mobile,136,0,0,3,0.0363,0,7.060605113076347,9053.830000000002,0,0
TX10956,2198.05,UPI,13,6,54582.23,3516.09,Mumbai,Mobile,47,0,0,2,0.0403,0,7.695780727904269,51066.14,0,1
TX13791,3904.64,Bank Transfer,15,0,72337.65,47041.78,Bengaluru,Desktop,155,0,0,4,0.054,0,8.270176941290469,25295.869999999995,0,0
TX13234,566.66,Bank Transfer,20,3,44387.9,20154.75,Kolkata,Desktop,182,0,0,1,0.0128,0,6.341522647944408,24233.15,0,0
TX12869,1409.94,Wallet,10,3,85040.81,8216.35,Bengaluru,Desktop,13,0,0,4,0.0166,0,7.252011427915375,76824.45999999999,0,0
TX13777,405.0,UPI,10,4,16418.89,39518.42,Hyderabad,Mobile,165,0,0,4,0.0247,0,6.0063531596017325,-23099.53,0,0
TX14433,2150.18,E-commerce,11,3,95598.64,37882.61,Mumbai,Mobile,196,0,0,3,0.0225,0,7.673771807774954,57716.03,0,0
TX12961,610.64,E-commerce,13,3,95132.91,9858.98,Delhi,Laptop,200,0,0,1,0.0064,0,6.416143874139951,85273.93000000001,0,0
TX12200,3303.62,Wallet,13,5,13437.08,23855.23,Delhi,Desktop,176,0,0,2,0.2459,0,8.103076768368279,-10418.15,0,1
TX10098,5989.27,UPI,20,6,48239.48,12461.78,Delhi,Mobile,67,0,0,3,0.1242,0,8.69789176521885,35777.700000000004,0,1
TX12557,3559.12,Bank Transfer,17,0,50089.74,39275.09,Kolkata,Desktop,132,0,0,1,0.0711,0,8.177549531143148,10814.650000000001,0,0
TX13183,1390.93,E-commerce,9,6,19641.56,25702.16,Delhi,Mobile,27,0,0,1,0.0708,0,7.238446552273592,-6060.5999999999985,0,1
TX10253,1050.02,Bank Transfer,18,6,59318.56,31649.99,Hyderabad,Desktop,145,0,0,3,0.0177,0,6.9575164001916106,27668.569999999996,0,1
TX13923,124.22,Wallet,11,5,15017.38,30599.6,Pune,Tablet,89,0,0,2,0.0083,0,4.830072190317164,-15582.22,0,1
TX14199,1760.33,Wallet,18,3,18542.69,43571.4,Bengaluru,Mobile,78,0,0,3,0.0949,0,7.473824484466638,-25028.710000000003,0,0
TX11445,565.35,Wallet,19,5,60372.34,49787.15,Chennai,Mobile,114,0,0,3,0.0094,0,6.339212261646723,10585.189999999995,0,1
TX11648,251.26,UPI,16,4,81344.14,11990.65,Mumbai,Laptop,185,0,0,4,0.0031,0,5.530460301659047,69353.49,0,0
TXF20182,25570.79,Card,10,0,63476.74,2339.07,Delhi,Tablet,24,1,1,2,0.4028,1,10.149245069745906,61137.67,0,0
TXF20223,46784.88,UPI,16,4,128811.56,2817.89,Mumbai,Mobile,0,1,1,1,0.3632,1,10.75333672698059,125993.67,0,0
TX13991,395.81,Bank Transfer,9,3,93195.82,20426.01,Mumbai,Desktop,180,0,0,2,0.0042,0,5.983457576706066,72769.81000000001,0,0
TX11696,457.74,E-commerce,16,3,69776.26,39771.08,Chennai,Mobile,15,0,0,2,0.0066,0,6.12848360076607,30005.179999999993,0,0
TX13191,1168.78,Card,14,1,18761.8,14007.81,Mumbai,Mobile,30,0,0,2,0.0623,0,7.064570975923123,4753.99,0,0
TX14499,995.86,Card,15,2,54589.3,6801.42,Chennai,Mobile,125,0,0,2,0.0182,0,6.904610338838058,47787.880000000005,0,0
TX11154,2273.53,Bank Transfer,15,2,36997.32,36676.71,Chennai,Desktop,189,0,0,2,0.0615,0,7.7295287166351,320.6100000000006,0,0
TX12255,147.63,Wallet,14,3,33415.1,2205.8,Hyderabad,Desktop,41,0,0,2,0.0044,0,5.001459996160803,31209.3,0,0
TX11682,1891.43,Card,20,0,63054.78,45763.41,Kolkata,Mobile,35,0,0,4,0.03,0,7.5456169965165625,17291.369999999995,0,0
TX13170,1354.25,Bank Transfer,11,0,18412.47,39339.73,Chennai,Desktop,22,0,0,3,0.0736,0,7.211741218140448,-20927.260000000002,0,0
TX12056,2178.34,Card,12,5,87952.73,20813.85,Lucknow,Desktop,42,0,0,4,0.0248,0,7.686777357650829,67138.88,0,1
TX14090,250.01,Wallet,8,5,61181.97,9339.74,Mumbai,Laptop,193,0,0,1,0.0041,0,5.525492778975617,51842.23,0,1
TX13108,2885.3,E-commerce,10,4,63158.91,34123.47,Pune,Laptop,162,0,0,4,0.0457,0,7.967730684035328,29035.440000000002,0,0
TXF20048,145267.81,Wallet,10,3,72633.9,1287.84,Delhi,Mobile,25,0,1,4,2.0,1,11.88634116719023,71346.06,0,0
TX13723,355.18,Card,10,6,35065.52,30740.16,Mumbai,Mobile,54,0,0,1,0.0101,0,5.87543622104786,4325.359999999997,0,1
TX12049,1168.14,Card,14,4,69033.4,40180.28,Mumbai,Mobile,67,0,0,2,0.0169,0,7.064023714780396,28853.119999999995,0,0
TX13643,2093.7,Wallet,16,0,45367.03,650.3,Delhi,Mobile,121,0,0,1,0.0462,0,7.647165624011721,44716.729999999996,0,0
TXF20427,127834.03,Bank Transfer,3,3,136340.5,1347.19,Jaipur,Laptop,25,1,1,19,0.9376,1,11.758495883523482,134993.31,1,0
TX10623,612.53,Bank Transfer,16,5,6282.21,39335.28,Hyderabad,Mobile,55,0,0,4,0.0975,0,6.419229162710913,-33053.07,0,1
TX10262,355.67,Card,9,6,64933.62,20495.84,Pune,Desktop,37,0,0,3,0.0055,0,5.876810984538563,44437.78,0,1
TX13369,2256.73,Bank Transfer,8,1,28345.86,28247.84,Chennai,Desktop,10,0,0,3,0.0796,0,7.72211516271497,98.02000000000044,0,0
TX14061,590.5,UPI,13,6,55743.36,166.55,Mumbai,Desktop,72,0,0,2,0.0106,0,6.3826616834184415,55576.81,0,1
TX11802,218.36,Wallet,18,3,57020.61,45846.12,Mumbai,Laptop,112,0,0,2,0.0038,0,5.390714215814004,11174.489999999998,0,0
TXF20236,28934.53,UPI,19,3,16886.69,2449.47,Ahmedabad,Desktop,28,1,1,1,1.7135,1,10.272825530757414,14437.22,0,0
TXF20492,125036.29,UPI,3,5,62518.14,1485.45,Chennai,Mobile,20,1,1,12,2.0,1,11.736367291795874,61032.69,1,1
TX12385,1234.23,E-commerce,20,2,40692.17,35694.75,Pune,Mobile,166,0,0,1,0.0303,0,7.11901246654034,4997.419999999998,0,0
TX11959,1077.47,Wallet,12,6,69656.27,44133.82,Pune,Tablet,101,0,0,4,0.0155,0,6.983298649030645,25522.450000000004,0,1
TX12976,2240.72,Bank Transfer,10,2,37178.39,8713.19,Delhi,Desktop,153,0,0,4,0.0603,0,7.71499870734047,28465.199999999997,0,0
TX10488,2928.18,UPI,12,3,102345.05,33125.78,Hyderabad,Mobile,117,0,0,4,0.0286,0,7.982477799360792,69219.27,0,0
TX11843,1185.89,UPI,10,6,86873.18,5051.96,Kolkata,Mobile,123,0,0,4,0.0137,0,7.079091719717336,81821.21999999999,0,1
TX11734,2164.76,Bank Transfer,20,1,98456.65,31454.52,Bengaluru,Desktop,43,0,0,1,0.022,0,7.680526618097694,67002.12999999999,0,0
TX12911,1098.2,Bank Transfer,14,6,65981.68,23267.19,Bengaluru,Mobile,81,0,0,3,0.0166,0,7.002337921468085,42714.48999999999,0,1
TX13219,1483.91,Bank Transfer,13,1,31639.06,1849.74,Pune,Desktop,10,0,0,4,0.0469,0,7.303109443339572,29789.32,0,0
TX10146,6322.33,Bank Transfer,14,3,34421.76,9487.25,Bengaluru,Mobile,103,0,0,4,0.1837,0,8.752001247112682,24934.510000000002,0,0
TX11986,309.22,UPI,19,0,41685.45,10963.22,Hyderabad,Mobile,189,0,0,3,0.0074,0,5.737281723196605,30722.229999999996,0,0
TX11369,428.76,Wallet,14,3,42558.52,17954.78,Jaipur,Tablet,36,0,0,2,0.0101,0,6.063226913334873,24603.739999999998,0,0
TX12811,1862.75,Card,11,2,92806.35,31932.73,Ahmedabad,Laptop,196,0,0,1,0.0201,0,7.530345866078948,60873.62000000001,0,0
TX10659,373.61,E-commerce,16,3,31252.02,10710.95,Delhi,Mobile,179,0,0,4,0.012,0,5.925885484795163,20541.07,0,0
TX11794,2743.04,UPI,11,0,3985.62,21192.06,Hyderabad,Mobile,147,0,0,3,0.6882,0,7.917186565999004,-17206.440000000002,0,0
TX12511,2256.08,Bank Transfer,14,6,6768.44,4828.95,Mumbai,Desktop,88,0,0,2,0.3333,0,7.721827221470713,1939.4899999999998,0,1
TX13397,881.88,Bank Transfer,18,6,71050.54,41330.83,Delhi,Desktop,129,0,0,1,0.0124,0,6.783189291028921,29719.709999999992,0,1
TX14282,944.58,UPI,11,0,80090.9,45821.91,Pune,Mobile,180,0,0,4,0.0118,0,6.85179849583594,34268.98999999999,0,0
TX11147,4437.7,Card,14,4,94046.2,45467.85,Mumbai,Mobile,187,0,0,4,0.0472,0,8.398116819761299,48578.35,0,0
TX13272,1379.97,Card,20,3,20605.87,14335.37,Mumbai,Mobile,110,0,0,1,0.067,0,7.230541429784488,6270.499999999998,0,0
TX10608,157.69,Bank Transfer,16,1,35218.35,45001.68,Mumbai,Desktop,100,0,0,4,0.0045,0,5.066952613574751,-9783.330000000002,0,0
TX13582,560.77,UPI,20,2,47255.28,46366.02,Mumbai,Desktop,143,0,0,4,0.0119,0,6.331092513457923,889.260000000002,0,0
TX11930,3303.63,E-commerce,17,0,39799.58,26260.31,Pune,Laptop,199,0,0,2,0.083,0,8.103079794430238,13539.27,0,0
TX10197,941.74,UPI,14,4,65710.51,28581.84,Bengaluru,Mobile,91,0,0,2,0.0143,0,6.848790528816232,37128.67,0,0
TX12931,4204.03,Bank Transfer,9,2,73428.78,26747.98,Delhi,Desktop,153,0,0,4,0.0573,0,8.34403670674545,46680.8,0,0
TX12327,195.78,UPI,14,4,1527.07,8513.09,Delhi,Laptop,28,0,0,3,0.1282,0,5.282086353437619,-6986.02,0,0
TX14389,1517.29,Bank Transfer,14,3,100448.29,38503.05,Pune,Laptop,102,0,0,4,0.0151,0,7.325339980552812,61945.23999999999,0,0
TX10766,2695.37,UPI,17,6,72102.35,6808.31,Hyderabad,Mobile,94,0,0,2,0.0374,0,7.8996617029716845,65294.04000000001,0,1
TX14496,7089.81,UPI,14,6,98553.58,25349.67,Mumbai,Laptop,79,0,0,2,0.0719,0,8.866554858416741,73203.91,0,1
TX14218,1171.79,Card,14,4,92083.02,40444.81,Delhi,Mobile,114,0,0,4,0.0127,0,7.067140804493034,51638.21000000001,0,0
TX13255,155.62,Wallet,15,3,14040.91,8722.2,Delhi,Mobile,172,0,0,4,0.0111,0,5.053822489322791,5318.709999999999,0,0
TX10202,1361.53,E-commerce,17,5,13009.4,19952.99,Delhi,Laptop,85,0,0,2,0.1047,0,7.217098544643623,-6943.590000000002,0,1
TX13510,1036.16,Wallet,20,1,99639.21,5124.61,Lucknow,Desktop,43,0,0,2,0.0104,0,6.9442414875525476,94514.6,0,0
TX11733,4814.99,E-commerce,10,4,25800.25,17688.8,Kolkata,Desktop,150,0,0,2,0.1866,0,8.47969691057454,8111.450000000001,0,0
TX12777,3127.2,E-commerce,19,1,60894.38,47534.64,Mumbai,Mobile,37,0,0,1,0.0514,0,8.04821303824014,13359.739999999998,0,0
TX11707,507.07,E-commerce,19,1,70327.62,36293.79,Bengaluru,Desktop,168,0,0,3,0.0072,0,6.230619233361176,34033.829999999994,0,0
TX13474,2350.56,Wallet,11,1,38981.87,47585.02,Chennai,Desktop,183,0,0,3,0.0603,0,7.7628342166879065,-8603.149999999994,0,0
TX10854,1950.43,UPI,18,2,68777.18,8218.72,Mumbai,Tablet,153,0,0,1,0.0284,0,7.576317716133621,60558.45999999999,0,0
TXF20237,11609.82,Card,18,4,192910.28,2721.25,Chennai,Laptop,5,1,1,2,0.0602,1,9.359692700966146,190189.03,0,0
TX14097,186.03,E-commerce,10,2,65265.95,44152.31,Mumbai,Mobile,39,0,0,3,0.0029,0,5.231269031794909,21113.64,0,0
TX12160,1042.25,UPI,11,5,88928.37,26410.03,Jaipur,Mobile,9,0,0,1,0.0117,0,6.950096119471662,62518.34,0,1
TX10698,2593.61,Wallet,16,2,52201.49,35142.71,Kolkata,Mobile,78,0,0,4,0.0497,0,7.861191495288122,17058.78,0,0
TXF20447,95597.92,E-commerce,1,6,51797.26,2960.54,Ahmedabad,Mobile,21,1,1,20,1.8456,1,11.46791680190455,48836.72,1,1
TX12999,2815.05,Bank Transfer,19,3,82301.72,23296.01,Pune,Mobile,111,0,0,2,0.0342,0,7.943090472802121,59005.71000000001,0,0
TX13696,4809.24,E-commerce,9,3,10455.47,10630.81,Pune,Mobile,41,0,0,1,0.46,0,8.478502257904937,-175.34000000000015,0,0
TX11636,2076.16,E-commerce,9,1,93080.9,408.57,Hyderabad,Laptop,146,0,0,4,0.0223,0,7.638756855093051,92672.32999999999,0,0
TX13457,1374.2,UPI,11,0,45689.2,35385.32,Mumbai,Laptop,42,0,0,4,0.0301,0,7.226354454068639,10303.879999999997,0,0
TX13581,383.76,E-commerce,18,6,77712.93,46407.64,Mumbai,Tablet,193,0,0,1,0.0049,0,5.952619763284415,31305.289999999994,0,1
TX11291,684.43,E-commerce,15,0,31807.64,30720.53,Pune,Mobile,44,0,0,4,0.0215,0,6.530046378543905,1087.1100000000006,0,0
TXF20159,31781.66,Bank Transfer,1,0,206861.32,1906.68,Ahmedabad,Mobile,9,1,0,2,0.1536,1,10.366676137028549,204954.64,1,0
TX11853,1113.77,Bank Transfer,11,5,86009.98,24699.84,Delhi,Desktop,89,0,0,4,0.0129,0,7.016403384589075,61310.14,0,1
TX13763,579.64,UPI,10,2,35357.57,31320.79,Bengaluru,Desktop,17,0,0,1,0.0164,0,6.36413094346476,4036.779999999999,0,0
TX13304,678.39,Wallet,14,0,96603.27,25169.9,Kolkata,Mobile,86,0,0,2,0.007,0,6.521195336748569,71433.37,0,0
TXF20412,60523.14,Card,4,3,36566.66,3272.61,Kolkata,Mobile,7,1,1,6,1.6551,1,11.010797572700767,33294.05,1,0
TX13743,1479.19,UPI,9,6,13054.96,10685.06,Bengaluru,Mobile,66,0,0,2,0.1133,0,7.29992573689674,2369.8999999999996,0,1
TX13445,804.69,Wallet,14,1,90560.02,45096.91,Chennai,Mobile,77,0,0,1,0.0089,0,6.691699053138545,45463.11,0,0
TX11998,2507.66,Bank Transfer,13,1,58192.4,45091.4,Mumbai,Laptop,149,0,0,3,0.0431,0,7.827504025027583,13101.0,0,0
TX10663,904.15,UPI,14,6,12447.6,22408.07,Chennai,Tablet,125,0,0,4,0.0726,0,6.808100675821953,-9960.47,0,1
TXF20279,11527.87,UPI,11,1,23705.38,4012.74,Bengaluru,Desktop,30,0,0,14,0.4863,1,9.352609603256465,19692.64,0,0
TX13748,1782.11,Wallet,12,2,55366.21,41190.31,Chennai,Desktop,51,0,0,3,0.0322,0,7.486114309734695,14175.900000000001,0,0
TX14413,260.66,E-commerce,17,1,35456.1,20067.46,Pune,Tablet,111,0,0,1,0.0074,0,5.56704595108273,15388.64,0,0
TXF20244,36018.61,E-commerce,16,0,18009.31,1426.32,Pune,Mobile,15,1,1,4,2.0,1,10.491818791353175,16582.99,0,0
TX10709,1166.17,E-commerce,18,0,95367.88,33461.78,Delhi,Mobile,143,0,0,2,0.0122,0,7.062337294342276,61906.100000000006,0,0
TX11282,1678.41,Card,18,2,51924.33,36539.43,Ahmedabad,Desktop,118,0,0,3,0.0323,0,7.426197820239297,15384.900000000001,0,0
TX12675,380.74,UPI,12,5,41059.94,10815.75,Mumbai,Laptop,133,0,0,3,0.0093,0,5.944739748601746,30244.190000000002,0,1
TX14029,1029.81,Bank Transfer,19,2,24976.22,46764.58,Bengaluru,Mobile,28,0,0,1,0.0412,0,6.938100179934103,-21788.36,0,0
TX11306,1510.79,Card,12,5,17078.31,23923.07,Chennai,Mobile,22,0,0,4,0.0885,0,7.321049658204634,-6844.759999999998,0,1
TX12237,1289.26,Wallet,20,5,17780.24,48915.45,Delhi,Mobile,33,0,0,2,0.0725,0,7.162599027434764,-31135.209999999995,0,1
TX13302,365.79,Wallet,11,2,22152.2,389.61,Delhi,Laptop,30,0,0,2,0.0165,0,5.90478947719715,21762.59,0,0
TX12038,788.41,Wallet,12,6,58230.65,22148.5,Bengaluru,Laptop,121,0,0,3,0.0135,0,6.671285830997509,36082.15,0,1
TX11529,2015.61,Wallet,19,6,36508.9,32458.38,Bengaluru,Laptop,54,0,0,3,0.0552,0,7.6091731627884345,4050.5200000000004,0,1
TX11663,1467.3,UPI,8,4,99809.71,12155.9,Delhi,Desktop,85,0,0,1,0.0147,0,7.291860547968892,87653.81000000001,0,0
TXF20434,178508.21,UPI,0,5,89254.1,373.98,Bengaluru,Desktop,19,1,1,21,2.0,1,12.092395475509425,88880.12000000001,1,1
TXF20453,132052.65,UPI,1,3,108417.97,3750.77,Bengaluru,Mobile,14,1,1,15,1.218,1,11.79096355838833,104667.2,1,0
TX13627,840.93,Card,16,0,57406.24,6088.14,Bengaluru,Mobile,60,0,0,1,0.0146,0,6.735696875394464,51318.1,0,0
TX12693,8504.94,UPI,18,4,17738.34,33442.22,Bengaluru,Laptop,63,0,0,3,0.4795,0,9.048520021944356,-15703.880000000001,0,0
TX13060,688.39,Card,16,0,7817.88,48806.38,Chennai,Desktop,95,0,0,2,0.0881,0,6.5358071486105755,-40988.5,0,0
TX11597,1320.11,Wallet,20,6,34279.05,37833.99,Mumbai,Desktop,123,0,0,4,0.0385,0,7.186227571305361,-3554.939999999995,0,1
TX12729,2041.71,Card,8,0,66023.03,31473.2,Bengaluru,Desktop,96,0,0,4,0.0309,0,7.6220326366265185,34549.83,0,0
TX12625,1648.71,UPI,18,3,67435.25,44104.55,Chennai,Laptop,144,0,0,4,0.0244,0,7.408354793871696,23330.699999999997,0,0
TX13157,397.35,UPI,8,4,11742.85,5495.36,Lucknow,Mobile,191,0,0,4,0.0338,0,5.987331015826375,6247.490000000001,0,0
TX13314,1827.74,Wallet,16,5,90856.41,35045.29,Mumbai,Desktop,102,0,0,2,0.0201,0,7.511382484103389,55811.12,0,1
TX11722,2803.86,Wallet,14,5,90577.35,12234.68,Mumbai,Mobile,11,0,0,2,0.031,0,7.9391089058377675,78342.67000000001,0,1
TX11059,542.48,Bank Transfer,9,0,84360.5,8569.45,Mumbai,Laptop,151,0,0,2,0.0064,0,6.2979929073561225,75791.05,0,0
TXF20136,21310.12,Wallet,0,4,191836.59,2869.12,Bengaluru,Mobile,20,1,0,3,0.1111,1,9.966984281196316,188967.47,1,0
TX13242,1235.24,Wallet,9,3,42514.17,49540.99,Delhi,Mobile,195,0,0,1,0.0291,0,7.119829793925439,-7026.82,0,0
TX11678,1240.9,E-commerce,13,2,2718.74,20518.21,Mumbai,Mobile,128,0,0,2,0.4564,0,7.124397743953987,-17799.47,0,0
TX11757,2590.14,Wallet,14,4,70464.0,34165.29,Bengaluru,Tablet,180,0,0,1,0.0368,0,7.859853212294188,36298.71,0,0
TX14191,877.74,E-commerce,12,5,20216.45,10654.87,Mumbai,Tablet,199,0,0,2,0.0434,0,6.778489063259271,9561.58,0,1
TX10563,2803.94,Wallet,12,2,101278.58,46875.66,Hyderabad,Desktop,112,0,0,2,0.0277,0,7.939137427353688,54402.92,0,0
TX12790,2612.8,Bank Transfer,20,0,31862.03,4403.83,Delhi,Mobile,8,0,0,1,0.082,0,7.868560380162935,27458.199999999997,0,0
TX10863,948.63,Card,18,6,77168.92,18649.03,Hyderabad,Desktop,116,0,0,2,0.0123,0,6.856072435045802,58519.89,0,1
TX11484,796.38,Wallet,18,6,98931.51,19142.66,Mumbai,Mobile,32,0,0,4,0.008,0,6.681331353117785,79788.84999999999,0,1
TX10206,288.44,Card,20,6,77352.99,9433.48,Delhi,Desktop,43,0,0,1,0.0037,0,5.667948021646985,67919.51000000001,0,1
TX14488,2428.41,Bank Transfer,10,1,55136.81,1210.29,Jaipur,Laptop,124,0,0,2,0.044,0,7.795403708500392,53926.52,0,0
TX10870,791.85,E-commerce,9,4,95862.54,29122.95,Mumbai,Desktop,194,0,0,1,0.0083,0,6.675634048635577,66739.59,0,0
TX14493,1589.95,E-commerce,13,2,21267.93,15194.95,Jaipur,Tablet,70,0,0,4,0.0748,0,7.372086601068343,6072.98,0,0
TX10502,453.64,Wallet,18,4,60712.78,25832.4,Pune,Mobile,81,0,0,1,0.0075,0,6.119505896988866,34880.38,0,0
TX11028,1258.24,Wallet,12,4,34047.16,13548.64,Chennai,Desktop,28,0,0,1,0.037,0,7.138263643359366,20498.520000000004,0,0
TX13840,3985.01,Bank Transfer,20,4,68456.67,43070.4,Mumbai,Mobile,192,0,0,4,0.0582,0,8.290546009550326,25386.269999999997,0,0
TX12690,633.19,Card,10,1,15369.79,42908.67,Kolkata,Desktop,102,0,0,2,0.0412,0,6.45234859408337,-27538.879999999997,0,0
TX11570,1291.82,Card,19,2,56159.32,12562.23,Delhi,Mobile,52,0,0,3,0.023,0,7.1645811579441965,43597.09,0,0
TX12773,1900.35,E-commerce,18,2,99519.37,12915.9,Delhi,Mobile,16,0,0,4,0.0191,0,7.550319439166004,86603.47,0,0
TX12731,1125.24,UPI,9,5,88435.29,10860.42,Chennai,Laptop,151,0,0,3,0.0127,0,7.026639929859821,77574.87,0,1
TX10804,669.06,UPI,10,1,78960.53,32243.05,Bengaluru,Mobile,119,0,0,3,0.0085,0,6.507367260614255,46717.479999999996,0,0
TX13645,1922.65,UPI,20,3,93458.37,49460.29,Delhi,Mobile,185,0,0,2,0.0206,0,7.561979701995621,43998.079999999994,0,0
TX12454,521.49,E-commerce,16,3,12643.5,13730.67,Delhi,Mobile,23,0,0,2,0.0412,0,6.2586058448998365,-1087.17,0,0
TXF20098,31048.23,Bank Transfer,0,1,31327.55,3827.16,Jaipur,Mobile,9,1,0,5,0.9911,1,10.343329288342376,27500.39,1,0
TX13104,1034.54,UPI,15,3,10911.73,8667.53,Delhi,Desktop,58,0,0,4,0.0948,0,6.942678308771367,2244.199999999999,0,0
TXF20375,126547.05,Bank Transfer,23,0,84251.72,4902.96,Jaipur,Mobile,7,1,1,15,1.502,1,11.748377356925275,79348.76,1,0
TX10200,682.72,Card,10,4,18433.39,44848.59,Mumbai,Mobile,199,0,0,1,0.037,0,6.527548477088067,-26415.199999999997,0,0
TX13099,2714.18,E-commerce,10,3,27214.25,8490.24,Bengaluru,Tablet,101,0,0,4,0.0997,0,7.906613528512939,18724.010000000002,0,0
TX12278,1789.81,E-commerce,20,4,41132.27,20847.16,Mumbai,Desktop,181,0,0,3,0.0435,0,7.490423310447713,20285.109999999997,0,0
TX13561,3976.81,Wallet,16,4,96907.01,45546.52,Hyderabad,Laptop,180,0,0,2,0.041,0,8.288486695578422,51360.49,0,0
TX14474,662.36,Wallet,12,4,70737.01,31972.3,Bengaluru,Desktop,165,0,0,2,0.0094,0,6.4973178292474145,38764.70999999999,0,0
TXF20014,168627.14,UPI,10,3,97303.85,4179.03,Delhi,Mobile,10,0,0,3,1.733,1,12.035451214537574,93124.82,0,0
TX10391,635.5,Bank Transfer,16,2,40629.37,6722.52,Delhi,Desktop,72,0,0,4,0.0156,0,6.4559844179974615,33906.850000000006,0,0
TX11495,757.22,Wallet,10,5,80950.62,9089.92,Ahmedabad,Desktop,86,0,0,1,0.0094,0,6.630973580998645,71860.7,0,1
TX12695,617.86,UPI,12,6,14746.04,25387.83,Kolkata,Laptop,167,0,0,1,0.0419,0,6.427879075860082,-10641.79,0,1
TX12027,521.63,Card,13,0,82448.51,8666.74,Bengaluru,Tablet,174,0,0,2,0.0063,0,6.2588737567201775,73781.76999999999,0,0
TX12568,3553.99,E-commerce,20,1,61837.34,19467.84,Mumbai,Laptop,155,0,0,3,0.0575,0,8.176107529293864,42369.5,0,0
TX10064,2370.13,Card,15,5,68302.61,28458.6,Bengaluru,Tablet,193,0,0,2,0.0347,0,7.771121913748338,39844.01,0,1
TX13884,1334.62,UPI,19,3,94957.23,6934.56,Pune,Desktop,119,0,0,4,0.0141,0,7.197150882500658,88022.67,0,0
TX12062,327.66,Wallet,17,4,93706.44,17295.37,Mumbai,Laptop,111,0,0,2,0.0035,0,5.795023781753144,76411.07,0,0
TX10492,1255.75,Wallet,17,6,11375.06,22573.51,Hyderabad,Mobile,172,0,0,2,0.1104,0,7.136284302572685,-11198.449999999999,0,1
TX10379,1933.72,E-commerce,13,6,14105.88,6346.77,Pune,Laptop,32,0,0,2,0.1371,0,7.567717892151038,7759.109999999999,0,1
TXF20359,82757.08,Wallet,3,0,62191.92,2922.53,Delhi,Tablet,21,1,1,6,1.3307,1,11.323676931977024,59269.39,1,0
TX13993,722.03,Card,9,4,82896.93,13858.91,Mumbai,Desktop,119,0,0,4,0.0087,0,6.583450715073855,69038.01999999999,0,0
TXF20387,99627.75,UPI,0,3,101153.81,4779.06,Chennai,Mobile,30,1,1,6,0.9849,1,11.509206056538435,96374.75,1,0
TX11076,740.32,UPI,11,6,17905.68,7449.05,Delhi,Mobile,71,0,0,2,0.0413,0,6.608432380929109,10456.630000000001,0,1
TX10878,136.54,Wallet,19,2,81318.96,41807.71,Mumbai,Desktop,13,0,0,3,0.0017,0,4.92391478389169,39511.25000000001,0,0
TX10337,326.17,Bank Transfer,11,0,9929.11,43885.3,Chennai,Mobile,141,0,0,3,0.0328,0,5.790479913483513,-33956.19,0,0
TX11016,1522.05,Bank Transfer,14,1,63759.19,37138.43,Hyderabad,Desktop,33,0,0,4,0.0239,0,7.328470182297178,26620.760000000002,0,0
TX11275,3650.93,Card,9,3,35485.32,4922.58,Bengaluru,Tablet,132,0,0,1,0.1029,0,8.20301107395175,30562.739999999998,0,0
TX13798,1266.79,Bank Transfer,14,4,79473.74,18396.69,Ahmedabad,Mobile,55,0,0,3,0.0159,0,7.145030506139514,61077.05,0,0
TXF20051,144212.81,Wallet,12,1,222403.21,4605.15,Delhi,Tablet,3,1,1,4,0.6484,1,11.879052269011572,217798.06,0,0
TX13342,351.75,UPI,14,5,47995.69,20784.59,Bengaluru,Laptop,30,0,0,4,0.0073,0,5.865759590732924,27211.100000000002,0,1
TXF20411,74958.37,Wallet,4,0,43277.58,4287.77,Pune,Mobile,22,1,1,10,1.732,1,11.224701512394596,38989.81,1,0
TX10995,908.96,Card,13,1,43126.49,1004.39,Kolkata,Tablet,161,0,0,2,0.0211,0,6.813400642500844,42122.1,0,0
TX11981,1167.35,Card,13,6,53121.97,5941.51,Delhi,Mobile,182,0,0,2,0.022,0,7.0633477760340675,47180.46,0,1
TX14297,3827.18,UPI,13,1,26565.31,42375.75,Mumbai,Desktop,197,0,0,1,0.1441,0,8.250144773410922,-15810.439999999999,0,0
TX10161,978.57,Card,19,4,24228.53,33617.86,Kolkata,Desktop,130,0,0,4,0.0404,0,6.887113699864272,-9389.330000000002,0,0
TXF20298,15236.43,Wallet,8,4,32810.19,4665.07,Kolkata,Mobile,8,1,0,18,0.4644,1,9.631510179849524,28145.120000000003,0,0
TX11500,1090.47,Wallet,15,5,13853.59,15453.19,Bengaluru,Mobile,143,0,0,4,0.0787,0,6.995280690500045,-1599.6000000000004,0,1
TX13843,400.77,Bank Transfer,12,5,68855.73,31905.8,Bengaluru,Laptop,18,0,0,3,0.0058,0,5.9958797855813915,36949.92999999999,0,1
TX12613,975.08,E-commerce,12,2,17072.99,21377.66,Bengaluru,Tablet,81,0,0,4,0.0571,0,6.883544550267079,-4304.669999999998,0,0
TX13461,993.15,Wallet,8,4,44561.84,9963.78,Jaipur,Mobile,76,0,0,3,0.0223,0,6.90188810070409,34598.06,0,0
TX11021,2328.66,Card,8,3,49983.82,35848.22,Delhi,Desktop,156,0,0,1,0.0466,0,7.753477613165205,14135.599999999999,0,0
TX13073,1035.98,Wallet,13,0,77449.39,37998.38,Delhi,Desktop,94,0,0,2,0.0134,0,6.944067921640457,39451.01,0,0
TX13943,461.02,Card,10,4,66623.49,25930.64,Mumbai,Mobile,125,0,0,3,0.0069,0,6.135608180188042,40692.850000000006,0,0
TX11585,858.77,UPI,15,5,43696.58,28314.26,Chennai,Mobile,15,0,0,2,0.0197,0,6.756664911618136,15382.320000000003,0,1
TX11955,633.1,Bank Transfer,17,4,28969.91,28291.14,Delhi,Tablet,131,0,0,4,0.0219,0,6.452206670705986,678.7700000000004,0,0
TX13152,161.28,E-commerce,17,1,31520.93,22621.7,Mumbai,Mobile,16,0,0,1,0.0051,0,5.089323238338246,8899.23,0,0
TX10034,625.38,Wallet,14,0,23804.93,21412.68,Delhi,Desktop,192,0,0,4,0.0263,0,6.439957215686664,2392.25,0,0
TX14014,514.95,UPI,11,1,67506.76,9205.57,Mumbai,Desktop,64,0,0,3,0.0076,0,6.246009861561723,58301.189999999995,0,0
TX10775,2581.49,Bank Transfer,9,6,10807.6,20436.4,Kolkata,Desktop,64,0,0,4,0.2389,0,7.8565093287694525,-9628.800000000001,0,1
TX12556,939.51,Wallet,19,6,95065.61,24369.97,Delhi,Tablet,79,0,0,2,0.0099,0,6.84642228132677,70695.64,0,1
TX11478,1851.92,Wallet,12,1,66582.59,7873.09,Hyderabad,Mobile,36,0,0,4,0.0278,0,7.524518052120773,58709.5,0,0
TX11363,1604.14,Card,14,3,70963.17,7085.37,Bengaluru,Mobile,70,0,0,4,0.0226,0,7.380966259174357,63877.799999999996,0,0
TX12612,2843.73,Card,8,5,48349.92,21277.01,Hyderabad,Desktop,86,0,0,2,0.0588,0,7.953223438717633,27072.91,0,1
TX12824,974.85,Bank Transfer,14,2,3809.02,16537.89,Jaipur,Mobile,105,0,0,4,0.2559,0,6.883308886077211,-12728.869999999999,0,0
TX12041,1531.45,Card,16,3,17153.48,6602.87,Lucknow,Mobile,165,0,0,3,0.0893,0,7.3346230408507065,10550.61,0,0
TX10241,1216.07,Wallet,15,1,94461.84,28300.15,Delhi,Mobile,182,0,0,4,0.0129,0,7.104201609821488,66161.69,0,0
TX12061,1275.1,Card,20,6,97448.7,40382.36,Jaipur,Mobile,187,0,0,1,0.0131,0,7.1515638307399305,57066.34,0,1
TX12363,2638.0,Card,15,2,10337.55,44067.15,Chennai,Laptop,30,0,0,1,0.2552,0,7.878155336503324,-33729.600000000006,0,0
TX10600,1072.76,Bank Transfer,8,6,45039.4,36502.46,Pune,Mobile,154,0,0,3,0.0238,0,6.978921786409929,8536.940000000002,0,1
TX12435,1633.09,Bank Transfer,11,3,61507.03,16926.38,Delhi,Laptop,34,0,0,2,0.0266,0,7.398841353462489,44580.649999999994,0,0
TX12888,591.09,UPI,14,2,60610.24,13293.77,Pune,Desktop,152,0,0,4,0.0098,0,6.383658650356096,47316.47,0,0
TX10646,1254.85,Wallet,10,1,72424.01,15786.07,Pune,Desktop,9,0,0,3,0.0173,0,7.135567913144609,56637.939999999995,0,0
TX13890,1210.54,UPI,20,6,72542.81,3015.71,Kolkata,Tablet,89,0,0,4,0.0167,0,7.099647556632706,69527.09999999999,0,1
TX13556,922.6,UPI,18,5,21970.66,48494.06,Mumbai,Desktop,74,0,0,2,0.042,0,6.828279077480341,-26523.399999999998,0,1
TX13202,213.64,Bank Transfer,18,1,69740.9,38002.14,Chennai,Desktop,27,0,0,1,0.0031,0,5.368962206117368,31738.759999999995,0,0
TX11528,2230.55,Card,12,5,99783.88,28720.81,Jaipur,Mobile,146,0,0,3,0.0224,0,7.710451690271363,71063.07,0,1
TX11267,5182.14,E-commerce,19,3,15076.82,41592.76,Pune,Desktop,31,0,0,4,0.3437,0,8.553166329208274,-26515.940000000002,0,0
TX11899,413.46,UPI,17,4,50316.74,6253.59,Hyderabad,Desktop,147,0,0,1,0.0082,0,6.026976468109342,44063.149999999994,0,0
TXF20158,22102.54,UPI,3,5,85785.45,60.69,Kolkata,Desktop,3,1,0,5,0.2576,1,10.003493055673713,85724.76,1,1
TX13005,1098.21,E-commerce,11,0,3086.85,13300.86,Chennai,Mobile,62,0,0,2,0.3558,0,7.002347018952176,-10214.01,0,0
TX12734,702.45,UPI,10,2,62416.33,41419.36,Mumbai,Desktop,170,0,0,2,0.0113,0,6.555996800823222,20996.97,0,0
TX10189,1406.7,Wallet,18,4,12570.32,22425.88,Pune,Mobile,60,0,0,1,0.1119,0,7.24971244583392,-9855.560000000001,0,0
TX11806,898.84,Bank Transfer,20,3,96149.11,26699.46,Bengaluru,Desktop,34,0,0,4,0.0093,0,6.802216969742191,69449.65,0,0
TX10975,185.78,Wallet,16,2,10891.29,19697.26,Delhi,Tablet,44,0,0,3,0.0171,0,5.229931453681572,-8805.969999999998,0,0
TX12747,1508.99,Bank Transfer,18,2,28336.4,26023.14,Mumbai,Mobile,16,0,0,3,0.0533,0,7.319858307270485,2313.260000000002,0,0
TX12047,2052.24,Bank Transfer,11,5,39631.62,17650.32,Pune,Mobile,103,0,0,4,0.0518,0,7.627174312280912,21981.300000000003,0,1
TX12558,1305.98,E-commerce,15,0,19695.86,23441.14,Bengaluru,Mobile,49,0,0,4,0.0663,0,7.17547441128832,-3745.279999999999,0,0
TX11082,1765.21,Wallet,18,5,16883.94,17197.99,Delhi,Laptop,32,0,0,3,0.1045,0,7.476591286891621,-314.0500000000029,0,1
TX10474,639.83,Wallet,11,2,63213.83,22643.21,Delhi,Tablet,49,0,0,2,0.0101,0,6.462764211137693,40570.62,0,0
TX12904,181.91,Bank Transfer,8,2,46952.92,34525.81,Mumbai,Mobile,95,0,0,3,0.0039,0,5.208994228587835,12427.11,0,0
TXF20343,101438.35,Card,0,2,213417.72,1406.69,Ahmedabad,Laptop,15,1,1,12,0.4753,1,11.527216361921816,212011.03,1,0
TX14117,322.83,E-commerce,8,4,25752.0,16758.72,Mumbai,Mobile,103,0,0,2,0.0125,0,5.780218686735625,8993.279999999999,0,0
TX13385,1725.52,Bank Transfer,14,4,61863.75,46863.53,Kolkata,Desktop,190,0,0,2,0.0279,0,7.453863100892693,15000.220000000001,0,0
TXF20055,171299.72,E-commerce,12,6,211753.19,1834.34,Chennai,Mobile,13,1,1,3,0.809,1,12.051175887455742,209918.85,0,1
TX11184,703.14,UPI,11,3,40531.44,9170.77,Chennai,Desktop,186,0,0,3,0.0173,0,6.556977200023654,31360.670000000002,0,0
TX12433,517.29,Bank Transfer,11,4,18773.13,4071.45,Delhi,Tablet,135,0,0,2,0.0276,0,6.250534931164268,14701.68,0,0
TX12391,694.4,E-commerce,16,1,46516.82,1638.15,Mumbai,Mobile,36,0,0,2,0.0149,0,6.544487219573761,44878.67,0,0
TX10769,2186.19,UPI,20,4,3568.09,49891.26,Mumbai,Mobile,163,0,0,2,0.6127,0,7.690372893903637,-46323.17,0,0
TX11685,1640.25,E-commerce,10,4,59781.93,44461.13,Delhi,Mobile,91,0,0,3,0.0274,0,7.403213425617006,15320.800000000003,0,0
TX10130,1334.05,Wallet,9,6,9073.97,41110.82,Delhi,Tablet,73,0,0,1,0.147,0,7.196724023316517,-32036.85,0,1
TX12919,1595.32,Card,8,1,54774.18,19834.9,Mumbai,Desktop,16,0,0,4,0.0291,0,7.375456259165197,34939.28,0,0
TX13171,701.32,Card,13,2,26081.97,20910.73,Delhi,Mobile,119,0,0,3,0.0269,0,6.554389140617953,5171.240000000002,0,0
TX13444,2404.07,Wallet,20,5,58004.58,35921.61,Hyderabad,Mobile,175,0,0,1,0.0414,0,7.785334288145395,22082.97,0,1
TX14426,657.74,UPI,17,4,87727.52,37338.68,Delhi,Desktop,133,0,0,3,0.0075,0,6.490328919474696,50388.840000000004,0,0
TX10466,677.84,Wallet,8,3,57625.41,12902.48,Mumbai,Mobile,52,0,0,3,0.0118,0,6.520385459143065,44722.93000000001,0,0
TX13092,883.33,Wallet,14,2,7038.97,48926.87,Mumbai,Mobile,60,0,0,3,0.1255,0,6.784830296144773,-41887.9,0,0
TX13772,1190.9,E-commerce,19,2,89489.36,47832.54,Delhi,Tablet,55,0,0,1,0.0133,0,7.083303951488663,41656.82,0,0
TX10860,773.27,Wallet,19,6,49121.84,33155.46,Pune,Desktop,108,0,0,4,0.0157,0,6.651920649969476,15966.379999999997,0,1
